Test_ID,Applied_Voltage_kV,Load_Current_A,Ambient_Temperature_C,Test_Duration_min,Sensor_S1,Sensor_S2,Sensor_S3,Sensor_S4,Reference_Parameter,Validity_Label,feat_missing_count,feat_missing_S1,feat_missing_S2,feat_missing_S3,feat_missing_S4,feat_power_input,feat_energy_input,feat_i2t,feat_i2t_per_volt,feat_volt_x_dur,feat_curr_x_dur,feat_curr_per_volt,feat_s_mean,feat_s_std,feat_s_max,feat_s_min,feat_s_range,feat_s_median,feat_s1_s2_gap,feat_s1_s3_gap,feat_s2_s3_gap,feat_abs_s1_s2_gap,feat_abs_s1_s3_gap,feat_abs_s2_s3_gap,feat_s_consistency,feat_s_cv,feat_s1_dev,feat_s2_dev,feat_s3_dev,feat_s4_minus_smean,feat_s4_abs_dev,feat_s4_ratio,feat_temp_per_power,feat_temp_per_energy,feat_temp_per_i2t,feat_smean_abs,feat_smax_abs
TRN-0889,16.7196,93.1228,33.3421,19.9546,13.6343,15.1361,16.5062,62.9115,34.8501,Valid,0,0,0,0,0,1556.97596688,31068.832628703647,173043.41533985524,10349.733545666266,333.63293016,1858.22822488,5.569678367324674,15.0922,1.1728591305011868,16.5062,13.6343,2.8719,15.1361,-1.5018000000000011,-2.8719,-1.370099999999999,1.5018000000000011,2.8719,1.370099999999999,0.19029033604840012,0.07771292805477391,-1.4579000000000004,0.043900000000000716,1.4139999999999997,47.8193,47.8193,4.168477480521231,0.00969327742453838,0.0004857665616174765,8.721626286832052e-05,48.4343,49.8483
TRN-0820,21.4477,82.523,34.4915,47.0553,15.6466,15.9849,19.3289,39.8667,30.4762,Valid,0,0,0,0,0,1769.9285471,83284.51876235464,320448.7353807537,14940.936344681124,1009.2279578100001,3883.1445219,3.8476384951468687,16.9868,1.6618636185519762,19.3289,15.6466,3.6823000000000015,15.9849,-0.33830000000000027,-3.6823000000000015,-3.344000000000001,0.33830000000000027,3.6823000000000015,3.344000000000001,0.21677418838308646,0.09783264185834498,-1.3401999999999994,-1.0018999999999991,2.342100000000002,22.879900000000003,22.879900000000003,2.3469221779898404,0.009597449579665322,0.00020396107526617814,5.3009414999761064e-05,51.478300000000004,53.82040000000001
TRN-0411,19.2432,107.3619,29.4673,5.2763,15.108,16.6481,18.3834,44.539,46.8046,Valid,0,0,0,0,0,2065.9865140800002,10900.764644240306,60817.68124108585,3160.4763282930858,101.53289616,566.47359297,5.579212107174892,16.713166666666666,1.3379677483241355,18.3834,15.108,3.275400000000001,16.6481,-1.540099999999999,-3.275400000000001,-1.7353000000000023,1.540099999999999,3.275400000000001,1.7353000000000023,0.19597721182038846,0.08005470746234573,-1.6051666666666655,-0.0650666666666666,1.6702333333333357,27.825833333333335,27.825833333333335,2.6649047558369294,0.00808967848757691,0.0015332104866573996,0.00027480769285069605,46.18046666666667,47.8507
TRN-0754,22.7191,69.969,26.9695,20.3051,14.9296,14.7026,18.6269,44.2673,23.7153,Valid,0,0,0,0,0,1589.6327079,32277.65109718029,99406.88537920109,4375.476185400165,461.31359741,1420.7275418999998,3.079743340196427,16.086366666666667,1.798817104531629,18.6269,14.7026,3.924299999999999,14.9296,0.2270000000000003,-3.6972999999999985,-3.924299999999999,0.2270000000000003,3.6972999999999985,3.924299999999999,0.24395190271149456,0.11182245375747839,-1.156766666666666,-1.3837666666666664,2.5405333333333324,28.180933333333332,28.180933333333332,2.7518518112531014,0.010119549362945714,0.0004983747614637784,0.00016182346529761203,43.05586666666667,45.5964
TRN-0707,13.5008,108.8999,35.5415,29.1939,12.6845,15.2455,14.6132,44.072,48.5994,Valid,0,0,0,0,0,1470.23576992,42921.916043467485,346215.95497614995,25644.104744314798,394.14100512,3179.21279061,8.066180665873084,14.181066666666666,1.089261114497142,15.2455,12.6845,2.561,14.6132,-2.561,-1.928700000000001,0.632299999999999,2.561,1.928700000000001,0.632299999999999,0.1805928904788857,0.07681093836520551,-1.4965666666666664,1.0644333333333336,0.4321333333333346,29.890933333333336,29.890933333333336,3.1078054936296176,0.009645437110942325,0.0003303922092381653,4.096017662618295e-05,49.722566666666665,50.787
TRN-0140,13.4841,75.9719,25.2769,59.8003,11.3356,12.4198,13.764,49.4543,22.9154,Valid,1,0,0,0,1,1024.4126967900002,61260.186591851045,345151.1609775549,25596.898226849156,806.35322523,4543.14241157,5.634183546978773,12.506466666666668,0.9932824282258405,13.764,11.3356,2.4284,12.4198,-1.084200000000001,-2.4284,-1.344199999999999,1.084200000000001,2.4284,1.344199999999999,0.19417153305984106,0.07942150051474756,-1.1708666666666687,-0.08666666666666778,1.2575333333333312,36.947833333333335,36.947833333333335,3.954297993494193,0.01220842605099223,0.00020415325780490115,3.623475184382684e-05,37.783366666666666,39.0409
TRN-0881,21.5217,69.0397,30.813,17.2425,14.6484,14.5557,18.4782,54.8324,24.2957,Valid,0,0,0,0,0,1485.8517114899998,25619.798135366324,82186.03443623181,3818.75180015891,371.08791225,1190.4170272499998,3.207910936036143,15.8941,1.827626499041859,18.4782,14.5557,3.922500000000001,14.6484,0.09270000000000067,-3.8298000000000005,-3.922500000000001,0.09270000000000067,3.8298000000000005,3.922500000000001,0.2467896737286369,0.11498772400161915,-1.2456999999999994,-1.3384,2.584100000000001,38.9383,38.9383,3.4498585355661198,0.010696962466977654,0.0006203834985506358,0.00019339173752371336,46.7071,49.2912
TRN-0381,27.5517,31.9359,38.4775,36.8148,15.6381,13.8904,20.6009,46.5897,20.8262,Valid,0,0,0,0,0,879.88833603,32392.91311327724,37547.47742949839,1362.8007007443346,1014.3103251599999,1175.71377132,1.1591262550359414,16.7098,2.842429504256291,20.6009,13.8904,6.7105,15.6381,1.7477,-4.9628,-6.7105,1.7477,4.9628,6.7105,0.40159065927834803,0.17010552694531136,-1.0717000000000017,-2.8194000000000017,3.891099999999998,29.8799,29.8799,2.788166058949475,0.018990818830947043,0.0005158473997398871,0.00044503122828771623,55.1873,59.0784
TRN-0095,27.0232,98.1134,49.9673,29.2064,18.5386,19.0188,22.7145,43.2755,51.1599,Valid,0,0,0,0,0,2651.3380308799997,77436.03906509362,281147.7943104131,10403.94120261375,789.25038848,2865.5392057599997,3.6307097741677605,20.090633333333333,1.8656822207677524,22.7145,18.5386,4.175900000000002,19.0188,-0.48019999999999996,-4.175900000000002,-3.695700000000002,0.48019999999999996,4.175900000000002,3.695700000000002,0.20785306878397394,0.0928632809603383,-1.552033333333334,-1.071833333333334,2.623866666666668,23.184866666666668,23.184866666666668,2.1540136205754115,0.007577545032644348,0.00025944810162856436,7.145933114125718e-05,70.05793333333334,72.68180000000001
TRN-0135,23.8796,37.0768,27.7869,13.8211,4.7556,12.2665,17.5003,34.8471,18.4965,Invalid,0,0,0,0,0,885.37915328,12236.913815398208,18999.71549568486,795.6462712959425,330.04233955999996,512.44216048,1.5526557583604514,11.507466666666668,5.230611387039016,17.5003,4.7556,12.744699999999998,12.2665,-7.5109,-12.744699999999998,-5.233799999999999,7.5109,12.744699999999998,5.233799999999999,1.1075156037081195,0.4545406112406789,-6.751866666666667,0.759033333333333,5.992833333333332,23.33963333333333,23.33963333333333,3.028216199202587,0.012997218887567627,0.0009403896145158727,0.0006056652094961386,39.29436666666667,45.2872
TRN-0633,27.3166,35.2106,18.0,41.4065,15.4562,13.3195,20.1433,61.2734,18.9191,Valid,0,0,0,0,0,961.83387596,39826.17438493774,51335.213598994334,1879.26798063179,1131.0847979,1457.9477089,1.2889817441049858,16.30633333333333,2.849924750273632,20.1433,13.3195,6.8238,15.4562,2.136700000000001,-4.687099999999999,-6.8238,2.136700000000001,4.687099999999999,6.8238,0.41847541332761834,0.17477409036363428,-0.8501333333333303,-2.9868333333333315,3.836966666666669,44.96706666666667,44.96706666666667,3.757644038657125,0.016953378045771895,0.000409437601897584,0.00031764420930226986,34.30633333333333,38.143299999999996
TRN-0138,17.7127,48.0925,30.733,23.2218,11.7089,11.4861,14.8118,65.0676,17.5449,Valid,0,0,0,0,0,851.8480247500001,19781.444461139556,53709.435475526254,3032.255525316339,411.3207768600001,1116.7944165000001,2.715142089283842,12.668933333333333,1.5179631359892183,14.8118,11.4861,3.3256999999999994,11.7089,0.22279999999999944,-3.1029,-3.3256999999999994,0.22279999999999944,3.1029,3.3256999999999994,0.2625082672699411,0.11981774441716803,-0.9600333333333335,-1.182833333333333,2.1428666666666665,52.398666666666664,52.398666666666664,5.135996310976222,0.014872292886021671,0.000640445310127927,0.00023587910058876525,43.40193333333333,45.5448
TRN-0591,10.2728,88.373,37.5953,58.4948,10.6857,12.8873,12.4997,83.903,31.5651,Valid,0,0,0,0,0,907.8381544,53103.81127399712,456831.93615342927,44470.04630513424,600.90538144,5169.3609604,8.602619675003927,12.024233333333333,0.9596221663874912,12.8873,10.6857,2.201599999999999,12.4997,-2.201599999999999,-1.814,0.38759999999999906,2.201599999999999,1.814,0.38759999999999906,0.18309689739634974,0.07980734072416125,-1.3385333333333325,0.8630666666666666,0.4754666666666676,71.87876666666668,71.87876666666668,6.977824755743978,0.013244908535525663,0.00022642882016633533,2.6320912313075707e-05,49.61953333333334,50.482600000000005
TRN-0262,30.7232,28.9017,38.9336,45.1598,17.0465,14.7144,22.609,53.4406,22.15,Valid,0,0,0,0,0,887.95270944,40099.76676776851,37722.35409045983,1227.8132766979531,1387.4535673599999,1305.19499166,0.9407125253647887,18.1233,3.3116764103195035,22.609,14.7144,7.894600000000002,17.0465,2.3321000000000023,-5.5625,-7.894600000000002,2.3321000000000023,5.5625,7.894600000000002,0.4356049706397307,0.18273031002020565,-1.0767999999999986,-3.408900000000001,4.485700000000001,35.3173,35.3173,2.948723303773413,0.020410208547051462,0.0004519552471341364,0.00048043926304437706,57.0569,61.5426
TRN-0729,27.8122,59.7061,25.295,56.0876,17.8995,16.2175,22.741,53.7565,22.7879,Valid,0,0,0,0,0,1660.55799442,93136.7125678312,199942.1072136036,7189.006983431609,1559.9195487200002,3348.77185436,2.1467592586433555,18.95266666666667,2.7653671345571618,22.741,16.2175,6.5234999999999985,17.8995,1.6819999999999986,-4.8415,-6.5234999999999985,1.6819999999999986,4.8415,6.5234999999999985,0.3441995667698704,0.14590912388659666,-1.0531666666666695,-2.735166666666668,3.7883333333333304,34.80383333333333,34.80383333333333,2.8363553324234756,0.011413432544325575,0.00020349297440211888,9.47907718423925e-05,44.247666666666674,48.036
TRN-0307,30.2039,105.7357,25.4332,14.8461,20.5299,20.3649,25.1377,39.4088,47.2164,Valid,0,0,0,0,0,3193.63050923,47412.9579030795,165979.96592998397,5495.315520004649,448.41011979,1569.76277577,3.500729922270636,22.010833333333334,2.212054491995067,25.1377,20.3649,4.7728,20.5299,0.1650000000000027,-4.6077999999999975,-4.7728,0.1650000000000027,4.6077999999999975,4.7728,0.21683866807229765,0.10049843901851185,-1.4809333333333328,-1.6459333333333355,3.1268666666666647,17.397966666666665,17.397966666666665,1.7904273596898181,0.006892103912092245,0.0004642366624301978,0.0001326113860180309,47.44403333333334,50.570899999999995
TRN-0091,13.8779,70.3753,33.7208,28.7584,10.7783,12.0405,12.8023,60.3125,23.2446,Valid,0,0,0,0,0,976.6613758699999,28087.218511819807,142431.23447602824,10263.168362134033,399.10619936000006,2023.88102752,5.071033436540583,11.8737,0.8346698668735245,12.8023,10.7783,2.024000000000001,12.0405,-1.2622,-2.024000000000001,-0.7618000000000009,1.2622,2.024000000000001,0.7618000000000009,0.1704607518750894,0.07029567839661152,-1.0953999999999997,0.16680000000000028,0.9286000000000012,48.4388,48.4388,5.079503012582177,0.01215743786045147,0.0004227438895232899,8.336443929308937e-05,45.5945,46.5231
TRN-0542,29.8252,29.6371,52.0927,40.8807,16.4051,14.7736,21.9869,50.5573,29.9678,Valid,0,0,0,0,0,883.93243492,36135.77669223404,35907.87747962829,1203.944190673796,1219.27505364,1211.58539397,0.9936932193684127,17.721866666666667,3.0885088163851635,21.9869,14.7736,7.2132999999999985,16.4051,1.6315000000000008,-5.581799999999998,-7.2132999999999985,1.6315000000000008,5.581799999999998,7.2132999999999985,0.4070282058119419,0.17427671137587755,-1.3167666666666662,-2.948266666666667,4.2650333333333315,32.83543333333333,32.83543333333333,2.8528200836920816,0.020048892818625538,0.0004904244017532038,0.0004935370149969829,69.81456666666666,74.0796
TRN-0937,18.9717,104.0403,31.8576,48.305,15.2581,16.7679,18.2016,48.5457,45.3832,Valid,0,0,0,0,0,1973.8213595099999,95345.44077113054,522871.87028366746,27560.621490063935,916.4279684999999,5025.6666915,5.4839732083064145,16.742533333333334,1.2018127040248636,18.2016,15.2581,2.9434999999999985,16.7679,-1.5098000000000003,-2.9434999999999985,-1.4336999999999982,1.5098000000000003,2.9434999999999985,1.4336999999999982,0.1758097036802651,0.07178200624215714,-1.4844333333333335,0.02536666666666676,1.459066666666665,31.803166666666662,31.803166666666662,2.899543105809767,0.008482294126661677,0.00017559867779464054,3.202033669208134e-05,48.60013333333333,50.059200000000004
TRN-0092,22.8334,18.3011,31.7408,26.9067,12.3229,10.8597,16.5175,28.9254,17.4823,Valid,0,0,0,0,0,417.87633674000006,11243.67322976216,9011.86805929911,394.6791833288045,614.37144378,492.4222073700001,0.8015056539321497,13.233366666666667,2.3978305991504527,16.5175,10.8597,5.657799999999998,12.3229,1.4632000000000005,-4.194599999999998,-5.657799999999998,1.4632000000000005,4.194599999999998,5.657799999999998,0.4275404524769116,0.1811957968333573,-0.9104666666666663,-2.373666666666667,3.2841333333333314,15.692033333333333,15.692033333333333,2.1857928177163672,0.03166814071894251,0.001176961158072506,0.0014684376844091792,44.97416666666667,48.2583
TRN-0268,31.5596,18.2128,38.845,24.4453,16.4547,13.878,22.1,70.4553,20.7222,Valid,0,0,0,0,0,574.78868288,14050.881789606465,8108.654731293954,256.93147170314205,771.48388988,445.21735984000003,0.5770922135549179,17.477566666666664,3.433658220550724,22.1,13.878,8.222000000000001,16.4547,2.576699999999999,-5.645300000000002,-8.222000000000001,2.576699999999999,5.645300000000002,8.222000000000001,0.4704315930460424,0.19646087407799998,-1.0228666666666655,-3.5995666666666644,4.622433333333337,52.97773333333333,52.97773333333333,4.031184507119535,0.030406942858874197,0.00124387685606686,0.0021554212435583907,56.32256666666666,60.945
TRN-0782,16.2048,93.1196,42.8621,12.8741,13.1151,14.8764,15.7166,32.2974,36.8118,Valid,0,0,0,0,0,1508.9844940799999,19426.817275235328,111634.66713214626,6888.987228670458,208.62221567999998,1198.83104236,5.746420458973857,14.569366666666667,1.0840211139805145,15.7166,13.1151,2.6014999999999997,14.8764,-1.7613000000000003,-2.6014999999999997,-0.8401999999999994,1.7613000000000003,2.6014999999999997,0.8401999999999994,0.17855956823383526,0.07440412918267222,-1.4542666666666673,0.30703333333333305,1.1472333333333324,17.728033333333336,17.728033333333336,2.216801767855265,0.009655080429368005,0.0007499615845200366,0.00013050933944461747,57.431466666666665,58.5787
TRN-0919,22.6926,50.8001,43.6073,31.9818,14.0837,13.6443,18.1982,49.2786,21.2594,Valid,0,0,0,0,0,1152.78634926,36868.182464763464,82533.83728740782,3637.0373447895117,725.7501946799999,1624.67863818,2.238619539470156,15.308733333333334,2.051021095833867,18.1982,13.6443,4.5539000000000005,14.0837,0.4394000000000009,-4.1145,-4.5539000000000005,0.4394000000000009,4.1145,4.5539000000000005,0.29747070534004305,0.13397718264454828,-1.225033333333334,-1.664433333333335,2.8894666666666655,33.96986666666666,33.96986666666666,3.21898590223102,0.013279766306983591,0.0004152288588554462,0.00018548432783802607,58.91603333333334,61.8055
TRN-0053,26.4931,101.8024,42.852,30.4912,18.56,19.2644,22.9828,68.2684,48.1264,Valid,0,0,0,0,0,2697.06116344,82236.63134668174,316002.5228835973,11927.728765447175,807.8064107199999,3104.0773388800003,3.842600381133187,20.269066666666664,1.9403275141640977,22.9828,18.56,4.422800000000002,19.2644,-0.7043999999999997,-4.422800000000002,-3.7184000000000026,0.7043999999999997,4.422800000000002,3.7184000000000026,0.2182044123950251,0.09572850345529449,-1.709066666666665,-1.0046666666666653,2.7137333333333373,47.99933333333334,47.99933333333334,3.3681075579154665,0.007515241750505572,0.0002464724823293489,6.414210393525508e-05,63.121066666666664,65.8348
TRN-0408,31.1979,55.0224,21.7758,25.6304,18.3841,16.3698,23.7608,30.0802,22.1385,Valid,0,0,0,0,0,1716.58333296,43996.717457097984,77595.1261659095,2487.1906018904765,799.6146561600001,1410.24612096,1.7636571127012677,19.504900000000003,3.1197077566122537,23.7608,16.3698,7.390999999999998,18.3841,2.0142999999999986,-5.3767,-7.390999999999998,2.0142999999999986,5.3767,7.390999999999998,0.3789304031843072,0.15994481369642702,-1.1208000000000027,-3.1351000000000013,4.255899999999997,10.575299999999999,10.575299999999999,1.5421867560363416,0.011362629249699163,0.0004433262553865812,0.0002513675918000876,41.2807,45.5366
TRN-0501,14.229,84.784,39.199,37.0993,11.9475,13.5096,14.4506,42.1564,30.3824,Valid,0,0,0,0,0,1206.391536,44756.2815115248,266681.88710894086,18742.137069843546,527.8859397,3145.4270512000003,5.958534966720434,13.302566666666666,1.0323192346470262,14.4506,11.9475,2.5031,13.5096,-1.562100000000001,-2.5031,-0.940999999999999,1.562100000000001,2.5031,0.940999999999999,0.1881666805027591,0.07760300571398658,-1.3550666666666658,0.20703333333333518,1.1480333333333341,28.853833333333334,28.853833333333334,3.1690423274925146,0.01102674070455342,0.00029722233878933874,4.988177791460812e-05,52.50156666666666,53.6496
TRN-0311,20.0873,84.2981,33.9545,11.1637,14.4518,15.2547,17.5092,45.2027,29.9962,Valid,0,0,0,0,0,1693.32122413,18903.730149820083,79331.14627364297,3949.3183416549077,224.24859100999998,941.0786989700001,4.196586689271993,15.738566666666665,1.2942227792085186,17.5092,14.4518,3.0573999999999995,15.2547,-0.8028999999999993,-3.0573999999999995,-2.2545,0.8028999999999993,3.0573999999999995,2.2545,0.19426164214901132,0.08223256439972007,-1.286766666666665,-0.4838666666666658,1.7706333333333344,29.464133333333336,29.464133333333336,2.8720974460551822,0.009294495594277087,0.0008325640781527921,0.00019839076334760168,49.69306666666667,51.4637
TRN-0562,30.7015,55.1126,37.3272,53.9099,18.3063,16.9658,23.7367,31.425,23.8068,Valid,0,0,0,0,0,1692.0394889,91217.67964265011,163745.85903208374,5333.4805693077915,1655.11479485,2971.11475474,1.7951109295926606,19.6696,2.9274803580325965,23.7367,16.9658,6.7708999999999975,18.3063,1.3404999999999987,-5.430399999999999,-6.7708999999999975,1.3404999999999987,5.430399999999999,6.7708999999999975,0.3442316903123758,0.14883272711188175,-1.3632999999999988,-2.7037999999999975,4.0671,11.755400000000002,11.755400000000002,1.5976429821835227,0.01162478778858907,0.00021563363677788147,0.0001201227323618968,56.99679999999999,61.0639
TRN-0126,27.1839,35.792,32.8674,28.726,15.6886,13.7668,20.7464,46.0688,20.623,Valid,0,0,0,0,0,972.9661488,27949.4255904288,36799.938225664,1353.740150306757,780.8847114,1028.160992,1.3166616520564873,16.733933333333333,2.9437216097239154,20.7464,13.7668,6.979600000000001,15.6886,1.9217999999999993,-5.057800000000002,-6.979600000000001,1.9217999999999993,5.057800000000002,6.979600000000001,0.4170925892840941,0.17591329995003857,-1.0453333333333337,-2.967133333333333,4.012466666666668,29.33486666666667,29.33486666666667,2.753016659580932,0.01719888542553419,0.0005987219049848773,0.00045472721259103867,49.601333333333336,53.613800000000005
TRN-0676,28.9435,99.9672,33.2564,54.1579,20.242,19.9359,25.0693,38.6309,45.2288,Valid,0,0,0,0,0,2893.4006532000003,156700.5032359403,541223.7824412351,18699.319838371837,1567.51917865,5414.01362088,3.4538738074568105,21.749066666666664,2.3510829197532677,25.0693,19.9359,5.133399999999998,20.242,0.3061000000000007,-4.8272999999999975,-5.133399999999998,0.3061000000000007,4.8272999999999975,5.133399999999998,0.2360285083791254,0.10810040024642595,-1.5070666666666632,-1.813166666666664,3.3202333333333343,16.881833333333333,16.881833333333333,1.7762094721516262,0.0075167836279763645,0.00013879385335336674,4.018497961882882e-05,55.00546666666666,58.3257
TRN-0360,31.1338,64.9587,39.5961,9.0647,18.6229,17.3282,24.1833,48.479,28.4009,Valid,0,0,0,0,0,2022.41117406,18332.55056950168,38249.704587268134,1228.5587804479167,282.21855686000004,588.83112789,2.086436538860128,20.0448,2.973712462002112,24.1833,17.3282,6.8551,18.6229,1.2947000000000024,-5.560399999999998,-6.8551,1.2947000000000024,5.560399999999998,6.8551,0.34198892770250006,0.14835330428085128,-1.4218999999999973,-2.7165999999999997,4.1385000000000005,28.4342,28.4342,2.41853236657226,0.009911337638551823,0.0010933994112228684,0.0005240511061658786,59.6409,63.779399999999995
TRN-0367,24.0314,97.8945,45.1767,31.2893,17.3437,18.1727,21.6014,52.8876,45.131,Valid,0,0,0,0,0,2352.5418873,73609.38887429588,299855.7853123313,12477.665588965507,751.9256840200001,3063.05037885,4.073607693533972,19.039266666666666,1.843041989634409,21.6014,17.3437,4.257700000000003,18.1727,-0.8290000000000006,-4.257700000000003,-3.4287000000000027,0.8290000000000006,4.257700000000003,3.4287000000000027,0.223627298830104,0.09680214711520377,-1.695566666666668,-0.8665666666666674,2.5621333333333354,33.84833333333333,33.84833333333333,2.777816926887051,0.008093061705449536,0.0002586526930541663,6.349474513813957e-05,64.21596666666666,66.7781
TRN-0405,24.6143,33.6779,42.1612,26.794,14.0177,13.065,18.7117,49.4543,20.1763,Valid,1,0,0,0,1,828.95793397,22211.09888279218,30389.780211697544,1234.6391722315227,659.5155542,902.3656526000001,1.3682249193263705,15.2648,2.468163828976243,18.7117,13.065,5.646700000000001,14.0177,0.9527000000000001,-4.694000000000001,-5.646700000000001,0.9527000000000001,4.694000000000001,5.646700000000001,0.36991638475994554,0.16168987915245295,-1.2470999999999997,-2.1997999999999998,3.446900000000001,34.1895,34.1895,3.2397605445364146,0.018414444637112296,0.0006872600081547062,0.0005023004409101326,57.426,60.8729
TRN-0868,28.3339,101.6303,50.6215,7.7931,19.0319,19.8449,23.5519,54.1915,55.1412,Valid,0,0,0,0,0,2879.58275717,22440.876384901527,80492.73129574319,2840.863010559089,220.80891609,792.01509093,3.586879900512111,20.80956666666667,1.9673224330433372,23.5519,19.0319,4.52,19.8449,-0.8129999999999988,-4.52,-3.7070000000000007,0.8129999999999988,4.52,3.7070000000000007,0.2172077802096897,0.09453932270753744,-1.7776666666666685,-0.9646666666666697,2.742333333333331,33.38193333333333,33.38193333333333,2.6041627038126993,0.007226590938435584,0.0009273063274721424,0.00025852727732583036,71.43106666666667,74.1734
TRN-0020,9.4876,21.4776,37.3279,15.6388,6.1571,6.5039,8.2616,52.9346,13.5381,Valid,0,0,0,0,0,203.77087776,3186.732003113088,7213.979854764287,760.358688646823,148.37467888,335.88389087999997,2.2637545571319873,6.9742,0.9212732602219603,8.2616,6.1571,2.1045,6.5039,-0.3468,-2.1045,-1.7576999999999998,0.3468,2.1045,1.7576999999999998,0.30175499673726064,0.1320973198538385,-0.8170999999999999,-0.47029999999999994,1.2873999999999999,45.96040000000001,45.96040000000001,7.590059420426799,0.0342256952634246,0.002188511613464345,0.0009667617791346211,44.302099999999996,45.5895
TRN-0316,22.2248,47.0868,39.5367,20.27,13.0209,12.675,16.6458,61.0745,19.7399,Valid,0,0,0,0,0,1046.4947126399998,21212.447825212796,44941.96970304479,2022.1539757788964,450.49669599999993,954.4494359999999,2.1186601400840437,14.113900000000001,1.7958841666432726,16.6458,12.675,3.9708000000000006,13.0209,0.34589999999999854,-3.624900000000002,-3.9708000000000006,0.34589999999999854,3.624900000000002,3.9708000000000006,0.2813396523044905,0.1272422249981258,-1.0930000000000017,-1.4389000000000003,2.5319000000000003,46.9606,46.9606,4.3272586367156745,0.01348683353679631,0.0006653593265440621,0.00031404720560633873,53.650600000000004,56.182500000000005
TRN-0067,30.9408,29.3598,18.0356,35.4607,16.7021,13.7519,21.9045,43.0005,19.7801,Valid,0,0,0,0,0,908.41569984,32213.05660731629,30567.04737367763,987.9203635897347,1097.18242656,1041.11905986,0.9489023894371706,17.452833333333334,3.3703533042628564,21.9045,13.7519,8.1526,16.7021,2.9502000000000024,-5.202399999999997,-8.1526,2.9502000000000024,5.202399999999997,8.1526,0.4671218350150308,0.1931120894115053,-0.7507333333333328,-3.700933333333335,4.451666666666664,25.547666666666668,25.547666666666668,2.4638118473326096,0.0192123862645647,0.0005417937684568443,0.0005709688973031664,35.48843333333333,39.9401
TRN-0317,25.933,70.3816,24.6378,10.6208,16.6609,15.9391,20.9687,48.0101,24.0015,Valid,0,0,0,0,0,1825.2060328000002,19385.14823316224,52610.87220480205,2028.722869551505,275.4292064,747.50889728,2.713978224116831,17.856233333333332,2.2204857386516923,20.9687,15.9391,5.0295999999999985,16.6609,0.7218000000000018,-4.307799999999997,-5.0295999999999985,0.7218000000000018,4.307799999999997,5.0295999999999985,0.28167193071670965,0.12435352814039714,-1.1953333333333305,-1.9171333333333322,3.1124666666666663,30.15386666666667,30.15386666666667,2.688702394007934,0.009783132973847026,0.0009211295739212085,0.0003394019635995334,42.494033333333334,45.6065
TRN-0087,17.6142,31.0902,47.58,51.1189,10.8589,10.9508,3.2181,51.1091,20.3176,Invalid,0,0,0,0,0,547.62900084,27994.192131039876,49411.55614177515,2805.211325894098,900.41852838,1589.29682478,1.7650644499855541,8.3426,3.6237629236287887,10.9508,3.2181,7.7326999999999995,10.8589,-0.09189999999999898,7.6408000000000005,7.7326999999999995,0.09189999999999898,7.6408000000000005,7.7326999999999995,0.9268931835527074,0.43436848096040903,2.516300000000001,2.6082,-5.124499999999999,42.7665,42.7665,6.126278842773376,0.015234036130243966,0.00029801181475966717,0.0001688390459894438,55.922599999999996,58.5308
TRN-0801,11.2999,91.5588,48.8199,21.2042,10.7983,13.3691,12.9707,43.4485,39.321,Valid,0,0,0,0,0,1034.60528412,21937.977365537306,177755.10243592926,15730.677856020977,239.60533958,1941.43110696,8.102619660119148,12.379366666666668,1.1297520357238677,13.3691,10.7983,2.5708,12.9707,-2.5708,-2.1724000000000014,0.39839999999999876,2.5708,2.1724000000000014,0.39839999999999876,0.20766811918207023,0.09126088392752864,-1.5810666666666684,0.9897333333333318,0.591333333333333,31.069133333333333,31.069133333333333,3.509751157726069,0.01196530391320283,0.0005642893353308546,6.96428203576271e-05,61.19926666666667,62.18899999999999
TRN-0012,30.2939,43.3171,28.5824,30.3499,17.0338,15.1496,22.2573,38.2619,21.3846,Valid,0,0,0,0,0,1312.24389569,39826.471009801935,56947.67683852827,1879.8396693290927,919.41683561,1314.6696532900003,1.429895080201127,18.1469,3.0065587781825704,22.2573,15.1496,7.107700000000001,17.0338,1.8841999999999999,-5.223500000000001,-7.107700000000001,1.8841999999999999,5.223500000000001,7.107700000000001,0.39167569162360016,0.16567891003442242,-1.1130999999999993,-2.997299999999999,4.110400000000002,20.115,20.115,2.108453669306952,0.013828907907877249,0.00045564920866521426,0.000318659179919416,46.729299999999995,50.8397
TRN-0578,30.4866,60.5018,36.4074,15.0767,18.0583,16.8822,23.2278,38.5682,23.1545,Valid,0,0,0,0,0,1844.49417588,27808.885341489997,55187.77492910851,1810.230498608504,459.63732222,912.1674880600001,1.9845374038253725,19.389433333333333,2.7562772965642535,23.2278,16.8822,6.3455999999999975,18.0583,1.1760999999999981,-5.169499999999999,-6.3455999999999975,1.1760999999999981,5.169499999999999,6.3455999999999975,0.32727102250172213,0.14215356926766043,-1.3311333333333337,-2.507233333333332,3.8383666666666656,19.178766666666665,19.178766666666665,1.9891348729908793,0.010512059932946472,0.0006972387815813552,0.00035133566007849933,55.79683333333334,59.6352
TRN-0859,16.4487,20.9785,23.3935,58.5618,9.8089,8.7051,12.9031,61.0478,15.4105,Valid,0,0,0,0,0,345.06905294999996,20207.864865047308,25772.899564792053,1566.8653448556242,963.2654796599999,1228.5387213,1.2753894669250783,10.472366666666666,1.7768777885818585,12.9031,8.7051,4.198,9.8089,1.1037999999999997,-3.0942000000000007,-4.198,1.1037999999999997,3.0942000000000007,4.198,0.4008644590814119,0.16967297607757076,-0.6634666666666664,-1.767266666666666,2.4307333333333343,50.575433333333336,50.575433333333336,5.829417180826636,0.030348611522214616,0.0005182322197859728,0.0004063324982093387,33.86586666666666,36.2966
TRN-0533,17.5311,72.927,28.746,36.0802,12.6016,13.0752,16.9269,56.541,23.5153,Invalid,1,0,0,1,0,1278.4905297,46128.19400968194,191887.0352997858,10945.521065664148,632.5255942199999,2631.2207454,4.159864232143778,14.201233333333334,1.937011155248094,16.9269,12.6016,4.3253,13.0752,-0.47360000000000113,-4.3253,-3.8516999999999992,0.47360000000000113,4.3253,3.8516999999999992,0.30457211665380357,0.1363973799588332,-1.599633333333335,-1.1260333333333339,2.7256666666666653,42.33976666666666,42.33976666666666,3.9814144793939623,0.011107812684039094,0.0003078644988798986,7.400830030581632e-05,42.94723333333333,45.6729
TRN-0967,26.4104,30.8751,38.339,14.2777,14.5452,13.0594,19.2013,49.5647,19.7664,Valid,0,0,0,0,0,815.42374104,11642.375547446807,13610.528779002776,515.3472974152409,377.07976807999995,440.82541526999995,1.1690507841967261,15.601966666666664,2.616397108408601,19.2013,13.0594,6.1419,14.5452,1.4857999999999993,-4.6561,-6.1419,1.4857999999999993,4.6561,6.1419,0.3936618849122514,0.16769661137027533,-1.0567666666666646,-2.542566666666664,3.5993333333333357,33.96273333333334,33.96273333333334,3.176823658332156,0.01913356928709751,0.0013401016486491969,0.0011463159821967976,53.94096666666666,57.5403
TRN-0788,20.1531,58.459,22.9316,43.5898,13.2875,12.8528,16.6355,61.1192,18.6948,Valid,0,0,0,0,0,1178.1300729,51354.454251696414,148966.16605385378,7391.72428371464,878.4695983799999,2548.2161182,2.9007446546315627,14.258600000000001,1.6900653300982187,16.6355,12.8528,3.7827,13.2875,0.4346999999999994,-3.3480000000000008,-3.7827,0.4346999999999994,3.3480000000000008,3.7827,0.26529250660706477,0.11852953386508386,-0.9711000000000016,-1.405800000000001,2.376899999999999,46.8606,46.8606,4.286479437919611,0.012102738327355757,0.00027765069666281847,9.571703681189968e-05,37.190200000000004,39.567099999999996
TRN-0700,24.4753,49.2252,36.9219,22.1919,14.2996,13.6599,18.5642,60.5208,20.5104,Valid,0,0,0,0,0,1204.80153756,26736.835241377765,53773.64371933618,2197.057503780492,543.1534100700001,1092.40071588,2.011219392153747,15.5079,2.1768526653558036,18.5642,13.6599,4.904299999999999,14.2996,0.6396999999999995,-4.2646,-4.904299999999999,0.6396999999999995,4.2646,4.904299999999999,0.3162452481480246,0.1403705546840803,-1.2082999999999995,-1.847999999999999,3.0563000000000002,45.0129,45.0129,3.9025784340511334,0.01287174651066209,0.0005800200307708837,0.00028839221088778857,52.4298,55.4861
TRN-0151,25.549,19.7697,34.1753,21.4309,13.6684,11.704,18.6616,46.3824,18.466,Valid,0,0,0,0,0,505.0960653,10824.663265837771,8376.075203202981,327.84355064227293,547.5380641,423.68246373000005,0.7737954215900653,14.677999999999999,2.9287674950395086,18.6616,11.704,6.957599999999999,13.6684,1.9643999999999995,-4.9932,-6.957599999999999,1.9643999999999995,4.9932,6.957599999999999,0.47401550115713986,0.19953449349400568,-1.009599999999999,-2.9739999999999984,3.983600000000001,31.7044,31.7044,3.159994334378367,0.029059818476753,0.0013559775152514198,0.001752372040861669,48.8533,52.8369
TRN-0236,22.9858,28.4295,35.2647,27.6778,12.9089,11.5537,17.0815,35.1347,18.4935,Valid,0,0,0,0,0,653.4748011,18086.74484988558,22370.207376285452,973.2185263539631,636.1963752400001,786.8660151,1.2368287709442884,13.848033333333333,2.3523919420217556,17.0815,11.5537,5.527799999999999,12.9089,1.3552,-4.172599999999999,-5.527799999999999,1.3552,4.172599999999999,5.527799999999999,0.3991757867536579,0.16987190278401887,-0.9391333333333343,-2.2943333333333342,3.233466666666665,21.28666666666667,21.28666666666667,2.5371615316859777,0.021191380736994652,0.0007656454186478609,0.0006190391130390024,49.11273333333333,52.346199999999996
TRN-0130,27.9593,15.8726,33.4249,45.782,14.8659,12.4537,20.2947,51.5568,19.0968,Valid,0,0,0,0,0,443.78678518,20317.446599110757,11534.29101905432,412.5386045614774,1280.0326725999998,726.6793732,0.5677037491030266,15.871433333333334,3.2790896311154545,20.2947,12.4537,7.840999999999999,14.8659,2.4122000000000003,-5.428799999999999,-7.840999999999999,2.4122000000000003,5.428799999999999,7.840999999999999,0.49403222388869156,0.20660323208650905,-1.005533333333334,-3.4177333333333344,4.423266666666665,35.68536666666667,35.68536666666667,3.2484020610361557,0.03576364557843297,0.0007811726367843296,0.0013760215782433576,49.29633333333334,53.7196
TRN-0558,10.8607,21.0036,44.5708,31.3091,6.8793,7.0831,9.3319,47.3849,15.0884,Valid,0,0,0,0,0,228.11379852,7142.037729242532,13812.047441685934,1271.7454832506608,340.03874237,657.60381276,1.9339083177043546,7.764766666666667,1.111249678915089,9.3319,6.8793,2.4525999999999994,7.0831,-0.2038000000000002,-2.4525999999999994,-2.2487999999999992,0.2038000000000002,2.4525999999999994,2.2487999999999992,0.3158626381738058,0.14311435018018212,-0.8854666666666668,-0.6816666666666666,1.5671333333333326,39.620133333333335,39.620133333333335,6.102552199136416,0.034039004580193696,0.001087192053576982,0.0005621734720277434,52.335566666666665,53.902699999999996
TRN-0335,19.3366,109.2824,43.2863,42.829,15.6796,17.4192,19.0115,46.0047,53.154,Valid,0,0,0,0,0,2113.15005584,90504.10374157135,511491.454895271,26451.983722230754,828.1672414000001,4680.4559096,5.651582716114377,17.370099999999997,1.3606854914588704,19.0115,15.6796,3.331900000000001,17.4192,-1.7395999999999994,-3.331900000000001,-1.5923000000000016,1.7395999999999994,3.331900000000001,1.5923000000000016,0.19181811320498374,0.07833492110718702,-1.6904999999999966,0.04910000000000281,1.6414000000000044,28.634600000000002,28.634600000000002,2.6484992804589913,0.008220003091486655,0.00019192610369809612,3.395970711479941e-05,60.65639999999999,62.297799999999995
TRN-0747,8.1623,16.276,27.7498,24.8249,4.8959,4.9854,6.5243,58.8781,11.9183,Valid,0,0,0,0,0,132.8495948,3297.97790595052,6576.318978382399,805.6942494993017,202.62828127,404.0500724,1.9940455516158986,5.468533333333333,0.7474333875930944,6.5243,4.8959,1.6284,4.9854,-0.08950000000000014,-1.6284,-1.5389,0.08950000000000014,1.6284,1.5389,0.29777631459203296,0.13667892382738284,-0.5726333333333331,-0.48313333333333297,1.055766666666667,53.40956666666667,53.40956666666667,10.766705740715535,0.04116334190106232,0.0016581473519905476,0.0008315492831898641,33.218333333333334,34.274100000000004
TRN-0065,29.5509,88.0838,38.0994,34.3734,19.4764,19.0039,24.1937,67.1977,37.4703,Valid,0,0,0,0,0,2602.95556542,89472.43283240781,266694.81738705904,9024.930149745995,1015.7649060599998,3027.7396909199997,2.9807483704134774,20.891333333333332,2.343079634915457,24.1937,19.0039,5.189799999999998,19.4764,0.47250000000000014,-4.717299999999998,-5.189799999999998,0.47250000000000014,4.717299999999998,5.189799999999998,0.2484187901640812,0.11215557596897666,-1.4149333333333303,-1.8874333333333304,3.302366666666668,46.30636666666666,46.30636666666666,3.21653461324307,0.008026004593718989,0.0002334946382002568,7.833423063086758e-05,58.99073333333334,62.2931
TRN-0257,30.6035,29.4846,36.2652,41.0898,16.7405,14.3861,22.2693,49.4543,21.5145,Valid,1,0,0,0,1,902.3319561000001,37076.63960975778,35721.07400257696,1167.2218156536064,1257.4916942999998,1211.51631708,0.9634387908755929,17.798633333333335,3.3041332875993703,22.2693,14.3861,7.8832,16.7405,2.3544,-5.5288,-7.8832,2.3544,5.5288,7.8832,0.44291038583990233,0.1856397084023115,-1.058133333333334,-3.412533333333334,4.470666666666666,31.65566666666667,31.65566666666667,2.7785446385277908,0.01972515014378552,0.00048004979739774107,0.0004982670266731356,54.063833333333335,58.5345
TRN-0443,9.6318,92.6893,34.5091,30.5353,10.1782,12.5837,11.7777,64.1771,32.9683,Valid,0,0,0,0,0,892.7647997400001,27260.840989500823,262338.1163155525,27236.66283341532,294.10990254,2830.29558229,9.623257374192013,11.5132,0.9996925360662979,12.5837,10.1782,2.4055,11.7777,-2.4055,-1.599499999999999,0.8060000000000009,2.4055,1.599499999999999,0.8060000000000009,0.20893407489368077,0.08683011232638933,-1.334999999999999,1.070500000000001,0.26449999999999996,52.6639,52.6639,5.574218672982432,0.012896117757394637,0.0004223347329604333,4.388687454821662e-05,46.022299999999994,47.0928
TRN-0507,10.6681,75.8719,33.3623,5.2737,9.6188,11.4513,11.3341,67.399,23.1349,Valid,0,0,0,0,0,809.40901639,4268.580329735943,30358.292471920257,2845.7072605443327,56.260358970000006,400.12563902999995,7.112034278640594,10.801400000000001,0.8375921959203454,11.4513,9.6188,1.8324999999999996,11.3341,-1.8324999999999996,-1.7152999999999992,0.11720000000000041,1.8324999999999996,1.7152999999999992,0.11720000000000041,0.1696539180426687,0.07754477367522467,-1.1826000000000008,0.6498999999999988,0.5326999999999984,56.5976,56.5976,6.239838702405364,0.013344798202063432,0.0025304431832345853,0.0003557973495918752,44.1637,44.813599999999994
TRN-0943,24.4524,69.9741,29.5096,22.3974,15.7061,15.1518,19.6866,30.7207,25.1708,Valid,0,0,0,0,0,1711.0346828400002,38322.728205440624,109666.06205199992,4484.879094367867,547.6701837600001,1567.2379073400002,2.861645365622787,16.848166666666668,2.0197920624548344,19.6866,15.1518,4.534799999999999,15.7061,0.5542999999999996,-3.9804999999999993,-4.534799999999999,0.5542999999999996,3.9804999999999993,4.534799999999999,0.2691568655843741,0.11988200155740977,-1.1420666666666683,-1.696366666666668,2.838433333333331,13.872533333333333,13.872533333333333,1.8233852254912861,0.009846770977695825,0.0004396390198502391,0.0001536315460887454,46.35776666666666,49.1962
TRN-0438,9.2579,44.797,28.7596,5.9031,6.9661,7.9532,8.5018,71.9907,13.9035,Valid,0,0,0,0,0,414.7261462999999,2448.1699142235298,11846.171123847898,1279.574184671871,54.65030949,264.4411707,4.838785811168212,7.807033333333333,0.6354091297913667,8.5018,6.9661,1.5356999999999994,7.9532,-0.9870999999999999,-1.5356999999999994,-0.5485999999999995,0.9870999999999999,1.5356999999999994,0.5485999999999995,0.19670721741841102,0.08138930900795321,-0.8409333333333331,0.14616666666666678,0.6947666666666663,64.18366666666667,64.18366666666667,9.221260843266007,0.01882455057188851,0.0031889262607087115,0.0006590343201237161,36.56663333333333,37.261399999999995
TRN-0323,23.8319,94.5641,40.9548,12.1292,23.0025,17.4622,20.4693,53.8698,40.1544,Invalid,0,0,0,0,0,2253.64217479,27334.876666462867,108463.78218165826,4551.201441364591,289.06188148,1146.98688172,3.967962941772878,20.311333333333334,2.264574444692768,23.0025,17.4622,5.540300000000002,20.4693,5.540300000000002,2.533200000000001,-3.007100000000001,5.540300000000002,2.533200000000001,3.007100000000001,0.2727688840662578,0.11149314011223427,2.6911666666666676,-2.8491333333333344,0.1579666666666668,33.55846666666666,33.55846666666666,2.6522038934484575,0.009012670046527385,0.0007430556054972157,0.00018726373840742587,61.26613333333333,63.957300000000004
TRN-0541,29.5137,89.7528,32.8875,44.0727,19.4791,18.9202,24.4323,46.1615,36.989,Valid,0,0,0,0,0,2648.93721336,116745.81512325126,355030.5043282999,12029.345432763579,1300.74844599,3955.6482285599996,3.041055406775314,20.943866666666665,2.4772252815510254,24.4323,18.9202,5.5121,19.4791,0.5588999999999977,-4.9532000000000025,-5.5121,0.5588999999999977,4.9532000000000025,5.5121,0.26318443602338143,0.11827926536671485,-1.4647666666666659,-2.0236666666666636,3.4884333333333366,25.217633333333332,25.217633333333332,2.204058043847775,0.00790651682989279,0.00017939715136149715,5.8991738488027753e-05,53.83136666666667,57.3198
TRN-0513,8.5988,18.8074,39.8048,25.8064,5.467,6.0593,7.4333,30.0082,13.1153,Valid,0,0,0,0,0,161.72107112000003,4173.438649751169,9128.195801894466,1061.566118566352,221.90407232,485.35128736,2.187211914777421,6.319866666666666,0.8236120297540316,7.4333,5.467,1.9663000000000004,6.0593,-0.5923000000000007,-1.9663000000000004,-1.3739999999999997,0.5923000000000007,1.9663000000000004,1.3739999999999997,0.31112993241472414,0.13032108790791108,-0.8528666666666664,-0.2605666666666657,1.113433333333334,23.688333333333333,23.688333333333333,4.748232333767748,0.039078807627352406,0.0015143068331744053,0.0006923456511157106,46.12466666666667,47.2381
TRN-0830,29.6897,109.4003,33.5982,31.3241,20.6293,20.8849,25.3653,48.7288,53.7412,Valid,0,0,0,0,0,3248.06208691,101742.62161657753,374900.1615927432,12627.279796207553,930.00313177,3426.8659372300003,3.6847895504235626,22.293166666666668,2.1748310667472297,25.3653,20.6293,4.736000000000001,20.8849,-0.2555999999999976,-4.736000000000001,-4.480400000000003,0.2555999999999976,4.736000000000001,4.480400000000003,0.21244177008911086,0.09755594625518806,-1.6638666666666673,-1.4082666666666697,3.0721333333333334,26.43563333333333,26.43563333333333,2.1858176786989576,0.006863528486615675,0.00021911335006149675,5.946427596055409e-05,55.89136666666667,58.963499999999996
TRN-0124,28.7059,44.4546,28.3929,31.8519,16.5947,25.0,21.7478,58.4106,20.567,Invalid,0,0,0,0,0,1276.10930214,40646.505880833065,62946.089839722204,2192.792688852449,914.33745621,1415.96347374,1.5486223546858884,21.114166666666666,3.460576582337432,25.0,16.5947,8.4053,21.7478,-8.4053,-5.153100000000002,3.2521999999999984,8.4053,5.153100000000002,3.2521999999999984,0.3980881525947909,0.16389831874834968,-4.519466666666666,3.885833333333334,0.6336333333333357,37.29643333333334,37.29643333333334,2.766417361183217,0.016545735239695422,0.000519458344784899,0.00033543253790813094,49.50706666666667,53.3929
TRN-0434,18.3304,91.2825,54.8353,42.0785,14.206,15.9913,17.3458,49.4543,51.9073,Valid,1,0,0,0,1,1673.244738,70407.628707933,350618.8827047906,19127.72572213726,771.3157364,3841.03067625,4.979841957630931,15.847699999999998,1.2858335117735893,17.3458,14.206,3.139800000000001,15.9913,-1.7853000000000012,-3.139800000000001,-1.3544999999999998,1.7853000000000012,3.139800000000001,1.3544999999999998,0.19812337448819872,0.08113691139008677,-1.6416999999999984,0.14360000000000284,1.4981000000000027,33.60660000000001,33.60660000000001,3.1205977447454374,0.009471238504817433,0.00022508498426377643,4.51992199555836e-05,70.68299999999999,72.1811
TRN-0742,31.1274,41.4679,25.8498,14.7618,17.5962,15.2001,23.0903,49.2011,21.1804,Valid,0,0,0,0,0,1290.7879104600001,19054.35297662843,25384.195396966337,815.4935709848161,459.49645332,612.14084622,1.3321992414336166,18.628866666666667,3.302889073052391,23.0903,15.2001,7.890199999999998,17.5962,2.396099999999999,-5.4940999999999995,-7.890199999999998,2.396099999999999,5.4940999999999995,7.890199999999998,0.42354694558908856,0.17729950806201575,-1.0326666666666675,-3.4287666666666663,4.461433333333332,30.57223333333333,30.57223333333333,2.641121343517694,0.014432166974352664,0.000977669863077412,0.0007338765863801665,44.47866666666667,48.9401
TRN-0351,8.8242,109.9343,21.3625,17.1093,10.3528,12.9679,11.602,47.0632,43.8924,Valid,0,0,0,0,0,970.0822500599999,16597.428240951558,206775.30602992233,23432.751138592874,150.97588506,1880.89891899,12.458272426024749,11.640900000000002,1.0679643907921275,12.9679,10.3528,2.6151,11.602,-2.6151,-1.2492,1.3659,2.6151,1.2492,1.3659,0.22464755949732754,0.09174241674180782,-1.2881000000000018,1.3269999999999982,-0.03890000000000171,35.4223,35.4223,4.042917296521979,0.011999910303770735,0.0007013676956636291,5.629734141589981e-05,33.0034,34.3304
TRN-0736,29.5104,28.1679,36.3961,51.5832,16.1474,13.8079,21.6011,49.2212,20.9866,Valid,0,0,0,0,0,831.24599616,42878.32846912051,40927.68883123711,1386.8902978050724,1522.24086528,1452.99041928,0.9545075310904788,17.185466666666667,3.2651368897626463,21.6011,13.8079,7.793199999999999,16.1474,2.339500000000001,-5.453699999999998,-7.793199999999999,2.339500000000001,5.453699999999998,7.793199999999999,0.4534761666751653,0.18999406667854501,-1.0380666666666656,-3.3775666666666666,4.415633333333332,32.03573333333334,32.03573333333334,2.8641175762397544,0.020674345170240586,0.0004007960962993753,0.0004198982927452859,53.58156666666666,57.99719999999999
TRN-0518,30.191,68.5258,29.2458,38.1312,11.105,17.2072,23.2016,42.7267,26.6751,Invalid,0,0,0,0,0,2068.8624278,78888.20700692736,179055.927121172,5930.771461375924,1151.2190592,2612.9709849600004,2.2697425633552197,17.171266666666668,4.938481635302719,23.2016,11.105,12.096599999999999,17.2072,-6.1022,-12.096599999999999,-5.994399999999999,6.1022,12.096599999999999,5.994399999999999,0.7044674997107084,0.2876014590867647,-6.066266666666667,0.035933333333332484,6.030333333333331,25.555433333333333,25.555433333333333,2.4882670766901054,0.00829985910499931,0.00021766582506991386,9.589890121286243e-05,46.41706666666667,52.4474
TRN-0097,24.0983,15.5749,32.5565,32.3226,12.5641,10.8077,5.4559,72.9077,17.5511,Invalid,0,0,0,0,0,375.32861267,12131.596615887342,7840.735825049226,325.364673013638,778.91971158,503.42126274000003,0.6463069740891692,9.609233333333334,3.023118541432928,12.5641,5.4559,7.1082,10.8077,1.7563999999999993,7.1082,5.351800000000001,1.7563999999999993,7.1082,5.351800000000001,0.7397259504165143,0.3146055592531526,2.954866666666666,1.1984666666666666,-4.153333333333334,63.29846666666667,63.29846666666667,7.5872538301091845,0.02560218694592269,0.0007920831558112602,0.0012255524923322424,42.165733333333336,45.120599999999996
TRN-0220,12.1699,57.0484,31.2917,52.7784,9.5998,10.3563,11.9747,50.9553,17.0452,Valid,0,0,0,0,0,694.27332316,36642.635159067744,171768.35533640868,14114.194958234146,642.3078501599999,3010.9232745599998,4.687663441140565,10.6436,0.990603677898819,11.9747,9.5998,2.3749000000000002,10.3563,-0.7564999999999991,-2.3749000000000002,-1.6184000000000012,0.7564999999999991,2.3749000000000002,1.6184000000000012,0.2231293713471597,0.09307035071108162,-1.0437999999999992,-0.2873000000000001,1.331100000000001,40.3117,40.3117,4.787411703990032,0.01533056165290186,0.0002904703756568015,6.196484782713627e-05,41.9353,43.2664
TRN-0713,11.9594,108.4812,34.5381,58.1279,12.1882,14.8651,14.0675,69.0032,47.8264,Valid,0,0,0,0,0,1297.37006328,75413.3973013335,684059.052738885,57198.43767584054,695.17480726,6305.7843454799995,9.07078874602499,13.706933333333334,1.1221867471840663,14.8651,12.1882,2.6769,14.0675,-2.6769,-1.8793000000000006,0.7975999999999992,2.6769,1.8793000000000006,0.7975999999999992,0.19529531074575562,0.08187000243045349,-1.5187333333333335,1.1581666666666663,0.36056666666666715,55.296266666666675,55.296266666666675,5.034181847081149,0.010565168497964576,0.0001817572715678359,2.0037646279853304e-05,48.24503333333333,49.4032
TRN-0890,27.1695,81.7422,25.519,26.4742,17.8631,17.0967,22.0936,62.1795,29.1343,Valid,0,0,0,0,0,2220.8947029,58796.41054351518,176894.9723009303,6510.792093713105,719.2907769,2164.05935124,3.008601446158323,19.017799999999998,2.197309183220847,22.0936,17.0967,4.9969,17.8631,0.7664000000000009,-4.230499999999999,-4.9969,0.7664000000000009,4.230499999999999,4.9969,0.2627485690906115,0.11553960330223496,-1.1546999999999983,-1.9210999999999991,3.075800000000001,43.161699999999996,43.161699999999996,3.2695420464227176,0.008563125467679223,0.0003234517179514128,0.00010750899108392847,44.5368,47.6126
TRN-0531,20.7203,99.2481,31.085,54.7814,16.2072,17.0458,19.816,39.6731,41.019,Valid,0,0,0,0,0,2056.45040643,112655.23229480439,539606.9439302508,26042.4278551866,1135.08704242,5436.94986534,4.789896633258367,17.689666666666668,1.5420295227034038,19.816,16.2072,3.6087999999999987,17.0458,-0.8385999999999996,-3.6087999999999987,-2.770199999999999,0.8385999999999996,3.6087999999999987,2.770199999999999,0.20400609372669004,0.08717119799876796,-1.4824666666666673,-0.6438666666666677,2.1263333333333314,21.98343333333333,21.98343333333333,2.2427272658579995,0.008602039029365124,0.00015702481195208084,3.2782503756883524e-05,48.77466666666667,50.900999999999996
TRN-0369,24.5577,62.3376,30.1652,56.576,15.5392,14.881,19.6012,46.2767,24.6977,Valid,0,0,0,0,0,1530.86807952,86610.39246692353,219852.99932184577,8952.507375256575,1389.3764352,3526.8120576,2.5384135102874654,16.6738,2.0873523708276944,19.6012,14.881,4.720199999999998,15.5392,0.658199999999999,-4.061999999999999,-4.720199999999998,0.658199999999999,4.061999999999999,4.720199999999998,0.28309082014352926,0.12518755446509733,-1.1346000000000007,-1.7927999999999997,2.9273999999999987,29.602899999999998,29.602899999999998,2.775413956301865,0.010891728825083543,0.00019251500339494712,7.584067559394611e-05,46.839,49.7664
TRN-0781,17.8894,74.0111,26.7258,14.7152,12.9996,13.5775,15.9195,62.4277,23.4299,Valid,0,0,0,0,0,1324.01417234,19483.133348817566,80604.61114361978,4505.718841207695,263.24609888,1089.08813872,4.1371480241289245,14.165533333333334,1.262482053557814,15.9195,12.9996,2.9199,13.5775,-0.5779000000000014,-2.9199,-2.3419999999999987,0.5779000000000014,2.9199,2.3419999999999987,0.20612706385025648,0.08912350384037619,-1.165933333333335,-0.5880333333333336,1.7539666666666651,48.262166666666666,48.262166666666666,4.407013426461405,0.010698928771735812,0.0007270664876635962,0.00017574097973027515,40.891333333333336,42.6453
TRN-0928,25.7367,90.4034,33.5964,54.4149,17.8868,17.9832,22.3347,46.1552,36.6371,Valid,0,0,0,0,0,2326.68518478,126606.34166128522,444720.7197403643,17279.631905439797,1400.45995683,4919.2919706600005,3.5126258023512804,19.401566666666668,2.0744118207873345,22.3347,17.8868,4.447900000000001,17.9832,-0.09639999999999915,-4.447900000000001,-4.3515000000000015,0.09639999999999915,4.447900000000001,4.3515000000000015,0.2292546703657263,0.10691980444195383,-1.5147666666666666,-1.4183666666666674,2.933133333333334,26.753633333333333,26.753633333333333,2.3789417841372713,0.008338715862912271,0.00015324324525874998,4.3626405978902926e-05,52.99796666666667,55.9311
TRN-0194,15.343,109.4771,33.6951,57.5039,14.2222,16.389,16.6468,72.3277,50.4105,Valid,0,0,0,0,0,1679.7071452999999,96589.71171261667,689197.7793217301,44919.35960388259,882.2823377,6295.36021069,7.135312055314341,15.752666666666665,1.087309024866231,16.6468,14.2222,2.424599999999998,16.389,-2.1667999999999985,-2.424599999999998,-0.2577999999999996,2.1667999999999985,2.424599999999998,0.2577999999999996,0.15391678738519687,0.0690238026900691,-1.5304666666666638,0.6363333333333347,0.8941333333333343,56.57503333333333,56.57503333333333,4.591457239528298,0.009378222091491417,0.00016308845307844462,2.2856525571145486e-05,49.44776666666666,50.341899999999995
TRN-0743,16.6379,22.9675,37.3504,24.5539,9.2704,8.9039,12.3042,61.3833,15.879,Invalid,0,0,0,0,0,382.13096824999997,9382.805581313674,12952.330954556875,778.4834730388693,408.52533280999995,563.94169825,1.3804325437445506,10.159500000000001,1.523895037942793,12.3042,8.9039,3.4002999999999997,9.2704,0.36650000000000027,-3.0337999999999994,-3.4002999999999997,0.36650000000000027,3.0337999999999994,3.4002999999999997,0.3346916349533308,0.1499970360692708,-0.8891000000000009,-1.2556000000000012,2.1446999999999985,51.2238,51.2238,6.041960131703318,0.02658643454085867,0.0010827784835647,0.0007843761894951673,47.5099,49.6546
TRN-0294,31.8012,33.9683,33.232,36.4063,17.3683,15.0914,22.6319,49.1939,21.8126,Valid,0,0,0,0,0,1080.23270196,39327.275817366346,42007.241964046814,1320.9325636489896,1157.7640275600002,1236.6601202900001,1.0681451936359259,18.363866666666667,3.1578631808374618,22.6319,15.0914,7.5405000000000015,17.3683,2.2769000000000013,-5.2636,-7.5405000000000015,2.2769000000000013,5.2636,7.5405000000000015,0.4106161151273816,0.17196068051445854,-0.9955666666666652,-3.2724666666666664,4.268033333333335,30.830033333333333,30.830033333333333,2.6788420006584306,0.01699991734775934,0.0004669498785392733,0.00043715954220338447,51.595866666666666,55.8639
TRN-0304,23.6657,17.7618,19.2181,49.6166,12.9498,16.1247,17.0497,54.4657,17.0368,Invalid,0,0,0,0,0,420.34543026000006,20856.11107503832,15653.121339855385,661.4264812969361,1174.21157062,881.28012588,0.750529215255445,15.374733333333333,1.755777606139862,17.0497,12.9498,4.099900000000002,16.1247,-3.174900000000001,-4.099900000000002,-0.9250000000000007,3.174900000000001,4.099900000000002,0.9250000000000007,0.26666477033760355,0.11419889073030891,-2.4249333333333336,0.7499666666666673,1.674966666666668,39.09096666666667,39.09096666666667,3.5425457649642205,0.03657642545857352,0.0007371812164443943,0.000982215176036779,34.59283333333333,36.2678
TRN-0382,14.1328,104.1859,27.4694,17.0621,12.7062,14.6844,14.7467,55.5636,41.6252,Valid,0,0,0,0,0,1472.43848752,25122.892717914994,185204.00687899214,13104.550674632166,241.13524688,1777.6302443900001,7.371921532044498,14.045766666666665,0.9475580767894327,14.7467,12.7062,2.0404999999999998,14.6844,-1.9781999999999993,-2.0404999999999998,-0.062300000000000466,1.9781999999999993,2.0404999999999998,0.062300000000000466,0.1452750784738169,0.0674621778799725,-1.3395666666666646,0.6386333333333347,0.7009333333333352,41.517833333333336,41.517833333333336,3.9558962755637213,0.009539119478454112,0.0005590823805131177,7.583943189613599e-05,41.515166666666666,42.2161
TRN-0417,26.973,68.6493,28.7009,27.9014,17.2997,16.4962,21.6952,57.9395,25.9572,Valid,0,0,0,0,0,1851.6775688999999,51664.396520906455,131491.66411161766,4874.936389600018,752.5844622,1915.4115790199999,2.545111684087358,18.497033333333334,2.2851120444204813,21.6952,16.4962,5.198999999999998,17.2997,0.8034999999999997,-4.395499999999998,-5.198999999999998,0.8034999999999997,4.395499999999998,5.198999999999998,0.2810720846547237,0.12353937410942152,-1.197333333333333,-2.0008333333333326,3.1981666666666655,39.44246666666667,39.44246666666667,3.132367003049119,0.00998933811912636,0.0003580228276834768,0.00014067076767308473,47.19793333333334,50.396100000000004
TRN-0297,26.5298,89.9603,18.0,53.9437,18.1662,17.589,22.426,33.5126,31.7561,Valid,0,0,0,0,0,2386.6287669400003,128743.58621518129,436558.5733399262,16455.403240300453,1431.1155722600001,4852.79143511,3.390914994047637,19.393733333333333,2.1570459450111135,22.426,17.589,4.837,18.1662,0.5772000000000013,-4.2597999999999985,-4.837,0.5772000000000013,4.2597999999999985,4.837,0.24941044962580095,0.11122385755814193,-1.2275333333333336,-1.8047333333333349,3.032266666666665,14.118866666666666,14.118866666666666,1.7280117085237992,0.008125994957344321,0.0001506384426853554,4.442412660669015e-05,37.39373333333333,40.426
TRN-0622,21.0295,23.2536,34.0265,49.4829,5.4912,11.0359,16.266,51.2347,17.9097,Invalid,0,0,0,0,0,489.01158119999997,24197.71117136148,26756.884210008382,1272.3499340287904,1040.6006455499999,1150.65556344,1.1057609022677237,10.931033333333332,4.399418637603028,16.266,5.4912,10.774799999999999,11.0359,-5.5447,-10.774799999999999,-5.230099999999998,5.5447,10.774799999999999,5.230099999999998,0.985707268994947,0.4024704802350996,-5.439833333333332,0.104866666666668,5.334966666666666,40.303666666666665,40.303666666666665,4.687086183945448,0.02235332194823694,0.0004517383175404916,0.00040853162300698894,44.95753333333333,50.2925
TRN-0563,16.5004,76.4705,23.6697,55.7837,12.9151,13.4514,15.6811,38.7838,23.4619,Valid,0,0,0,0,0,1261.7938382,70387.52893199734,326208.42714081495,19769.72724122371,920.45336348,4265.80743085,4.634463126077966,14.015866666666668,1.1976799693110383,15.6811,12.9151,2.766,13.4514,-0.5362999999999989,-2.766,-2.229700000000001,0.5362999999999989,2.766,2.229700000000001,0.1973477536876478,0.08545171785257569,-1.100766666666667,-0.564466666666668,1.6652333333333331,24.767933333333332,24.767933333333332,2.7671351444219066,0.01110788960227685,0.00019912428919061111,4.296598585594924e-05,37.685566666666666,39.3508
TRN-0920,28.0007,43.5856,29.5635,31.3067,16.4039,14.665,21.3004,49.4543,20.6462,Valid,1,0,0,0,1,1220.42730992,38207.55166347246,59473.479726701305,2123.99967153327,876.60951469,1364.52130352,1.5565896010960583,17.456433333333333,2.8092707361322242,21.3004,14.665,6.635400000000001,16.4039,1.738900000000001,-4.8965,-6.635400000000001,1.738900000000001,4.8965,6.635400000000001,0.3801119904154539,0.16093038718496352,-1.0525333333333329,-2.791433333333334,3.8439666666666668,31.99786666666667,31.99786666666667,2.833012690659641,0.014303542027565798,0.0004568843742365546,0.00029351625990706154,47.019933333333334,50.8639
TRN-0568,17.0624,18.7827,25.3896,23.4091,9.6033,8.647,12.7841,69.2815,14.8344,Valid,0,0,0,0,0,320.47794048,7502.100156490367,8258.492158741536,484.0170008160947,399.41542784,439.68610256999995,1.1008239696159994,10.344800000000001,1.7684768945809461,12.7841,8.647,4.1371,9.6033,0.9563000000000006,-3.1807999999999996,-4.1371,0.9563000000000006,3.1807999999999996,4.1371,0.39992069446285144,0.1709532058258971,-0.7415000000000003,-1.6978000000000009,2.4392999999999994,58.936699999999995,58.936699999999995,6.697228878544884,0.03227928871555607,0.0013789205399599178,0.001252625757814337,35.7344,38.173700000000004
TRN-0227,10.4857,104.8969,33.4685,24.2937,10.7743,13.447,12.3912,44.9239,42.3603,Valid,0,0,0,0,0,1099.91742433,26721.06393144572,267312.3178338565,25493.032638815137,254.73645009,2548.3338195300003,10.003804228253316,12.204166666666666,1.099110981151989,13.447,10.7743,2.672699999999999,12.3912,-2.672699999999999,-1.6168999999999993,1.0557999999999996,2.672699999999999,1.6168999999999993,1.0557999999999996,0.21899895781503925,0.0900602983482437,-1.4298666666666655,1.2428333333333335,0.18703333333333383,32.71973333333334,32.71973333333334,3.681029401349589,0.011095529887623284,0.00045672457868894614,4.565508527821118e-05,45.672666666666665,46.915499999999994
TRN-0581,31.4401,34.7442,44.4525,37.6516,17.718,15.566,23.4067,53.4032,23.1496,Valid,0,0,0,0,0,1092.36112242,41129.14403690887,45451.48413163982,1445.6532481126515,1183.77006916,1308.17472072,1.1050918697748457,18.8969,3.307718048242121,23.4067,15.566,7.8407,17.718,2.1519999999999992,-5.688700000000001,-7.8407,2.1519999999999992,5.688700000000001,7.8407,0.4149198855410207,0.17504023798622434,-1.1788999999999987,-3.330899999999998,4.509800000000002,34.506299999999996,34.506299999999996,2.8260295166916523,0.017299132672203642,0.00045945279052203624,0.00041575980104090096,63.3494,67.8592
TRN-0320,26.2045,71.2287,39.427,5.5082,16.4818,16.3147,20.7495,74.076,28.4389,Valid,0,0,0,0,0,1866.51246915,10281.123982572031,27946.005297465264,1066.4582125591808,144.3396269,392.34192534000005,2.7181857040513764,17.848666666666663,2.052333001461725,20.7495,16.3147,4.434800000000003,16.4818,0.16710000000000136,-4.267700000000001,-4.434800000000003,0.16710000000000136,4.267700000000001,4.434800000000003,0.24846672495797698,0.11498522129439195,-1.3668666666666631,-1.5339666666666645,2.9008333333333383,56.227333333333334,56.227333333333334,4.150225741405946,0.009562575633492701,0.001736061805614506,0.0006386840078230027,57.275666666666666,60.176500000000004
TRN-0167,9.1955,28.8878,39.9113,21.6789,6.0801,0.0631,7.9135,42.5394,14.3812,Invalid,0,0,0,0,0,265.6377649,5758.734541490609,18091.150202563473,1967.3914670406186,199.34832494999998,626.25572742,3.1415145297684166,4.685566666666666,3.3531813206101586,7.9135,0.0631,7.8504,6.0801,6.0169999999999995,-1.8334000000000001,-7.8504,6.0169999999999995,1.8334000000000001,7.8504,1.6754426695932894,0.71564035761661,1.3945333333333334,-4.622466666666666,3.2279333333333335,37.853833333333334,37.853833333333334,9.078814569817688,0.017638932667543062,0.0008136451909867326,0.0002589977206503838,44.59686666666666,47.824799999999996
TRN-0450,12.2914,80.6737,25.0689,28.09,10.7961,12.1847,12.857,26.3365,23.8166,Valid,0,0,0,0,0,991.5927161799999,27853.8393974962,182816.62653577208,14873.538544204368,345.265426,2266.124233,6.5634259267922355,11.945933333333334,0.8581314364491155,12.857,10.7961,2.0609,12.1847,-1.3886000000000003,-2.0609,-0.6722999999999999,1.3886000000000003,2.0609,0.6722999999999999,0.1725189459856119,0.07183460184061356,-1.1498333333333353,0.23876666666666502,0.9110666666666649,14.390566666666667,14.390566666666667,2.204641283395637,0.012047217699729067,0.00042887923501053443,6.534380137974215e-05,37.014833333333335,37.9259
TRN-0287,24.9197,109.5992,39.1933,44.5793,18.6125,19.6007,22.8927,62.0009,54.3793,Valid,0,0,0,0,0,2731.17918424,121754.05620799023,535485.8668904827,21488.454732682494,1110.90278221,4885.85561656,4.398094503621853,20.368633333333335,1.8298122332329323,22.8927,18.6125,4.280200000000001,19.6007,-0.9881999999999991,-4.280200000000001,-3.2920000000000016,0.9881999999999991,4.280200000000001,3.2920000000000016,0.21013681771464862,0.08983480204357337,-1.7561333333333344,-0.7679333333333354,2.5240666666666662,41.632266666666666,41.632266666666666,3.0439399610869016,0.007457816551697051,0.00016729326289031948,3.803766745810507e-05,59.561933333333336,62.086
TRN-0650,9.3389,69.1289,34.8242,7.8153,8.6751,10.3544,10.3503,43.2764,21.5834,Valid,0,0,0,0,0,645.5878842100001,5045.462991466414,37347.793272310715,3999.1636352404544,72.98630517000001,540.2630921699999,7.40225214936961,9.793266666666666,0.7906650042141038,10.3544,8.6751,1.6792999999999996,10.3503,-1.6792999999999996,-1.6752000000000002,0.004099999999999326,1.6792999999999996,1.6752000000000002,0.004099999999999326,0.17147494147595202,0.08073556560751315,-1.1181666666666654,0.5611333333333341,0.5570333333333348,33.483133333333335,33.483133333333335,4.418994912933896,0.015169532903302642,0.0019410045582118807,0.00026221808059714944,44.617466666666665,45.178599999999996
TRN-0901,24.5837,32.3434,44.0985,18.3583,13.6707,12.6833,18.0113,56.004,20.0391,Valid,0,0,0,0,0,795.12044258,14597.059621016415,19204.535450171552,781.1897586198088,451.31493971,593.76984022,1.3156440521303119,14.788433333333332,2.314287774288716,18.0113,12.6833,5.327999999999999,13.6707,0.9874000000000009,-4.3405999999999985,-5.327999999999999,0.9874000000000009,4.3405999999999985,5.327999999999999,0.36028154704589754,0.15649308926992225,-1.117733333333332,-2.105133333333333,3.2228666666666665,41.21556666666667,41.21556666666667,3.78701346861082,0.018598985163491667,0.0010131104288310416,0.0007700490007130675,58.88693333333333,62.1098
TRN-0031,31.5827,42.3262,21.2104,46.5375,18.086,15.3435,23.7902,63.3815,21.3218,Valid,0,0,0,0,0,1336.7756767399999,62210.19805628774,83372.26661970149,2639.8079955131607,1469.77990125,1969.7555325,1.3401703673159557,19.07323333333333,3.518300485872246,23.7902,15.3435,8.446699999999998,18.086,2.742499999999998,-5.7042,-8.446699999999998,2.742499999999998,5.7042,8.446699999999998,0.4428561958806392,0.18446270959527244,-0.9872333333333323,-3.7297333333333302,4.716966666666668,44.30826666666667,44.30826666666667,3.3230598907512685,0.014268088244677828,0.0003065933549314421,0.00022877191788615007,40.28363333333333,45.0006
TRN-0199,20.0134,74.4171,30.5929,34.5742,14.1476,14.6017,17.3784,29.7774,25.6966,Valid,0,0,0,0,0,1489.3391891400001,51492.71099316419,191468.62718225786,9567.020976707448,691.9472942799999,2572.91169882,3.7183635105297697,15.3759,1.4280654490136877,17.3784,14.1476,3.2307999999999986,14.6017,-0.4540999999999986,-3.2307999999999986,-2.7767,0.4540999999999986,3.2307999999999986,2.7767,0.21012101989990692,0.09287686289172178,-1.228299999999999,-0.7742000000000004,2.0024999999999995,14.4015,14.4015,1.9366279738663772,0.010323974620284209,0.0002986034276141062,8.030506212009064e-05,45.9688,47.9713
TRN-0630,24.2394,42.3827,37.0505,29.3917,14.3383,13.4411,18.6192,44.5871,20.1279,Valid,0,0,0,0,0,1027.3312183799999,30195.010971259442,52796.11258907389,2178.1112738336187,712.43717298,1245.69960359,1.7485044288016853,15.4662,2.259395008993926,18.6192,13.4411,5.178099999999999,14.3383,0.8971999999999998,-4.280899999999999,-5.178099999999999,0.8971999999999998,4.280899999999999,5.178099999999999,0.33480102838441056,0.14608597217855412,-1.1279000000000003,-2.0251,3.1529999999999987,29.1209,29.1209,2.882873434788543,0.015054735715453033,0.0005122104447721183,0.0002929420224569294,52.5167,55.6697
TRN-0605,13.0001,85.6198,45.944,9.1593,11.1971,13.4391,13.1292,44.0425,32.9308,Valid,0,0,0,0,0,1113.0659619799999,10194.905065563413,67144.53986757997,5164.924477708287,119.07181593,784.21743414,6.586087292706418,12.588466666666667,0.9919460345984328,13.4391,11.1971,2.241999999999999,13.1292,-2.241999999999999,-1.9321000000000002,0.30989999999999895,2.241999999999999,1.9321000000000002,0.30989999999999895,0.17809951611002264,0.07879799677486027,-1.3913666666666664,0.8506333333333327,0.5407333333333337,31.454033333333328,31.454033333333328,3.498638687901728,0.011309722051839314,0.0012347801754381707,0.00018748310274082904,58.53246666666667,59.3831
TRN-0704,24.0661,67.4291,32.3245,15.834,15.4074,15.0642,30.0999,60.9044,25.2527,Invalid,0,0,0,0,0,1622.75546351,25694.71000921734,71992.18696350955,2991.435420449268,381.0626274,1067.6723694,2.80182901251848,20.1905,7.008404613034268,30.0999,15.0642,15.035700000000002,15.4074,0.3432000000000013,-14.6925,-15.035700000000002,0.3432000000000013,14.6925,15.035700000000002,0.744691773621665,0.34711395289469377,-4.783099999999999,-5.1263000000000005,9.909400000000002,40.7139,40.7139,3.016487802853431,0.012442108772128911,0.0007857843109329265,0.0002804540444083667,52.515,62.424400000000006
TRN-0614,20.2532,103.5468,45.9658,19.1421,15.4626,17.1631,18.7869,44.9124,48.5665,Valid,0,0,0,0,0,2097.15404976,40143.93253591089,205240.44365875312,10133.728671272907,387.68877971999996,1982.10320028,5.112614050490093,17.137533333333334,1.3572601969490672,18.7869,15.4626,3.324299999999999,17.1631,-1.7005,-3.324299999999999,-1.6237999999999992,1.7005,3.324299999999999,1.6237999999999992,0.193977729546197,0.07919810227945863,-1.6749333333333336,0.025566666666666293,1.6493666666666655,27.774866666666664,27.774866666666664,2.620703721225708,0.008171804702245294,0.00042690220539744065,8.349978701928688e-05,63.10333333333334,64.7527
TRN-0315,17.4271,55.0366,20.4553,35.888,11.7702,11.6673,14.6101,43.8198,17.1108,Valid,0,0,0,0,0,959.12833186,34421.19757379168,108705.73316212928,6237.740468832382,625.4237648,1975.1535007999998,3.15810415054116,12.682533333333334,1.3636426812850284,14.6101,11.6673,2.9428,11.7702,0.10290000000000177,-2.8398999999999983,-2.9428,0.10290000000000177,2.8398999999999983,2.9428,0.2320356422978867,0.10752130807964658,-0.9123333333333328,-1.0152333333333345,1.9275666666666655,31.13726666666667,31.13726666666667,3.4551296174952206,0.013222978509576102,0.00036845125175485963,0.00011666848623615175,33.13783333333333,35.0654
TRN-0018,9.606,80.1658,36.9003,58.9581,7.4058,5.6122,11.8582,50.8925,26.5112,Invalid,0,0,0,0,0,770.0726748000001,45402.02176812589,378897.50121374417,39443.833205279094,566.3515086,4726.42325298,8.345387430211595,8.292066666666667,2.6257989835899895,11.8582,5.6122,6.246,7.4058,1.7936000000000005,-4.4524,-6.246,1.7936000000000005,4.4524,6.246,0.7532500036279653,0.3166639599608497,-0.8862666666666668,-2.6798666666666673,3.566133333333333,42.60043333333333,42.60043333333333,6.137492124501477,0.0107679014296311,0.00018263650700034258,2.1884722491128413e-05,45.19236666666667,48.7585
TRN-0669,19.456,70.6109,26.7711,19.4439,13.949,13.9951,17.503,32.6376,22.7601,Valid,0,0,0,0,0,1373.8056704,26712.14007469056,96945.32543174174,4982.798131627447,378.3005184,1372.95127851,3.6292607098447416,15.149033333333334,1.6646121877348956,17.503,13.949,3.5540000000000003,13.9951,-0.04610000000000092,-3.5540000000000003,-3.5078999999999994,0.04610000000000092,3.5540000000000003,3.5078999999999994,0.2346024123913905,0.10988239587470926,-1.2000333333333337,-1.1539333333333328,2.3539666666666665,17.488566666666664,17.488566666666664,2.154434354154543,0.01102705691838894,0.0005671216641724541,0.00015626368023121813,41.92013333333333,44.274100000000004
TRN-0168,15.3642,103.1518,32.9891,37.3924,13.7518,15.742,16.2821,60.6418,43.7129,Invalid,0,0,0,0,0,1584.84488556,59261.15389881375,397866.12350396736,25895.659885207657,574.5043120800001,3857.09336632,6.713775744016887,15.258633333333334,1.0880677133749028,16.2821,13.7518,2.5303000000000004,15.742,-1.9902000000000015,-2.5303000000000004,-0.5400999999999989,1.9902000000000015,2.5303000000000004,0.5400999999999989,0.1658274223448962,0.07130832875377048,-1.5068333333333346,0.48336666666666694,1.0234666666666659,45.38316666666667,45.38316666666667,3.97426130512379,0.009627840214983502,0.000257481205295621,3.835117501061341e-05,48.247733333333336,49.2712
TRN-0397,12.6677,60.0778,26.2891,30.817,10.0417,10.7811,12.4172,51.166,16.9303,Valid,0,0,0,0,0,761.04754706,23453.20225774802,111229.0940423703,8780.527267131605,390.3805109,1851.4175626,4.742596940044607,11.08,0.9925576288894593,12.4172,10.0417,2.375499999999999,10.7811,-0.7393999999999998,-2.375499999999999,-1.636099999999999,0.7393999999999998,2.375499999999999,1.636099999999999,0.2143952875094505,0.08958100535274856,-1.0382999999999996,-0.2988999999999997,1.3371999999999993,40.086,40.086,4.617869619325846,0.014558880096577706,0.00047243015592325654,9.961422499476353e-05,37.3691,38.7063
TRN-0324,18.6204,80.1765,35.0088,24.0491,13.5275,14.4397,16.6685,49.4543,28.5561,Valid,1,0,0,0,1,1492.9185006,35903.34631277946,154594.13576757547,8302.406364265487,447.80386164,1928.17266615,4.305841748520883,14.878566666666666,1.319323870607804,16.6685,13.5275,3.141000000000002,14.4397,-0.9122000000000003,-3.141000000000002,-2.2288000000000014,0.9122000000000003,3.141000000000002,2.2288000000000014,0.21110903081329327,0.08867277416518818,-1.3510666666666662,-0.43886666666666585,1.7899333333333356,34.57573333333334,34.57573333333334,3.3238616181311187,0.009966094365312584,0.00041440612628791017,9.624276233181057e-05,49.887366666666665,51.6773
TRN-0154,15.6191,87.307,31.2849,31.8206,12.6735,13.9206,15.2714,60.0861,24.836,Invalid,0,0,0,0,0,1363.6567637,43392.37641499222,242552.9132705294,15529.249299977599,497.00913346,2778.1611242,5.589758335002764,13.955166666666665,1.060869845404651,15.2714,12.6735,2.597899999999999,13.9206,-1.2470999999999997,-2.597899999999999,-1.3507999999999996,1.2470999999999997,2.597899999999999,1.3507999999999996,0.1861604290291221,0.07601985663981999,-1.2816666666666645,-0.03456666666666486,1.3162333333333347,46.13093333333334,46.13093333333334,4.305652317135663,0.010233635785715296,0.00032160411158130303,5.7534525058638855e-05,45.240066666666664,46.5563
TRN-0666,8.1382,65.7363,39.0356,11.4716,7.6017,9.7427,9.234,32.6448,21.455,Valid,0,0,0,0,0,534.9751566599999,6137.0210071408555,49571.77926712461,6091.2453829936885,93.35817512,754.10053908,8.077497717247338,8.859466666666668,0.9133004848107522,9.7427,7.6017,2.140999999999999,9.234,-2.140999999999999,-1.6322999999999999,0.5086999999999993,2.140999999999999,1.6322999999999999,0.5086999999999993,0.2416623752751434,0.10308751261060556,-1.2577666666666678,0.8832333333333313,0.37453333333333205,23.785333333333327,23.785333333333327,3.684736061831856,0.016560519754633626,0.001443610288267621,0.00017871996521947388,47.89506666666667,48.7783
TRN-0826,28.4712,27.8256,35.3796,21.3808,15.2771,13.2259,19.943,48.6539,20.0595,Valid,0,0,0,0,0,792.2282227200001,16938.47318433178,16554.38405960909,581.443124215557,608.73703296,594.93358848,0.9773244198585089,16.148666666666667,2.8106439882861176,19.943,13.2259,6.717100000000002,15.2771,2.0512000000000015,-4.665900000000001,-6.717100000000002,2.0512000000000015,4.665900000000001,6.717100000000002,0.4159538197609409,0.1740480419996331,-0.8715666666666664,-2.922766666666668,3.7943333333333342,32.50523333333334,32.50523333333334,3.0128739413239103,0.020383856801817434,0.0009533720359548663,0.0009754918459994039,51.52826666666667,55.32260000000001
TRN-0131,18.5812,92.627,32.678,29.3111,14.2849,15.4514,17.3894,51.1103,34.9359,Valid,0,0,0,0,0,1721.1208123999997,50447.94424433763,251482.23642823184,13534.22937668194,544.63541132,2714.9992597,4.9849845550887695,15.708566666666664,1.2803856406914624,17.3894,14.2849,3.104499999999998,15.4514,-1.1664999999999992,-3.104499999999998,-1.9379999999999988,1.1664999999999992,3.104499999999998,1.9379999999999988,0.19763100404040648,0.08150874528225899,-1.423666666666664,-0.25716666666666477,1.680833333333334,35.40173333333334,35.40173333333334,3.2536575634744387,0.009126940156882462,0.00031138170051633846,6.246392146702226e-05,48.38656666666666,50.06739999999999
TRN-0206,15.64,43.7312,36.5787,24.7762,10.3069,10.4717,13.1759,67.9744,17.0176,Valid,0,0,0,0,0,683.9559680000001,16945.829854361604,47382.44722040013,3029.5680428920773,387.499768,1083.49295744,2.796112353189747,11.318166666666668,1.3153376279706879,13.1759,10.3069,2.8689999999999998,10.4717,-0.1647999999999996,-2.8689999999999998,-2.7042,0.1647999999999996,2.8689999999999998,2.7042,0.25348626071776104,0.11621471484686621,-1.0112666666666676,-0.846466666666668,1.8577333333333321,56.65623333333333,56.65623333333333,6.005777790356701,0.016548092537615775,0.0006679027680126056,0.0002388683432449402,47.89686666666667,49.754599999999996
TRN-0641,24.5801,94.9394,27.697,34.8704,17.3518,17.6709,21.5468,56.5225,37.4487,Valid,0,0,0,0,0,2333.6199459400004,81374.26096290618,314303.9902710622,12786.928347896624,857.11791904,3310.5748537599998,3.862449548112109,18.8565,1.9067846880722186,21.5468,17.3518,4.195,17.6709,-0.31909999999999883,-4.195,-3.8759000000000015,0.31909999999999883,4.195,3.8759000000000015,0.22246969360858623,0.1011208117599452,-1.5046999999999997,-1.1856000000000009,2.6903000000000006,37.666,37.666,2.997507331821529,0.008080364596097112,0.00023172560680291603,5.999446581533303e-05,46.5535,49.2438
TRN-0478,22.1023,75.3986,39.5437,15.7804,15.0451,15.3171,18.7467,40.8439,29.3263,Valid,0,0,0,0,0,1666.48247678,26297.760076579114,89710.76733688159,4058.8881373428762,348.78313492,1189.82006744,3.4113461761289017,16.369633333333336,1.6845039731492344,18.7467,15.0451,3.701600000000001,15.3171,-0.27200000000000024,-3.701600000000001,-3.4296000000000006,0.27200000000000024,3.701600000000001,3.4296000000000006,0.22612600407710187,0.10290419070138264,-1.3245333333333367,-1.0525333333333364,2.377066666666664,24.47426666666666,24.47426666666666,2.4951015501201477,0.00982286555760256,0.0006224725332135691,0.00018247122189557995,55.91333333333334,58.290400000000005
TRN-0026,23.3843,84.4197,26.1531,13.7255,16.0969,15.9865,19.9008,42.4546,28.9849,Valid,0,0,0,0,0,1974.0955907100001,27095.449030290107,97817.32523540931,4183.033960921445,320.96120965,1158.70259235,3.610101495015823,17.32806666666667,1.8197554127470597,19.9008,15.9865,3.914300000000001,16.0969,0.11040000000000205,-3.8038999999999987,-3.914300000000001,0.11040000000000205,3.8038999999999987,3.914300000000001,0.2258936238764688,0.10501779239053022,-1.2311666666666667,-1.3415666666666688,2.572733333333332,25.12653333333333,25.12653333333333,2.450048142509754,0.008777724209219654,0.0006395194501724638,0.00017714721420553485,43.48116666666667,46.0539
TRN-0363,12.5154,100.0179,26.6011,17.9126,11.5718,13.6642,13.2085,54.963,36.6662,Valid,0,0,0,0,0,1251.76402566,22422.34828603732,179190.13284737617,14317.570235853904,224.18335404,1791.58063554,7.991585727057408,12.814833333333333,0.8984299354367534,13.6642,11.5718,2.0923999999999996,13.2085,-2.0923999999999996,-1.6367000000000012,0.45569999999999844,2.0923999999999996,1.6367000000000012,0.45569999999999844,0.163279520091598,0.0701085875999037,-1.243033333333333,0.8493666666666666,0.39366666666666816,42.14816666666667,42.14816666666667,4.289013698525379,0.010237419402062794,0.0005715205726574933,7.15152845172382e-05,39.41593333333333,40.265299999999996
TRN-0430,20.7575,53.4003,34.8645,24.8433,12.9698,12.7579,16.7595,48.1514,19.0719,Valid,0,0,0,0,0,1108.45672725,27537.723012089926,70842.95652956789,3412.8846497257973,515.68479975,1326.63967299,2.5725784621183445,14.1624,1.8384634363148662,16.7595,12.7579,4.0016,12.9698,0.21189999999999998,-3.7897,-4.0016,0.21189999999999998,3.7897,4.0016,0.2825509601090945,0.12981297707322836,-1.1926000000000005,-1.4045000000000005,2.5970999999999993,33.989000000000004,33.989000000000004,3.3999460967105795,0.01277668278703057,0.0005142908872047253,0.00019991260519864235,49.0269,51.623999999999995
TRN-0936,10.8932,25.4503,34.2131,51.1712,7.0372,7.1364,9.181,62.3112,14.5568,Valid,0,0,0,0,0,277.23520795999997,14186.45827356275,33144.4955568294,3042.677313750972,557.41811584,1302.32239136,2.336347231635586,7.784866666666666,0.988045671459011,9.181,7.0372,2.143799999999999,7.1364,-0.09919999999999973,-2.143799999999999,-2.044599999999999,0.09919999999999973,2.143799999999999,2.044599999999999,0.27538040359752625,0.12691874978037662,-0.7476666666666656,-0.6484666666666659,1.3961333333333332,54.52633333333333,54.52633333333333,8.004143765578032,0.028080367915281214,0.0005487533615508137,0.0002348766072811062,41.99796666666666,43.394099999999995
TRN-0129,21.1678,103.3248,40.2966,38.4533,16.1599,17.4796,19.4539,49.4543,47.0142,Valid,1,0,0,0,1,2187.1587014399997,84103.46969408274,410527.9804914616,19393.983366125824,813.9717637399999,3973.1795318399995,4.8812250266336115,17.6978,1.3535921172938326,19.4539,16.1599,3.2940000000000005,17.4796,-1.319700000000001,-3.2940000000000005,-1.9742999999999995,1.319700000000001,3.2940000000000005,1.9742999999999995,0.18612481855796661,0.07648363303971112,-1.5379000000000005,-0.2181999999999995,1.7561,31.756500000000003,31.756500000000003,2.794375414211065,0.008091685335982382,0.00021042889269804686,4.31098508286087e-05,57.9944,59.7505
TRN-0688,20.0467,29.4538,26.8279,33.6621,11.6891,10.7337,15.4426,54.0091,16.7953,Valid,0,0,0,0,0,590.45149246,19875.837184337768,29202.758222552726,1456.7363588928035,674.8140200700001,991.4767609800001,1.4692592062903516,12.6218,2.032384768361214,15.4426,10.7337,4.7089,11.6891,0.9553999999999991,-3.7535000000000007,-4.7089,0.9553999999999991,3.7535000000000007,4.7089,0.373076710684949,0.16102177243653376,-0.9327000000000005,-1.8880999999999997,2.8208,41.387299999999996,41.387299999999996,4.279032762440162,0.021376523117990997,0.0006350323703250595,0.0004322125979805639,39.4497,42.2705
TRN-0157,22.4119,20.8205,26.7832,21.6598,11.8651,10.3674,15.741,52.7544,16.6935,Valid,0,0,0,0,0,466.62696394999995,10107.04671376421,9389.37645197095,418.94600783623616,485.43727162,450.9678659,0.9289930381184531,12.657833333333334,2.264245841089012,15.741,10.3674,5.3736,11.8651,1.4977,-3.8758999999999997,-5.3736,1.4977,3.8758999999999997,5.3736,0.4245275975724441,0.178880982438387,-0.7927333333333344,-2.2904333333333344,3.0831666666666653,40.09656666666666,40.09656666666666,4.16772716491286,0.02712623633889149,0.0012523770484649068,0.0013481015908493254,39.44103333333334,42.5242
TRN-0422,29.5699,19.6229,39.3521,44.9731,15.9528,13.5415,21.3873,41.892,20.6111,Valid,0,0,0,0,0,580.24719071,26095.514932519905,17317.261132751373,585.6381167035822,1329.85006969,882.5026439900001,0.6636106086388318,16.960533333333334,3.281340098530206,21.3873,13.5415,7.8458000000000006,15.9528,2.4113000000000007,-5.4345,-7.8458000000000006,2.4113000000000007,5.4345,7.8458000000000006,0.46259155789568973,0.19346914631582296,-1.0077333333333343,-3.419033333333335,4.426766666666666,24.93146666666667,24.93146666666667,2.4699693521841284,0.0292298413084091,0.0006499405501880857,0.0009794004492013591,56.31263333333334,60.7394
TRN-0561,21.2552,28.753,28.5431,55.9749,14.8131,15.3306,16.1621,58.7379,17.9232,Invalid,0,0,0,0,0,611.1507656,34209.10298938344,46276.4094552741,2177.1805147960777,1189.7576944799998,1609.4462997,1.352751263090855,15.435266666666669,0.5556777143472837,16.1621,14.8131,1.3489999999999984,15.3306,-0.5175000000000001,-1.3489999999999984,-0.8314999999999984,0.5175000000000001,1.3489999999999984,0.8314999999999984,0.08739725342847407,0.03600052336943279,-0.6221666666666685,-0.10466666666666846,0.7268333333333299,43.30263333333333,43.30263333333333,3.8054344938149542,0.02525607020430868,0.00045120349022322194,0.00033354503618633646,43.978366666666666,44.7052
TRN-0281,20.3633,63.1516,37.9498,43.269,14.0488,13.9778,17.9825,33.7963,25.6006,Valid,0,0,0,0,0,1285.97497628,55642.85124865932,172562.16256278864,8474.174327766832,881.0996276999999,2732.5065804,3.1012457164975364,15.336366666666668,1.8713233220252343,17.9825,13.9778,4.0047000000000015,14.0488,0.07099999999999973,-3.9337000000000018,-4.0047000000000015,0.07099999999999973,3.9337000000000018,4.0047000000000015,0.26112441270589437,0.12201867891394672,-1.2875666666666685,-1.3585666666666683,2.6461333333333332,18.459933333333332,18.459933333333332,2.2036704345224902,0.01192586709510089,0.0002756215097219801,8.887444639549814e-05,53.286166666666674,55.932300000000005
TRN-0108,18.4548,83.0207,37.7378,7.6421,13.5164,7.7951,16.5216,45.0359,30.0347,Invalid,0,0,0,0,0,1532.13041436,11708.693839580557,52672.68995858343,2854.145647985228,141.03342708,634.45249147,4.498596327318837,12.611033333333333,3.619642446737277,16.5216,7.7951,8.7265,13.5164,5.721300000000001,-3.0051999999999985,-8.7265,5.721300000000001,3.0051999999999985,8.7265,0.6919733758026668,0.2870218533280718,0.9053666666666675,-4.815933333333334,3.910566666666666,32.42486666666667,32.42486666666667,3.5711503759022887,0.00823104430726294,0.0010770657688243077,0.00023942261811595294,50.34883333333333,54.2594
TRN-0332,19.9914,90.3498,42.0529,54.2919,15.1578,16.3139,18.691,51.4997,37.3545,Valid,0,0,0,0,0,1806.2189917199998,98063.06087656306,443189.4683506557,22169.00498122446,1085.3710896599998,4905.26230662,4.519433130274361,16.7209,1.4708528841004682,18.691,15.1578,3.533199999999999,16.3139,-1.1561000000000003,-3.533199999999999,-2.3770999999999987,1.1561000000000003,3.533199999999999,2.3770999999999987,0.2113044027950407,0.08796492988628234,-1.5631000000000004,-0.40700000000000003,1.9700999999999986,34.7788,34.7788,3.079959626577539,0.009257404593459546,0.000170511707980204,3.772855898897971e-05,58.7738,60.7439
TRN-0185,13.0874,48.0294,42.0912,28.1127,9.6031,10.4584,12.469,52.8484,46.1158,Invalid,0,0,0,0,0,628.5799695600001,17671.080110249415,64851.03038397338,4955.226051679274,367.92214998000003,1350.23611338,3.6698959556599515,10.843499999999999,1.2012693869403315,12.469,9.6031,2.8659,10.4584,-0.8552999999999997,-2.8659,-2.0106,0.8552999999999997,2.8659,2.0106,0.2642965588327977,0.11078242967288256,-1.2403999999999993,-0.38509999999999955,1.6255000000000006,42.0049,42.0049,4.873739579126705,0.017250788297214683,0.0006136297233521693,0.0001672062870185721,52.9347,54.5602
TRN-0746,11.5123,78.7144,35.2434,11.023,9.9073,11.8385,11.9057,50.1068,25.1387,Valid,0,0,0,0,0,906.1837871199999,9988.86388542376,68298.03144660927,5932.613423381587,126.90008289999999,867.6688312,6.8374167770630745,11.217166666666666,0.9266218118640541,11.9057,9.9073,1.9984000000000002,11.8385,-1.9312000000000005,-1.9984000000000002,-0.0671999999999997,1.9312000000000005,1.9984000000000002,0.0671999999999997,0.17815548981571497,0.08260746735716865,-1.3098666666666663,0.6213333333333342,0.6885333333333339,38.889633333333336,38.889633333333336,4.466974328011442,0.01237846760637617,0.0011229672157123231,0.00016423850627775768,46.460566666666665,47.149100000000004
TRN-0656,12.9859,56.5878,41.075,23.6554,9.7232,10.5824,12.1611,23.4386,17.7576,Valid,0,0,0,0,0,734.84351202,17383.01721423791,75748.82769125374,5833.159184815419,307.18665886,1338.60704412,4.357633713671466,10.822233333333331,1.0096134981048712,12.1611,9.7232,2.437899999999999,10.5824,-0.8591999999999995,-2.437899999999999,-1.5786999999999995,0.8591999999999995,2.437899999999999,1.5786999999999995,0.22526771504947696,0.09329067057762577,-1.099033333333331,-0.23983333333333157,1.338866666666668,12.61636666666667,12.61636666666667,2.165781970531471,0.014727262528122481,0.0006225750799951224,0.00014286997783386212,51.89723333333333,53.2361
TRN-0270,18.3775,49.9777,28.7527,20.261,11.6306,11.4468,14.7626,43.6153,17.1733,Valid,0,0,0,0,0,918.46518175,18609.02304743675,50607.32804559269,2753.76548996475,372.34652750000004,1012.5981797,2.719504681294807,12.613333333333332,1.521612305710259,14.7626,11.4468,3.315800000000001,11.6306,0.18379999999999974,-3.1320000000000014,-3.315800000000001,0.18379999999999974,3.1320000000000014,3.315800000000001,0.26288052884139584,0.12063521551863456,-0.9827333333333321,-1.1665333333333319,2.1492666666666693,31.001966666666668,31.001966666666668,3.457872347420269,0.013733055504148158,0.0006778073894853344,0.0002492392667267595,41.366033333333334,43.5153
TRN-0462,9.376,27.3945,36.0394,38.8804,6.3963,7.0118,8.4734,42.8012,14.3644,Valid,0,0,0,0,0,256.85083199999997,9986.4630884928,29178.131727572105,3112.0017721384743,364.5426304,1065.1091178000001,2.921768033087881,7.2938333333333345,0.8711078017227385,8.4734,6.3963,2.0770999999999997,7.0118,-0.6154999999999999,-2.0770999999999997,-1.4615999999999998,0.6154999999999999,2.0770999999999997,1.4615999999999998,0.2847747707275866,0.1194307084466828,-0.8975333333333344,-0.28203333333333447,1.1795666666666653,35.50736666666667,35.50736666666667,5.8681343781549185,0.028397156622549616,0.0007303720314159575,0.00024997602318009256,43.33323333333333,44.5128
TRN-0245,12.2692,79.2162,37.8168,33.9754,10.6367,12.3656,12.7798,33.0432,26.8149,Valid,0,0,0,0,0,971.91940104,33021.350418094415,213202.645566936,17377.060296504722,416.85097767999997,2691.40208148,6.456508455603589,11.927366666666666,0.9281723056032697,12.7798,10.6367,2.1431000000000004,12.3656,-1.7289000000000012,-2.1431000000000004,-0.41419999999999924,1.7289000000000012,2.1431000000000004,0.41419999999999924,0.17967921002295484,0.07781870497689332,-1.2906666666666666,0.4382333333333346,0.8524333333333338,21.115833333333335,21.115833333333335,2.7703681921657877,0.012271970949064135,0.00036120166241807397,5.594380236180544e-05,49.744166666666665,50.5966
TRN-0986,16.4933,30.86,41.2013,54.7611,10.5093,10.1223,13.7721,54.7129,17.9657,Valid,0,0,0,0,0,508.98323800000003,27872.4819944418,52151.16406956,3161.960366185034,903.19125063,1689.927546,1.8710626817518212,11.4679,1.6369576414800724,13.7721,10.1223,3.649800000000001,10.5093,0.38700000000000045,-3.2628000000000004,-3.649800000000001,0.38700000000000045,3.2628000000000004,3.649800000000001,0.3182622521767498,0.1427425682764503,-0.9586000000000006,-1.345600000000001,2.3042,43.245,43.245,4.770960265527231,0.022530997332114507,0.00041144165065297856,0.0002198972967215851,52.669200000000004,54.973400000000005
TRN-0905,20.6906,44.6437,44.5003,38.915,12.5439,12.4742,16.1979,53.5546,20.3892,Valid,0,0,0,0,0,923.70493922,35945.9777097463,77559.92794218636,3748.558485187857,805.174699,1737.3095855000001,2.15768019498322,13.738666666666667,1.7391733598337908,16.1979,12.4742,3.723700000000001,12.5439,0.06970000000000098,-3.654,-3.723700000000001,0.06970000000000098,3.654,3.723700000000001,0.27103792670046156,0.12658966662782348,-1.1947666666666663,-1.2644666666666673,2.4592333333333336,39.815933333333334,39.815933333333334,3.898092689870971,0.014873436384777276,0.0003822031710257083,0.00017713614531372976,58.23896666666667,60.6982
TRN-0355,12.6951,77.0043,34.7021,7.1159,10.4104,11.9463,12.3935,66.5491,24.5341,Valid,0,0,0,0,0,977.57728893,6956.342230296987,42194.88338055299,3323.71387833409,90.33706209,547.95489837,6.065670529127733,11.5834,0.8492913555822097,12.3935,10.4104,1.9831000000000003,11.9463,-1.5359000000000016,-1.9831000000000003,-0.4471999999999987,1.5359000000000016,1.9831000000000003,0.4471999999999987,0.17120187758327632,0.07331968871510273,-1.173,0.36290000000000155,0.8101000000000003,54.9657,54.9657,5.745212481204787,0.011849088680066858,0.0016651567181220055,0.000274521436527162,46.2855,47.095600000000005
TRN-0684,28.7954,59.5556,32.8725,33.6192,17.5358,16.2295,22.6425,49.5823,22.6681,Valid,0,0,0,0,0,1714.92732424,57654.48469908941,119242.9148039301,4141.040258613871,968.07831168,2002.2116275199999,2.0682330487427487,18.802599999999998,2.7670958217356083,22.6425,16.2295,6.412999999999997,17.5358,1.3062999999999967,-5.1067,-6.412999999999997,1.3062999999999967,5.1067,6.412999999999997,0.34106983390223494,0.14716558744907732,-1.2668,-2.5730999999999966,3.8399,30.7797,30.7797,2.6369915523921397,0.010964079773682899,0.00032612554075903203,0.00015768316323665216,51.6751,55.515
TRN-0433,14.1649,48.5547,35.8988,14.1726,9.8755,10.08,12.6932,52.2889,17.3311,Valid,0,0,0,0,0,687.7724700299999,9747.524108747177,33412.73915403472,2358.8402879790497,200.75346173999998,688.14634122,3.427817815316888,10.8829,1.282795029093372,12.6932,9.8755,2.8176999999999985,10.08,-0.20449999999999946,-2.8176999999999985,-2.613199999999999,0.20449999999999946,2.8176999999999985,2.613199999999999,0.25891074447888474,0.11787252581764478,-1.0073999999999987,-0.8028999999999993,1.8102999999999998,41.406,41.406,4.8046839716726275,0.015823401573054962,0.001116478387482775,0.00032571109927574237,46.7817,48.592
TRN-0205,11.8979,97.544,25.2669,56.4937,11.918,13.5932,14.1341,49.7389,35.013,Valid,0,0,0,0,0,1160.5687576,65564.82322122713,537528.060942803,45178.39415059875,672.1563932299999,5510.6214727999995,8.198420881128529,13.2151,0.943396173407546,14.1341,11.918,2.216100000000001,13.5932,-1.6752000000000002,-2.216100000000001,-0.5409000000000006,1.6752000000000002,2.216100000000001,0.5409000000000006,0.16769451856629783,0.07138773842194214,-1.2971000000000004,0.3780999999999999,0.9190000000000005,36.5238,36.5238,3.7637926490308327,0.011386744561297204,0.00020155777672439375,2.458494906628065e-05,38.482,39.400999999999996
TRN-0806,25.4865,99.3398,44.008,55.3353,18.2879,18.9374,22.9072,48.9598,46.4182,Valid,0,0,0,0,0,2531.8238127,140099.2302228983,546070.6456554126,21425.87739507328,1410.30312345,5496.997634939999,3.897741788878748,20.04416666666667,2.0417610802659762,22.9072,18.2879,4.619299999999999,18.9374,-0.6494999999999997,-4.619299999999999,-3.9697999999999993,0.6494999999999997,4.619299999999999,3.9697999999999993,0.23045606466772212,0.10186310123824262,-1.7562666666666686,-1.106766666666669,2.8630333333333304,28.915633333333332,28.915633333333332,2.4425958121184475,0.007916888433628477,0.00014307121198762668,3.67061786347667e-05,64.05216666666666,66.9152
TRN-0177,8.8071,96.5473,34.9594,44.9813,10.2865,12.7489,11.7695,36.0828,36.0541,Valid,0,0,0,0,0,850.3017258300001,38247.67702007698,419287.8413507827,47607.929255129784,396.15480722999996,4342.82306549,10.962438150760393,11.601633333333334,1.0122542017146134,12.7489,10.2865,2.4624000000000006,11.7695,-2.4624000000000006,-1.4830000000000005,0.9794,2.4624000000000006,1.4830000000000005,0.9794,0.21224595856509074,0.08725100038761321,-1.3151333333333337,1.1472666666666669,0.16786666666666683,24.481166666666667,24.481166666666667,3.11014801564021,0.013644137095411115,0.000303329097004769,2.7669853950283183e-05,46.561033333333334,47.7083
TRN-0744,28.2125,108.5078,19.6145,8.0209,19.8403,20.0427,24.2394,52.7439,48.0361,Valid,0,0,0,0,0,3061.2763075,24554.191134826746,94437.61668833156,3347.367774602172,226.28964124999996,870.33021302,3.8460893630096815,21.374133333333333,2.0277337503287316,24.2394,19.8403,4.399100000000001,20.0427,-0.2024000000000008,-4.399100000000001,-4.1967,0.2024000000000008,4.399100000000001,4.1967,0.20581418322703848,0.09486857894246718,-1.5338333333333338,-1.331433333333333,2.865266666666667,31.369766666666663,31.369766666666663,2.467650814645858,0.006982098699808801,0.0008704881873362374,0.00022633071526621795,40.98863333333333,43.853899999999996
TRN-0295,28.491,65.9864,38.1329,46.6129,18.1348,17.2158,23.268,39.7368,29.2011,Valid,0,0,0,0,0,1880.0185224000002,87633.11538277897,202962.12154344204,7123.727297031159,1328.0481339,3075.81746456,2.316043581620737,19.539533333333335,2.66298554425083,23.268,17.2158,6.052199999999999,18.1348,0.9189999999999969,-5.133200000000002,-6.052199999999999,0.9189999999999969,5.133200000000002,6.052199999999999,0.3097412608075971,0.13628705264014035,-1.4047333333333363,-2.323733333333333,3.728466666666666,20.197266666666668,20.197266666666668,2.033661566448453,0.010393266390799292,0.00022296974434564193,9.627182246937056e-05,57.67243333333333,61.4009
TRN-0948,27.7984,49.1388,26.1832,34.6076,16.6847,14.9078,21.5841,60.4037,21.0112,Valid,0,0,0,0,0,1365.9800179200001,47273.29006816819,83564.26074888135,3006.081563787836,962.0359078399999,1700.57593488,1.7676844074592635,17.725533333333335,2.8232069168864604,21.5841,14.9078,6.6762999999999995,16.6847,1.7768999999999995,-4.8994,-6.6762999999999995,1.7768999999999995,4.8994,6.6762999999999995,0.3766487302695886,0.15927344495208504,-1.0408333333333353,-2.8177333333333348,3.8585666666666647,42.67816666666667,42.67816666666667,3.407722377452354,0.012976422120250242,0.0003749587411284071,0.00021211859201852035,43.90873333333333,47.7673
TRN-0844,21.372,93.2079,34.9139,44.387,15.903,16.6672,19.6773,49.3534,37.785,Valid,0,0,0,0,0,1992.0392387999998,88420.6456926156,385621.50017091265,18043.3034871612,948.638964,4137.2190573,4.3612154051462,17.415833333333335,1.6292480931058,19.6773,15.903,3.7742999999999984,16.6672,-0.7642000000000007,-3.7742999999999984,-3.0100999999999978,0.7642000000000007,3.7742999999999984,3.0100999999999978,0.21671657686684076,0.0935498157551644,-1.5128333333333348,-0.7486333333333341,2.2614666666666636,31.937566666666665,31.937566666666665,2.8338234652094276,0.008742715999450834,0.00019696568823621298,4.5163024690192945e-05,52.32973333333334,54.5912
TRN-0035,21.0816,84.4086,44.5723,45.0304,15.2472,16.1899,18.847,46.072,34.834,Valid,0,0,0,0,0,1779.4683417600004,80130.17121678952,320833.12320552045,15218.631792031374,949.3128806400001,3800.95302144,4.0038989448666635,16.761366666666667,1.5241545466986686,18.847,15.2472,3.599800000000002,16.1899,-0.9427000000000021,-3.599800000000002,-2.6571,0.9427000000000021,3.599800000000002,2.6571,0.21476767717224676,0.09093258837879648,-1.514166666666668,-0.5714666666666659,2.085633333333334,29.310633333333335,29.310633333333335,2.748701711950594,0.009419311523502219,0.0002091767234729871,5.2243254995455586e-05,61.333666666666666,63.4193
TRN-0971,10.7856,47.0839,39.4542,52.5867,8.5482,9.3426,10.8938,58.0583,16.9186,Valid,0,0,0,0,0,507.82811184,26705.00456889653,116579.1207370445,10808.773728700377,567.17911152,2475.98692413,4.365440553567669,9.594866666666666,0.9740597837002734,10.8938,8.5482,2.345600000000001,9.3426,-0.7943999999999996,-2.345600000000001,-1.5512000000000015,0.7943999999999996,2.345600000000001,1.5512000000000015,0.24446402821675198,0.10151883460407012,-1.0466666666666669,-0.2522666666666673,1.2989333333333342,48.463433333333334,48.463433333333334,6.050974543578038,0.018893925767535628,0.00035929095767624664,8.230347429216347e-05,49.04906666666667,50.348
TRN-0455,25.6612,102.5107,36.9688,45.8239,18.5978,19.1275,22.9467,48.6426,46.962,Valid,0,0,0,0,0,2630.54757484,120541.94901471068,481537.8693460283,18765.211704083074,1175.89626268,4697.44006573,3.994774055976569,20.224,1.9373464653145205,22.9467,18.5978,4.3489,19.1275,-0.5297000000000018,-4.3489,-3.8191999999999986,0.5297000000000018,4.3489,3.8191999999999986,0.21503657955713115,0.0957944209612391,-1.6262000000000008,-1.096499999999999,2.7226999999999997,28.4186,28.4186,2.405191732338225,0.007688133142219247,0.00016777561807436954,4.199877369442202e-05,57.192800000000005,59.9155
TRN-0792,14.0843,67.8778,45.1334,50.613,11.2984,12.3105,14.1442,31.1149,26.6744,Valid,0,0,0,0,0,956.01129854,48386.59985300502,233194.12022623088,16557.024748777443,712.8486759,3435.4990913999995,4.819394302919257,12.584366666666666,1.1778218946664025,14.1442,11.2984,2.8457999999999988,12.3105,-1.0120999999999984,-2.8457999999999988,-1.8337000000000003,1.0120999999999984,2.8457999999999988,1.8337000000000003,0.2261377031710479,0.09359404666681856,-1.2859666666666651,-0.2738666666666667,1.5598333333333336,18.53053333333333,18.53053333333333,2.472504048210289,0.013163407872607608,0.00026007958204620656,5.396519712591427e-05,57.71776666666667,59.2776
TRN-0662,8.1213,69.3968,29.281,41.901,8.2046,10.0533,9.4808,46.976,19.9671,Valid,0,0,0,0,0,563.59223184,23615.07810632784,201791.69004090625,24847.212292821838,340.2905913,2907.7953168000004,8.54503484109258,9.246233333333334,0.7727393106489554,10.0533,8.2046,1.848700000000001,9.4808,-1.848700000000001,-1.2762000000000011,0.5724999999999998,1.848700000000001,1.2762000000000011,0.5724999999999998,0.1999408552014852,0.08357340759396234,-1.0416333333333352,0.8070666666666657,0.23456666666666592,37.72976666666666,37.72976666666666,5.080554775758621,0.016405892052025986,0.00039153939238778957,4.582068434737407e-05,38.527233333333335,39.3343
TRN-0266,15.9753,99.6298,30.1634,13.0101,13.3042,14.9661,15.6586,44.586,38.6543,Valid,0,0,0,0,0,1591.61594394,20707.082592253795,129139.51520470521,8083.698404474833,207.84025053,1296.19366098,6.236489691180154,14.642966666666666,0.9879646428671199,15.6586,13.3042,2.3544,14.9661,-1.661900000000001,-2.3544,-0.692499999999999,1.661900000000001,2.3544,0.692499999999999,0.1607870790672829,0.06747024683501339,-1.3387666666666664,0.3231333333333346,1.0156333333333336,29.943033333333332,29.943033333333332,3.0448745783613127,0.009200062812400807,0.0007071477404275786,0.00011338873808951514,44.80636666666666,45.822
TRN-0326,30.0836,84.8342,42.2461,45.3787,19.8302,19.4816,24.9872,63.2539,37.3695,Valid,0,0,0,0,0,2552.11813912,115811.80339968474,326583.3109059266,10855.858343086209,1365.15465932,3849.66571154,2.8199483166925394,21.433000000000003,2.5172251548083655,24.9872,19.4816,5.505600000000001,19.8302,0.34860000000000113,-5.157,-5.505600000000001,0.34860000000000113,5.157,5.505600000000001,0.25687490053306117,0.11744622952279828,-1.602800000000002,-1.9514000000000031,3.554199999999998,41.820899999999995,41.820899999999995,2.9512386062968963,0.008398122196252338,0.00018506749200551074,6.562797082459679e-05,63.679100000000005,67.2333
TRN-0173,8.8793,48.0957,34.4588,23.3188,7.1496,8.3093,8.9484,47.6605,15.0183,Valid,0,0,0,0,0,427.05614901,9958.436927534389,53940.96324435661,6074.910991795031,207.05462084,1121.53400916,5.416608807382473,8.135766666666667,0.7445382118393175,8.9484,7.1496,1.798799999999999,8.3093,-1.1597,-1.798799999999999,-0.6390999999999991,1.1597,1.798799999999999,0.6390999999999991,0.22109775914200752,0.09151419292487796,-0.9861666666666666,0.17353333333333332,0.8126333333333324,39.52473333333333,39.52473333333333,5.858144179223735,0.01905081256054071,0.0008169722542856965,0.00015082724106464706,42.594566666666665,43.407199999999996
TRN-0473,21.7807,79.7624,44.4431,34.0606,15.1516,16.0863,18.7589,49.0243,32.4963,Valid,0,0,0,0,0,1737.28090568,59172.830016004205,216694.91507933786,9948.94127050079,741.86371042,2716.75520144,3.6620676258307756,16.6656,1.528582064092951,18.7589,15.1516,3.6073000000000004,16.0863,-0.9347000000000012,-3.6073000000000004,-2.672599999999999,0.9347000000000012,3.6073000000000004,2.672599999999999,0.21645183993064515,0.091720788472792,-1.5140000000000011,-0.5792999999999999,2.0932999999999993,32.3587,32.3587,2.9416460888509204,0.009592921867683736,0.0002816427741450069,7.690812677270884e-05,61.1087,63.202
TRN-0759,14.1698,79.0463,27.4585,28.9708,11.6621,12.8104,14.0205,55.029,24.5945,Valid,0,0,0,0,0,1120.07026174,32449.33153881719,181018.75789473427,12774.968250770373,410.51044184,2290.03454804,5.578504595794959,12.831000000000001,0.9629229494963065,14.0205,11.6621,2.3583999999999996,12.8104,-1.148299999999999,-2.3583999999999996,-1.2101000000000006,1.148299999999999,2.3583999999999996,1.2101000000000006,0.18380483330957573,0.07504659609147458,-1.1689000000000007,-0.020600000000001728,1.189499999999999,42.198,42.198,4.288753465142743,0.011455531341946214,0.00039541646595263845,7.088215690547706e-05,40.289500000000004,41.479
TRN-0090,25.4547,40.4219,23.6058,25.1758,14.7793,13.0121,19.0257,45.9565,18.5905,Valid,0,0,0,0,0,1028.92733793,25904.068874258093,41135.49488418144,1616.027423939548,640.84243626,1017.6536700199999,1.587993510511084,15.605699999999999,2.5236282029385126,19.0257,13.0121,6.0136,14.7793,1.767199999999999,-4.246400000000001,-6.0136,1.767199999999999,4.246400000000001,6.0136,0.3853463551557217,0.1617119412283058,-0.8263999999999996,-2.5935999999999986,3.4200000000000017,30.3508,30.3508,2.9448532943185315,0.015166960201707385,0.0006024420362356882,0.0003793730947824761,39.2115,42.6315
TRN-0346,13.4272,55.4707,35.9373,17.5331,9.7561,10.4939,12.1206,55.9888,17.4079,Invalid,0,0,0,0,0,744.8161830399999,13058.936618858625,53949.323425861025,4017.9128491381807,235.42044032,972.5733301700001,4.131218412534378,10.790199999999999,0.9877787640290038,12.1206,9.7561,2.3644999999999996,10.4939,-0.7378,-2.3644999999999996,-1.6266999999999996,0.7378,2.3644999999999996,1.6266999999999996,0.21913400871772454,0.09154405594752164,-1.0340999999999987,-0.2962999999999987,1.330400000000001,45.1986,45.1986,5.1888560741361545,0.014487064367307729,0.000826269421017897,0.00020000621536298317,46.7275,48.057900000000004
TRN-0250,19.19,70.3763,45.3644,54.5215,13.7609,14.6353,17.4645,53.9176,29.2459,Valid,0,0,0,0,0,1350.521197,73632.4414422355,270035.37199954136,14071.670553823385,1046.267585,3837.0214404500002,3.6673421747085886,15.286900000000001,1.5806328184200997,17.4645,13.7609,3.7036000000000016,14.6353,-0.8744000000000014,-3.7036000000000016,-2.8292,0.8744000000000014,3.7036000000000016,2.8292,0.2422727798132533,0.10339785797135075,-1.5260000000000016,-0.6516000000000002,2.1776,38.6307,38.6307,3.5270458021544067,0.011319259573739767,0.0002076109348049383,5.66107317228402e-05,60.651300000000006,62.828900000000004
TRN-0585,19.7951,57.3239,36.9512,42.1921,13.0019,13.2516,16.721,24.2143,20.122,Valid,0,0,0,0,0,1134.7323328900002,47876.74006252818,138644.48573992346,7003.979708915022,835.1968387100002,2418.6157211900004,2.895862971348315,14.324833333333332,1.69740950536071,16.721,13.0019,3.719100000000001,13.2516,-0.2497000000000007,-3.719100000000001,-3.4694000000000003,0.2497000000000007,3.719100000000001,3.4694000000000003,0.2596260391888652,0.11849418051634315,-1.3229333333333333,-1.0732333333333326,2.3961666666666677,9.889466666666669,9.889466666666669,1.6903720794630253,0.012623975633289715,0.00029920235409356506,0.00010332061355906558,51.27603333333333,53.672200000000004
TRN-0057,30.1846,57.0555,30.0486,29.5513,18.1997,16.6974,23.4507,84.119,22.705,Valid,0,0,0,0,0,1722.1974453,50893.17336529389,96199.23580049184,3187.0302277804444,891.99416998,1686.0641971500002,1.890218790700596,19.449266666666663,2.8951485699739536,23.4507,16.6974,6.753300000000003,18.1997,1.5023000000000017,-5.251000000000001,-6.753300000000003,1.5023000000000017,5.251000000000001,6.753300000000003,0.3472264414137412,0.14885643097687606,-1.249566666666663,-2.7518666666666647,4.001433333333338,64.66973333333334,64.66973333333334,4.325047165871867,0.011293285046062411,0.0003821586546919423,0.00020217693523886653,49.49786666666667,53.499300000000005
TRN-0187,31.0442,84.7434,25.919,22.4294,19.9745,19.1135,25.0038,51.3905,32.1574,Valid,0,0,0,0,0,2630.79105828,59007.064962585435,161075.47654474466,5188.585028963852,696.30277948,1900.74361596,2.729765858686458,21.363933333333332,2.597665909149126,25.0038,19.1135,5.8903,19.9745,0.8610000000000007,-5.029299999999999,-5.8903,0.8610000000000007,5.029299999999999,5.8903,0.27571232471022855,0.1215911764480612,-1.3894333333333329,-2.2504333333333335,3.6398666666666664,30.02656666666667,30.02656666666667,2.4054792154934383,0.008120725991512322,0.00036205721037840956,0.0001326330599262022,47.28293333333333,50.922799999999995
TRN-0557,15.5447,29.2815,39.9119,30.1967,0.1218,9.5419,12.5008,57.9382,16.9847,Invalid,0,0,0,0,0,455.17213305,13744.696350070935,25890.839075350577,1665.5733085731645,469.39864249000004,884.20467105,1.8836965728707167,7.388166666666667,5.278183759800545,12.5008,0.1218,12.379,9.5419,-9.4201,-12.379,-2.9589,9.4201,12.379,2.9589,1.6755169290283656,0.7144103921212055,-7.266366666666666,2.1537333333333333,5.112633333333333,50.55003333333333,50.55003333333333,7.842025602829894,0.016231588258553382,0.0005375285475907228,0.00028535833253141754,47.300066666666666,52.4127
TRN-0098,21.2152,65.8614,33.6448,35.9575,14.2849,14.3922,18.1252,58.3774,24.619,Valid,0,0,0,0,0,1397.26277328,50242.0761702156,155973.7110881367,7351.978946046125,762.845554,2368.2112905000004,3.1044438372278442,15.600766666666667,1.7855813363968853,18.1252,14.2849,3.840299999999999,14.3922,-0.1073000000000004,-3.840299999999999,-3.7329999999999988,0.1073000000000004,3.840299999999999,3.7329999999999988,0.24616096348933936,0.11445470982892991,-1.3158666666666665,-1.2085666666666661,2.5244333333333326,42.776633333333336,42.776633333333336,3.7419568861814345,0.011165234595694167,0.0003105119822975104,0.00010002177006451462,49.24556666666666,51.769999999999996
TRN-0734,30.9058,62.5443,43.9515,46.107,18.7959,17.6931,16.8485,56.4007,30.8448,Invalid,0,0,0,0,0,1932.9816269399998,89123.98387332258,180360.87674702643,5835.825990953169,1424.9737206,2883.7300400999998,2.023707458674182,17.77916666666667,0.797348645337923,18.7959,16.8485,1.9473999999999982,17.6931,1.1027999999999984,1.9473999999999982,0.8445999999999998,1.1027999999999984,1.9473999999999982,0.8445999999999998,0.10953268659764583,0.044847355077978976,1.016733333333331,-0.0860666666666674,-0.9306666666666672,38.62153333333333,38.62153333333333,3.172291361296009,0.009197793920894181,0.00019948801538918873,9.85755169703743e-05,61.73066666666667,62.7474
TRN-0718,11.7229,106.4226,33.7749,44.7718,11.9335,13.57855,13.9352,52.3137,45.356,Invalid,1,0,1,0,0,1247.5814975399999,55856.46929156136,507075.0999179486,43255.0867671704,524.8553342199999,4764.73136268,9.078179539347813,13.149083333333335,0.8717919995936847,13.9352,11.9335,2.0016999999999996,13.57855,-1.6450499999999995,-2.0016999999999996,-0.35665000000000013,1.6450499999999995,2.0016999999999996,0.35665000000000013,0.15223113254552853,0.06630058622284939,-1.2155833333333348,0.42946666666666466,0.7861166666666648,39.16461666666666,39.16461666666666,3.978505169929069,0.010539658810844212,0.00023540842269248932,2.5931234516218798e-05,46.92398333333334,47.710100000000004
TRN-0389,14.6259,73.7701,26.7014,45.617,11.3153,12.2835,13.6233,67.4187,22.432,Valid,0,0,0,0,0,1078.95410559,49218.64943469902,248248.97549297416,16973.243254755667,667.1896803,3365.1706517,5.043798669223865,12.407366666666666,0.9462991821946283,13.6233,11.3153,2.308,12.2835,-0.9681999999999995,-2.308,-1.3398000000000003,0.9681999999999995,2.308,1.3398000000000003,0.18601850626226035,0.07626913360010543,-1.0920666666666659,-0.12386666666666635,1.215933333333334,55.01133333333333,55.01133333333333,5.4337633744122416,0.011499438753590505,0.00025208669496053703,4.997952818124655e-05,39.10876666666667,40.3247
TRN-0680,20.7467,66.0727,27.8669,12.5571,13.8576,13.7229,16.9478,56.1486,22.4213,Valid,0,0,0,0,0,1370.79048509,17213.15320032364,54819.29692235505,2642.3139236621305,260.51838657,829.6815011699999,3.1847328401754087,14.842766666666668,1.4894988023567606,16.9478,13.7229,3.2249000000000017,13.8576,0.13470000000000049,-3.090200000000001,-3.2249000000000017,0.13470000000000049,3.090200000000001,3.2249000000000017,0.21727079965297588,0.10035182358218955,-0.9851666666666681,-1.1198666666666686,2.105033333333333,41.30583333333333,41.30583333333333,3.782892871529373,0.0108278885922266,0.0008622921374757359,0.00027075806330422125,42.70966666666667,44.8147
TRN-0709,29.2852,102.7158,48.2417,54.5325,20.3658,20.6792,25.271,68.8564,54.4227,Valid,0,0,0,0,0,3008.05274616,164036.6363799702,575347.0809513933,19646.342224231048,1596.995169,5601.3493634999995,3.507430254619048,22.105333333333334,2.2421178936195325,25.271,20.3658,4.905200000000001,20.6792,-0.31340000000000146,-4.905200000000001,-4.591799999999999,0.31340000000000146,4.905200000000001,4.591799999999999,0.2219011902752945,0.10142881622190947,-1.739533333333334,-1.4261333333333326,3.1656666666666666,46.75106666666666,46.75106666666666,3.114922351396841,0.007348718653355961,0.00013475851383586257,3.842086640422605e-05,70.34703333333334,73.5127
TRN-0406,25.1233,40.9434,43.4653,22.5027,22.7285,13.9656,19.5208,49.8444,21.013,Invalid,0,0,0,0,0,1028.63332122,23147.027037417294,37722.67125750961,1501.5013854074991,565.34208291,921.33704718,1.6296982629790566,18.7383,3.6199754870256604,22.7285,13.9656,8.7629,19.5208,8.7629,3.207699999999999,-5.555200000000001,8.7629,3.207699999999999,5.555200000000001,0.46764645311226455,0.19318589700451821,3.9902000000000015,-4.772699999999999,0.7825000000000024,31.1061,31.1061,2.6600277154262812,0.018216695488299888,0.0008095337672911473,0.000496738416841913,62.203599999999994,66.1938
TRN-0496,13.5539,39.9312,20.6458,47.9961,8.8443,8.5335,10.9148,48.4001,15.0114,Valid,0,0,0,0,0,541.2234916799999,25976.616829022445,76529.81665225957,5646.331388451161,650.53433979,1916.5418683199998,2.9461038560042603,9.430866666666667,1.0569430017218944,10.9148,8.5335,2.3812999999999995,8.8443,0.3108000000000004,-2.070499999999999,-2.3812999999999995,0.3108000000000004,2.070499999999999,2.3812999999999995,0.252500627107375,0.11207272109836212,-0.5865666666666662,-0.8973666666666666,1.4839333333333329,38.969233333333335,38.969233333333335,5.132094067131257,0.01742508740699232,0.0003630521529565372,0.00012323127219023575,30.076666666666668,31.5606
TRN-0500,18.4778,63.4249,40.0174,37.7434,12.4168,13.2615,15.4617,34.8244,25.4269,Valid,0,0,0,0,0,1171.9526172199999,44233.47641278135,151831.05229697344,8216.943796340996,697.4149965199999,2393.87137066,3.4324917775659562,13.713333333333333,1.283476794578781,15.4617,12.4168,3.0449,13.2615,-0.8446999999999996,-3.0449,-2.2002000000000006,0.8446999999999996,3.0449,2.2002000000000006,0.2220393615430704,0.09359334231784922,-1.2965333333333326,-0.4518333333333331,1.7483666666666675,21.111066666666666,21.111066666666666,2.53945533256281,0.011701269420056924,0.00031002160456601184,9.031968840221475e-05,53.73073333333333,55.4791
TRN-0238,24.5424,90.2796,44.3099,53.5612,17.2203,17.7766,21.3428,43.8869,39.469,Valid,0,0,0,0,0,2215.67805504,118674.37544160844,436545.535282541,17787.401293074014,1314.52039488,4835.48371152,3.678515398717509,18.779899999999998,1.8264190337013757,21.3428,17.2203,4.122499999999999,17.7766,-0.5562999999999967,-4.122499999999999,-3.566200000000002,0.5562999999999967,4.122499999999999,3.566200000000002,0.2195165991556611,0.09725392235568099,-1.559599999999996,-1.0032999999999994,2.5629000000000026,25.107,25.107,2.336907952816152,0.008475915509839288,0.00015824730427237057,4.3019338149460746e-05,63.0898,65.6527
TRN-0494,16.9402,91.4089,28.7547,32.746,13.7494,14.6965,16.65,55.3822,32.4537,Valid,0,0,0,0,0,1548.48504778,50706.691374603884,273612.0518761307,16151.641404734846,554.7237892,2993.2758394,5.395974935598462,15.031966666666667,1.2076902205817879,16.65,13.7494,2.900599999999999,14.6965,-0.9471000000000007,-2.900599999999999,-1.9534999999999982,0.9471000000000007,2.900599999999999,1.9534999999999982,0.19296209680067825,0.0803414594391283,-1.2825666666666677,-0.335466666666667,1.6180333333333312,40.35023333333333,40.35023333333333,3.684294779505801,0.00970753103396759,0.00029644936908462696,5.493897861420586e-05,43.78666666666667,45.4047
TRN-0597,11.0549,38.0733,34.939,28.6861,7.5375,8.2343,9.2702,52.9228,15.2692,Valid,0,0,0,0,0,420.89652417,12073.879781993037,41582.68705313983,3761.4707769106058,317.12196689,1092.17449113,3.44401998715321,8.347333333333333,0.711872986486276,9.2702,7.5375,1.7327000000000012,8.2343,-0.6967999999999996,-1.7327000000000012,-1.0359000000000016,0.6967999999999996,1.7327000000000012,1.0359000000000016,0.20757524867319935,0.08528147526612899,-0.8098333333333336,-0.11303333333333399,0.9228666666666676,44.57546666666667,44.57546666666667,6.340083898240889,0.01983226953456517,0.0006913546832801148,0.00020074059481690713,43.28633333333333,44.2092
TRN-0749,16.9551,49.3238,37.9182,46.079,11.5897,11.7664,14.8056,46.527,18.7843,Valid,0,0,0,0,0,836.28996138,38535.40513042902,112102.70747870876,6611.739291833694,781.2740529000001,2272.7913802,2.9090832310583106,12.720566666666668,1.4761049473379442,14.8056,11.5897,3.2158999999999995,11.7664,-0.1767000000000003,-3.2158999999999995,-3.0391999999999992,0.1767000000000003,3.2158999999999995,3.0391999999999992,0.25281104462240583,0.11604080777039306,-1.1308666666666678,-0.9541666666666675,2.0850333333333317,33.80643333333333,33.80643333333333,3.657619787041474,0.015210713076676385,0.0003301007637854552,0.00011347243035115066,50.63876666666667,52.7238
TRN-0973,28.9136,58.5679,27.1528,37.1643,17.6326,16.1946,22.4584,51.0747,22.3777,Valid,0,0,0,0,0,1693.40883344,62934.35390861419,127480.94136615036,4409.0302472580415,1074.5537044799999,2176.63500597,2.025617632338497,18.761866666666666,2.6789587546076348,22.4584,16.1946,6.2638,17.6326,1.4379999999999988,-4.825800000000001,-6.2638,1.4379999999999988,4.825800000000001,6.2638,0.3338580204959339,0.14278742405625297,-1.1292666666666662,-2.567266666666665,3.696533333333335,32.31283333333333,32.31283333333333,2.7222609660946513,0.011079348521806372,0.0002981180468399232,0.00014717389490113443,45.91466666666666,49.6112
TRN-0995,14.8736,90.321,43.7769,6.3052,12.5782,14.5,15.1172,49.4543,35.587,Valid,1,0,0,0,1,1343.3984255999999,8470.39575309312,51437.0841501132,3458.280489715517,93.78102272,569.4919692,6.072571127866077,14.065133333333335,1.0811913223641574,15.1172,12.5782,2.5389999999999997,14.5,-1.9217999999999993,-2.5389999999999997,-0.6172000000000004,1.9217999999999993,2.5389999999999997,0.6172000000000004,0.1805172947394293,0.07687031611221895,-1.4869333333333348,0.4348666666666645,1.052066666666665,35.38916666666667,35.38916666666667,3.5160915514896254,0.010469815249769726,0.001660504862070546,0.0002734434419340805,57.84203333333333,58.894099999999995
TRN-0420,16.7887,100.0701,39.1768,10.3787,13.9253,15.7353,16.7186,56.4779,42.4476,Valid,0,0,0,0,0,1680.0468878699999,17436.702635136367,103932.56037503558,6190.625491217908,174.24488069,1038.59754687,5.960562404440939,15.459733333333332,1.1568877684930754,16.7186,13.9253,2.7932999999999986,15.7353,-1.8100000000000005,-2.7932999999999986,-0.9832999999999981,1.8100000000000005,2.7932999999999986,0.9832999999999981,0.1806822769248535,0.074832318819261,-1.5344333333333324,0.27556666666666807,1.2588666666666661,41.018166666666666,41.018166666666666,3.6532257788043494,0.009201965394984633,0.0008866202318145919,0.00014874773870093155,54.63653333333333,55.895399999999995
TRN-0621,20.8151,108.1273,37.7482,18.9016,16.2126,17.5534,19.6291,65.7172,50.4377,Valid,0,0,0,0,0,2250.6805622300003,42541.46371504657,220988.30222078945,10616.729758879836,393.43869416,2043.77897368,5.194656514037573,17.798366666666666,1.4054950642231223,19.6291,16.2126,3.4165000000000028,17.5534,-1.3408000000000015,-3.4165000000000028,-2.075700000000001,1.3408000000000015,3.4165000000000028,2.075700000000001,0.19195580538537416,0.07896763852425506,-1.585766666666668,-0.24496666666666655,1.8307333333333347,47.91883333333334,47.91883333333334,3.692316128690678,0.007907993234332573,0.00041837692246477994,8.053985884195705e-05,55.54656666666666,57.3773
TRN-0128,26.0646,105.4747,36.4848,29.7454,18.6229,19.0469,22.9939,59.9133,49.6719,Valid,0,0,0,0,0,2749.15586562,81774.74088521315,330914.96752091305,12695.953700611533,775.30195284,3137.38714138,4.046664669833235,20.221233333333334,1.9681978784890728,22.9939,18.6229,4.370999999999999,19.0469,-0.4239999999999995,-4.370999999999999,-3.946999999999999,0.4239999999999995,4.370999999999999,3.946999999999999,0.21615891136747775,0.09733322140699552,-1.5983333333333327,-1.1743333333333332,2.772666666666666,39.69206666666666,39.69206666666666,2.9628903464729146,0.007355433563755954,0.0002472796992590966,6.110703751106178e-05,56.70603333333334,59.4787
TRN-0436,12.9292,15.0079,18.0,47.765,7.7726,6.8596,10.0741,61.009,13.2914,Valid,0,0,0,0,0,194.04014067999998,9268.3273195802,10758.44828601365,832.1046510154534,617.563238,716.8523435,1.1607755189203108,8.235433333333333,1.352507198584252,10.0741,6.8596,3.2144999999999992,7.7726,0.9129999999999994,-2.3015,-3.2144999999999992,0.9129999999999994,2.3015,3.2144999999999992,0.3903254971008815,0.1642302207559244,-0.4628333333333332,-1.3758333333333326,1.8386666666666667,52.77356666666667,52.77356666666667,7.408109582400897,0.04244190538118006,0.0008885565915487966,0.0007654852366836388,26.235433333333333,28.0741
TRN-0733,11.1191,95.9778,32.2408,9.3445,10.3419,12.6769,11.9418,52.1243,34.3407,Valid,0,0,0,0,0,1067.18675598,9972.326641255111,86079.08660854338,7741.550922915746,103.90242995,896.8645521,8.631794962560374,11.653533333333334,0.9748092132423768,12.6769,10.3419,2.334999999999999,11.9418,-2.334999999999999,-1.5998999999999999,0.7350999999999992,2.334999999999999,1.5998999999999999,0.7350999999999992,0.20036839753593488,0.08364923338785463,-1.311633333333333,1.023366666666666,0.2882666666666669,40.47076666666666,40.47076666666666,4.4728318902279804,0.010919863142147039,0.0011685872065155339,0.00013538170294712833,43.894333333333336,44.917699999999996
TRN-0451,15.2425,33.3987,35.7329,11.8259,9.3907,9.3412,12.0736,32.7026,16.184,Valid,0,0,0,0,0,509.07968474999996,6020.3254438850245,13191.47406282977,865.440262252879,180.25628075,394.96968633,2.1911561626271174,10.268500000000001,1.276558412294557,12.0736,9.3412,2.7324,9.3907,0.0495000000000001,-2.6829,-2.7324,0.0495000000000001,2.6829,2.7324,0.2660953142040888,0.12431789336092551,-0.8778000000000006,-0.9273000000000007,1.8050999999999995,22.434099999999994,22.434099999999994,3.1847491664070535,0.02017071253760984,0.001705638689138359,0.0007784194511025581,46.001400000000004,47.8065
TRN-0061,30.0389,73.7471,41.4148,46.8461,19.0801,18.3148,24.107,44.198,31.9481,Valid,0,0,0,0,0,2215.2817621900003,103777.31095972897,254778.8277559507,8481.629462940427,1407.20531329,3454.7640213100003,2.455053199183286,20.500633333333337,2.569154390499375,24.107,18.3148,5.792199999999998,19.0801,0.7652999999999999,-5.026899999999998,-5.792199999999998,0.7652999999999999,5.026899999999998,5.792199999999998,0.2825375988772248,0.12532072660415278,-1.420533333333335,-2.185833333333335,3.6063666666666627,23.697366666666664,23.697366666666664,2.155933288763438,0.009254187739898367,0.00019754446461896775,8.046443071356839e-05,61.91543333333334,65.5218
TRN-0051,31.1752,99.3175,25.9078,5.095,20.6205,20.1688,25.4065,34.0022,42.1474,Valid,0,0,0,0,0,3096.242926,15775.357707969999,50256.905782843736,1612.0796072122753,158.83764399999998,506.02266249999997,3.185785393973883,22.065266666666663,2.3697944163060978,25.4065,20.1688,5.2377,20.6205,0.4516999999999989,-4.786000000000001,-5.2377,0.4516999999999989,4.786000000000001,5.2377,0.23737305520714058,0.10739930519338657,-1.4447666666666628,-1.8964666666666616,3.3412333333333386,11.93693333333334,11.93693333333334,1.5409828928278129,0.007126464940542007,0.0013987173586637702,0.00043904944648940285,47.97306666666667,51.3143
TRN-0093,20.1057,35.7746,27.7187,59.2091,12.5668,11.4561,16.472,51.154,18.1969,Valid,0,0,0,0,0,719.2733752199999,42587.5292007385,75777.10908571896,3768.936436770792,1190.44040187,2118.18186886,1.7793261722135427,13.4983,2.1510590244497405,16.472,11.4561,5.015900000000002,12.5668,1.1107000000000014,-3.9052000000000007,-5.015900000000002,1.1107000000000014,3.9052000000000007,5.015900000000002,0.371594914056221,0.1593577609841224,-0.9314999999999998,-2.042200000000001,2.973700000000001,37.6557,37.6557,3.789662121181029,0.018766578113787093,0.0003169542880982392,0.00017813163055023138,41.217,44.1907
TRN-0457,14.4873,100.0648,36.7584,54.3708,12.7881,14.6488,15.1889,44.7178,41.1164,Valid,0,0,0,0,0,1449.6687770400001,78819.65114268645,544412.8738731642,37578.62654149067,787.68609084,5440.603227840001,6.907069853798165,14.208599999999999,1.028361865622538,15.1889,12.7881,2.4008000000000003,14.6488,-1.8606999999999996,-2.4008000000000003,-0.5401000000000007,1.8606999999999996,2.4008000000000003,0.5401000000000007,0.168968077856504,0.07237601123590831,-1.4204999999999988,0.4402000000000008,0.9803000000000015,30.5092,30.5092,3.1472345518042206,0.00980127337722655,0.0001802672277005901,2.6098941964557915e-05,50.967,51.9473
TRN-0939,22.3374,56.6306,28.9941,18.4958,13.9008,13.3433,17.7527,49.9282,19.3513,Valid,0,0,0,0,0,1264.98036444,23396.82382460935,59316.49033826329,2655.4786001407815,413.14808292,1047.42825148,2.5352367538193006,14.998933333333333,1.9604633301566472,17.7527,13.3433,4.4094000000000015,13.9008,0.557500000000001,-3.8519000000000005,-4.4094000000000015,0.557500000000001,3.8519000000000005,4.4094000000000015,0.29398088570870257,0.13070684133870447,-1.0981333333333332,-1.6556333333333342,2.7537666666666674,34.92926666666666,34.92926666666666,3.328783158216818,0.011857048333012056,0.0006410670715448146,0.000252862791570207,43.99303333333333,46.7468
TRN-0872,26.9568,40.5601,40.3636,25.9641,13.627749999999999,14.5565,20.7849,74.7142,21.4579,Invalid,1,1,0,0,0,1093.37050368,28388.381094597884,42714.10464279883,1584.539079499783,699.90905088,1053.1064924099999,1.5046332834522909,16.32305,3.1777060077462593,20.7849,13.627749999999999,7.1571500000000015,14.5565,-0.9287500000000009,-7.1571500000000015,-6.228400000000001,0.9287500000000009,7.1571500000000015,6.228400000000001,0.43846888672957046,0.19467598353679466,-2.6952999999999996,-1.7665499999999987,4.461850000000002,58.39115000000001,58.39115000000001,4.577220275792804,0.014929111339780757,0.0005749905197141084,0.00038214660323846334,56.68665,61.1485
TRN-0652,27.089,62.907,40.7783,13.492,16.8702,0.0,21.7538,66.6104,28.0562,Invalid,0,0,0,0,0,1704.0877229999999,22991.551558716,53391.765436308,1970.975800706272,365.484788,848.741244,2.3222340314432413,12.874666666666664,9.319519607552502,21.7538,0.0,21.7538,16.8702,16.8702,-4.883599999999998,-21.7538,16.8702,4.883599999999998,21.7538,1.68965914796558,0.7238648677263595,3.995533333333336,-12.874666666666664,8.879133333333334,53.735733333333336,53.735733333333336,5.17375684752303,0.00755516660635639,0.0005599738074756402,0.0002411358111352199,53.652966666666664,62.5321
TRN-0084,16.1984,104.131,47.1348,13.1686,13.8563,16.0643,16.4932,45.0811,49.5151,Valid,0,0,0,0,0,1686.7555903999998,22212.209667741437,142790.6215991446,8815.105984791004,213.31025024,1371.2594866,6.428474020367813,15.471266666666667,1.1552999043057568,16.4932,13.8563,2.6369000000000025,16.0643,-2.208,-2.6369000000000025,-0.4289000000000023,2.208,2.6369000000000025,0.4289000000000023,0.17043852235077586,0.07467390062644232,-1.6149666666666675,0.5930333333333326,1.021933333333335,29.609833333333334,29.609833333333334,2.913859482706039,0.009172204168492236,0.0006965208278417661,0.00010834931939711508,62.60606666666666,63.628
TRN-0461,10.4319,41.9366,32.0292,45.3324,7.5731,8.4603,9.6327,36.0315,15.0741,Valid,0,0,0,0,0,437.47841754,19831.946615290297,79725.11358686174,7642.43387536574,472.90306356,1901.0867258399999,4.0200343158931435,8.555366666666666,0.8435110326618271,9.6327,7.5731,2.0595999999999997,8.4603,-0.8872,-2.0595999999999997,-1.1723999999999997,0.8872,2.0595999999999997,1.1723999999999997,0.24073775438367095,0.098594363857477,-0.982266666666666,-0.09506666666666597,1.0773333333333337,27.476133333333337,27.476133333333337,4.21156651635038,0.019556088492818813,0.0004313931875774183,0.00010731081188411418,40.58456666666667,41.6619
TRN-0615,28.5161,46.13,36.8821,25.4588,16.5328,15.279,21.4779,48.4752,21.8358,Valid,0,0,0,0,0,1315.447693,33489.7197265484,54175.738301720005,1899.829794463135,725.9856866800001,1174.414444,1.6176825857083337,17.763233333333336,2.6760748548739985,21.4779,15.279,6.198900000000002,16.5328,1.2538000000000018,-4.9451,-6.198900000000002,1.2538000000000018,4.9451,6.198900000000002,0.3489736094044285,0.15065245465192392,-1.230433333333334,-2.4842333333333357,3.714666666666666,30.711966666666665,30.711966666666665,2.72896247892393,0.013503564918890142,0.000530408539630788,0.0003278817029511806,54.64533333333334,58.36
TRN-0828,12.2969,56.5112,39.2929,28.3125,9.4048,10.5472,11.7256,49.4543,17.4859,Valid,1,0,0,0,1,694.91257528,19674.712287615002,90416.41397652001,7352.780507586424,348.15598125,1599.97335,4.595564362110421,10.559199999999999,0.9475006279681296,11.7256,9.4048,2.3208,10.5472,-1.1424000000000003,-2.3208,-1.1784,1.1424000000000003,2.3208,1.1784,0.21978935716821763,0.08973222765322204,-1.154399999999999,-0.011999999999998678,1.1664000000000012,38.895100000000006,38.895100000000006,4.683526717599183,0.015195004897631032,0.0005366889154516481,0.00011678410518056274,49.8521,51.0185
TRN-0082,24.2607,41.2419,35.6057,24.8717,14.0427,13.1631,18.3995,59.6223,20.2629,Valid,0,0,0,0,0,1000.55736333,24885.562573534764,42304.133149557245,1743.7308653841965,603.40485219,1025.75616423,1.6999467575153744,15.201766666666666,2.289475615846466,18.3995,13.1631,5.2364,14.0427,0.8795999999999999,-4.3568,-5.2364,0.8795999999999999,4.3568,5.2364,0.34445994142391734,0.1506058812401575,-1.159066666666666,-2.038666666666666,3.1977333333333338,44.42053333333334,44.42053333333334,3.9220636249253737,0.015193298464047761,0.0006108669081173409,0.00035934471491390015,50.80746666666666,54.0052
TRN-0969,30.7801,21.4751,27.9207,33.4875,16.1614,13.5707,21.6122,49.4543,19.9597,Valid,1,0,0,0,1,661.00572551,22135.429233016126,15443.762571334875,501.74502583129515,1030.74859875,719.14741125,0.6976942668251803,17.114766666666668,3.3514287066198443,21.6122,13.5707,8.041500000000001,16.1614,2.5907,-5.450800000000001,-8.041500000000001,2.5907,5.450800000000001,8.041500000000001,0.46985738612519484,0.1958208707178191,-0.9533666666666676,-3.5440666666666676,4.497433333333333,32.339533333333335,32.339533333333335,2.8895688777779296,0.025892009675967227,0.0007731843139669473,0.001108199286702655,45.035466666666665,49.5329
TRN-0675,30.2286,45.8892,26.7456,33.7286,17.466,15.4147,22.8149,43.5912,21.585,Valid,0,0,0,0,0,1387.1662711200001,46787.17629209804,71026.31581691992,2349.63952903146,1019.56835796,1547.7784711200002,1.518072238936893,18.5652,3.1195000122882948,22.8149,15.4147,7.400200000000002,17.466,2.0513000000000012,-5.3489,-7.400200000000002,2.0513000000000012,5.3489,7.400200000000002,0.3986059725396995,0.16802942302042917,-1.0991999999999997,-3.150500000000001,4.249700000000001,25.026,25.026,2.348005820136286,0.013383543395722047,0.0003968010354738742,0.0002613848090839031,45.3108,49.560500000000005
TRN-0458,20.8054,64.9584,26.8743,57.8686,14.1824,22.0046,17.7369,45.5514,23.0209,Invalid,0,0,0,0,0,1351.48549536,78208.5735367897,244181.98175628443,11736.470821027888,1203.97937044,3759.05166624,3.122189281523581,17.974633333333333,3.1978212440486553,22.0046,14.1824,7.8222000000000005,17.7369,-7.8222000000000005,-3.554499999999999,4.267700000000001,7.8222000000000005,3.554499999999999,4.267700000000001,0.4351799238271013,0.17790744360893102,-3.792233333333334,4.029966666666667,-0.23773333333333468,27.576766666666668,27.576766666666668,2.5342045437623457,0.013299908420582388,0.0002298294486172689,7.361162852384424e-05,44.848933333333335,48.8789
TRN-0190,15.2603,79.1605,29.4847,21.3996,11.7469,12.7595,14.0645,19.9086,24.475,Valid,0,0,0,0,0,1208.01297815,25850.99452721874,134098.1273154459,8787.38416204542,326.56431588000004,1694.0030358,5.187348532640345,12.856966666666667,0.9486630077230916,14.0645,11.7469,2.3176000000000005,12.7595,-1.012599999999999,-2.3176000000000005,-1.3050000000000015,1.012599999999999,2.3176000000000005,1.3050000000000015,0.18026023399037358,0.07378590600197447,-1.1100666666666665,-0.09746666666666748,1.207533333333334,7.051633333333333,7.051633333333333,1.5484677659737447,0.01064306997406044,0.0004973490150497732,9.587730212165222e-05,42.34166666666667,43.5492
TRN-0202,25.3237,106.6343,38.858,25.9433,1.0,19.0542,22.2274,54.544,50.9883,Invalid,0,0,0,0,0,2700.3750229099996,70056.63933186099,294997.993796541,11649.086908605539,656.98034621,2766.44563519,4.210849749015754,14.093866666666665,9.348950307328032,22.2274,1.0,21.2274,19.0542,-18.0542,-21.2274,-3.173199999999998,18.0542,21.2274,3.173199999999998,1.506144409898556,0.663334616759542,-13.093866666666665,4.960333333333336,8.133533333333334,40.45013333333333,40.45013333333333,3.8700519467059946,0.005219225678609446,0.00020117817241706813,4.77761441196084e-05,52.95186666666666,61.08539999999999
TRN-0068,12.3176,57.5176,21.598,48.011,9.8896,10.3904,12.1167,36.3548,16.2433,Valid,0,0,0,0,0,708.47878976,34014.775175167364,158833.55788588736,12894.845180152155,591.3802936000001,2761.4774936000003,4.6695456363621455,10.798900000000001,0.9539908420245274,12.1167,9.8896,2.2271,10.3904,-0.5007999999999999,-2.2271,-1.7263000000000002,0.5007999999999999,2.2271,1.7263000000000002,0.2062339491768653,0.08834147493569275,-0.9093000000000018,-0.40850000000000186,1.3177999999999983,25.555899999999994,25.555899999999994,3.366527760556375,0.015242375835154918,0.0003174767419179154,6.798878110940757e-05,32.3969,33.7147
TRN-0214,27.8415,15.6042,28.6918,50.5509,14.726,12.1316,19.753,57.192,19.1633,Valid,0,0,0,0,0,434.44433430000004,21961.55209876587,12308.692105653876,442.09872541189054,1407.41288235,788.80635378,0.5604654720304053,15.536866666666668,3.1638123683654533,19.753,12.1316,7.6213999999999995,14.726,2.5944000000000003,-5.026999999999999,-7.6213999999999995,2.5944000000000003,5.026999999999999,7.6213999999999995,0.49053645583602506,0.20363257486920647,-0.8108666666666675,-3.4052666666666678,4.216133333333332,41.65513333333333,41.65513333333333,3.6810508544590164,0.03576261768020955,0.0007074575875187029,0.0012622678780199316,44.22866666666667,48.4448
TRN-0477,10.8498,54.5137,33.8139,24.3945,8.3735,9.3847,10.2987,66.5264,15.9991,Valid,0,0,0,0,0,591.46274226,14428.437866061571,72494.19651045371,6681.615313539272,264.6754461,1329.83445465,5.024396299987438,9.352300000000001,0.7862934481900933,10.2987,8.3735,1.9252000000000002,9.3847,-1.0112000000000005,-1.9252000000000002,-0.9139999999999997,1.0112000000000005,1.9252000000000002,0.9139999999999997,0.20585308364219673,0.08407486544649206,-0.9788000000000014,0.032399999999999096,0.9463999999999988,57.174099999999996,57.174099999999996,7.1133724203273605,0.015812154030957856,0.0006481852080016371,0.00012900756819233644,43.166199999999996,44.1126
TRN-0394,17.3998,27.4014,32.6194,7.1219,10.1519,9.3392,13.4439,43.0775,16.065,Valid,0,0,0,0,0,476.77887971999996,3395.5715034778677,5347.384050126924,307.3244372235593,123.91963562,195.15003066,1.5748111142190648,10.978333333333333,1.7747083447397458,13.4439,9.3392,4.104699999999999,10.1519,0.8126999999999995,-3.292,-4.104699999999999,0.8126999999999995,3.292,4.104699999999999,0.373890963361989,0.16165551994087377,-0.826433333333334,-1.6391333333333336,2.465566666666666,32.09916666666667,32.09916666666667,3.923864831589662,0.02302604787517975,0.003233132719736808,0.002053028776008659,43.59773333333333,46.0633
TRN-0530,18.4973,100.7009,36.7309,6.1492,14.4387,16.0742,17.2039,51.6816,42.1886,Valid,0,0,0,0,0,1862.69475757,11454.082603249446,62357.01571697286,3371.1413203998172,113.74359716000001,619.2299742800001,5.4440861399184675,15.905600000000002,1.1351658410411525,17.2039,14.4387,2.7652,16.0742,-1.6355000000000004,-2.7652,-1.1296999999999997,1.6355000000000004,2.7652,1.1296999999999997,0.17385070831337968,0.07136893733478869,-1.4669000000000008,0.16859999999999964,1.2982999999999993,35.776,35.776,3.249270492828281,0.008539026551087098,0.0013886402385555566,0.0002550731432039267,52.6365,53.934799999999996
TRN-0037,20.7384,99.3801,27.8355,9.009,15.4736,16.4851,18.3568,61.3818,39.6381,Valid,0,0,0,0,0,2060.98426584,18567.407250952558,88976.5261225741,4290.423650433517,186.8322456,895.3153209000001,4.792081125251653,16.771833333333333,1.194395959842836,18.3568,15.4736,2.8832000000000004,16.4851,-1.0114999999999998,-2.8832000000000004,-1.8717000000000006,1.0114999999999998,2.8832000000000004,1.8717000000000006,0.1719072549071009,0.07121439051356612,-1.298233333333334,-0.2867333333333342,1.5849666666666664,44.609966666666665,44.609966666666665,3.659814351850959,0.008137778440710135,0.0009032943106027687,0.00018849728196895384,44.60733333333333,46.1923
TRN-0267,12.3628,100.7801,22.3968,23.5885,11.9041,13.7706,13.9312,40.4923,36.3126,Invalid,0,0,0,0,0,1245.92422028,29389.48347007478,239579.6326934419,19379.073778947175,291.6199078,2377.2513888500002,8.151882409172485,13.201966666666669,0.9200693826494224,13.9312,11.9041,2.027100000000001,13.7706,-1.8665000000000003,-2.027100000000001,-0.16060000000000052,1.8665000000000003,2.027100000000001,0.16060000000000052,0.15354529348819548,0.06969183729880535,-1.2978666666666694,0.5686333333333309,0.7292333333333314,27.29033333333333,27.29033333333333,3.067141279419888,0.010596123296410137,0.00044920716894055265,5.510471202493394e-05,35.59876666666667,36.328
TRN-0440,9.7342,73.9139,18.0,45.948,9.1737,10.3878,10.8464,53.3581,18.5615,Valid,0,0,0,0,0,719.4926853799999,33059.24990784023,251026.08244777308,25788.05209053862,447.26702159999996,3396.1958772,7.593216947133104,10.135966666666667,0.7057130405168627,10.8464,9.1737,1.672699999999999,10.3878,-1.2141000000000002,-1.672699999999999,-0.4585999999999988,1.2141000000000002,1.672699999999999,0.4585999999999988,0.1650261775696929,0.06962463414693833,-0.9622666666666664,0.2518333333333338,0.7104333333333326,43.22213333333333,43.22213333333333,5.264233446153785,0.014087657676777771,0.0003066000194988166,4.0378141457611736e-05,28.13596666666667,28.8464
TRN-0697,13.9074,63.999,35.716,17.3181,10.4776,11.3127,12.9265,53.7765,22.287,Valid,0,0,0,0,0,890.0596926000001,15414.142762416062,70932.7209005181,5100.357780761345,240.84974394000002,1108.3410819,4.601794397098351,11.57226666666667,1.0164673935853636,12.9265,10.4776,2.4489,11.3127,-0.8350999999999988,-2.4489,-1.6138000000000012,0.8350999999999988,2.4489,1.6138000000000012,0.21161798798120895,0.08783649176325627,-1.0946666666666687,-0.25956666666666983,1.3542333333333314,42.20423333333333,42.20423333333333,4.647014876341003,0.013001674775161022,0.000750756421831793,0.00016314426571530262,47.28826666666667,48.6425
TRN-0974,18.163,28.358,31.2924,32.175,10.7058,9.9377,14.0611,50.49,16.6652,Valid,0,0,0,0,0,515.066354,16572.25993995,25874.3680767,1424.5645902183235,584.3945249999999,912.41865,1.5613058656991758,11.5682,1.7904202877164532,14.0611,9.9377,4.1234,10.7058,0.7681000000000004,-3.3552999999999997,-4.1234,0.7681000000000004,3.3552999999999997,4.1234,0.35644263096742534,0.15477084878767697,-0.8623999999999992,-1.6304999999999996,2.4929000000000006,38.921800000000005,38.921800000000005,4.364550719684073,0.02245963046838887,0.0006980460143166723,0.00044709111214855644,42.8606,45.3535
TRN-0869,31.3848,62.2443,36.8918,34.7087,18.6216,17.3424,23.8142,52.9131,28.7862,Valid,0,0,0,0,0,1953.52490664,67804.30992709576,134473.75189248068,4284.677538419972,1089.32560776,2160.41873541,1.9832625352634865,19.926066666666667,2.7984845629177384,23.8142,17.3424,6.471799999999998,18.6216,1.2791999999999994,-5.192599999999999,-6.471799999999998,1.2791999999999994,5.192599999999999,6.471799999999998,0.32479062644288575,0.14044339353515217,-1.3044666666666664,-2.583666666666666,3.8881333333333323,32.98703333333333,32.98703333333333,2.6554712593150382,0.010200057643871458,0.00029387610740080693,0.00014817811198166388,56.817866666666674,60.706
TRN-0025,16.5478,64.1575,36.9451,5.6956,11.3731,6.9911,14.1633,58.3087,22.9904,Invalid,0,0,0,0,0,1061.6654784999998,6046.821899344599,23444.142182477503,1416.7527263880863,94.24964967999999,365.415457,3.8771012535139864,10.842500000000001,2.951978486823145,14.1633,6.9911,7.172199999999999,11.3731,4.382000000000001,-2.7901999999999987,-7.172199999999999,4.382000000000001,2.7901999999999987,7.172199999999999,0.6614894478681624,0.2722599229479568,0.5305999999999997,-3.851400000000001,3.3207999999999984,47.4662,47.4662,5.377790603846843,0.010212727275550454,0.0017930906811364996,0.0004624822659385406,47.7876,51.108399999999996
TRN-0523,11.8296,21.4584,32.3691,57.9892,25.0,7.3582,9.8972,38.2451,14.6204,Invalid,0,0,0,0,0,253.84428864,14720.227222802687,26701.876972829952,2257.208588255002,685.98904032,1244.35544928,1.8139580531921577,14.085133333333332,7.787270211198673,25.0,7.3582,17.6418,9.8972,17.6418,15.1028,-2.5389999999999997,17.6418,15.1028,2.5389999999999997,1.252512016037334,0.5528715613857954,10.914866666666668,-6.726933333333331,-4.187933333333332,24.15996666666667,24.15996666666667,2.7152811677124467,0.05548729637885003,0.0009568557006075011,0.0005274960013911354,46.454233333333335,57.3691
TRN-0172,28.6209,35.1609,28.1335,24.3318,15.7314,13.8399,20.6323,43.6457,19.8299,Valid,0,0,0,0,0,1006.3366028099999,24485.980952252357,30081.133984747157,1051.0198118761934,696.39801462,855.52798662,1.2285043018037762,16.734533333333335,2.8622697058259363,20.6323,13.8399,6.792400000000001,15.7314,1.8915000000000006,-4.9009,-6.792400000000001,1.8915000000000006,4.9009,6.792400000000001,0.4058911867341473,0.17103969843514633,-1.0031333333333343,-2.894633333333335,3.8977666666666657,26.911166666666663,26.911166666666663,2.6081215724696087,0.01662916092883458,0.0006834332414650746,0.0005563132474082387,44.86803333333334,48.7658
TRN-0723,12.3018,61.145,38.4586,12.285,9.4748,10.5765,11.5015,53.5863,17.7216,Valid,0,0,0,0,0,752.193561,9240.697896885,45930.064942125005,3733.604936555632,151.127613,751.166325,4.970410430147586,10.5176,0.8284443775333783,11.5015,9.4748,2.0267,10.5765,-1.1016999999999992,-2.0267,-0.9250000000000007,1.1016999999999992,2.0267,0.9250000000000007,0.1926960340100371,0.07876742781299446,-1.0427999999999997,0.05889999999999951,0.9839000000000002,43.0687,43.0687,5.094916606933464,0.01398257115101445,0.0011381824312649866,0.00022899162047830538,48.9762,49.9601
TRN-0041,15.098,38.9042,25.1113,36.8095,9.7416,9.5803,12.384,42.8213,16.1036,Valid,0,0,0,0,0,587.3756116000001,21621.002575190203,55712.53201653959,3690.0601620399675,555.749831,1432.0441499,2.57677821057238,10.568633333333333,1.285346003568257,12.384,9.5803,2.803700000000001,9.7416,0.16130000000000067,-2.6424000000000003,-2.803700000000001,0.16130000000000067,2.6424000000000003,2.803700000000001,0.2652849849442864,0.12161893041509561,-0.8270333333333326,-0.9883333333333333,1.8153666666666677,32.25266666666667,32.25266666666667,4.051734467237853,0.017992972650927065,0.0004888132868071473,0.00018969938989680244,35.67993333333333,37.4953
TRN-0958,13.9218,61.6483,44.9454,43.3601,10.3708,11.515,12.7252,52.0169,19.7819,Valid,0,0,0,0,0,858.25530294,37214.035761008694,164790.6190869997,11836.875062860023,603.65064018,2673.07645283,4.428184255758289,11.536999999999999,0.9613056537855168,12.7252,10.3708,2.3544,11.515,-1.1442000000000014,-2.3544,-1.2101999999999986,1.1442000000000014,2.3544,1.2101999999999986,0.20407383166561227,0.08332370377583541,-1.1662,-0.021999999999998465,1.1882000000000001,40.4799,40.4799,4.508702044838169,0.013442387069485029,0.0003100174373395418,7.001005314409999e-05,56.4824,57.6706
TRN-0364,10.1665,93.6094,41.4084,43.4711,10.5852,13.1681,12.3919,36.9169,36.1226,Valid,0,0,0,0,0,951.6799650999999,41370.5749308586,380925.06732235436,37468.64996347853,441.94893814999995,4069.30358834,9.207632006331382,12.0484,1.0820774125110766,13.1681,10.5852,2.5829000000000004,12.3919,-2.5829000000000004,-1.8066999999999993,0.7762000000000011,2.5829000000000004,1.8066999999999993,0.7762000000000011,0.21437699492239679,0.08981087303710066,-1.4632000000000005,1.1197,0.3434999999999988,24.868499999999997,24.868499999999997,3.064049744028274,0.012660138312435579,0.0002912311472549003,3.162931776756116e-05,53.4568,54.5765
TRN-0553,12.9588,91.6201,24.6224,7.4809,11.674,13.1147,13.7081,50.501,29.8408,Valid,0,0,0,0,0,1187.28655188,8881.971965959092,62796.4903940464,4845.856525927546,96.94348692,685.40080609,7.07010625442894,12.832266666666667,0.8540948984483843,13.7081,11.674,2.0341000000000005,13.1147,-1.4406999999999996,-2.0341000000000005,-0.5934000000000008,1.4406999999999996,2.0341000000000005,0.5934000000000008,0.1585144615774978,0.06655837616814968,-1.1582666666666679,0.28243333333333176,0.8758333333333326,37.66873333333333,37.66873333333333,3.935469654454163,0.010808061992734146,0.001444754240882842,0.0002043468764884816,37.45466666666667,38.3305
TRN-0253,31.6361,32.2472,36.1817,55.1522,17.5824,15.0875,23.2255,71.4929,22.5182,Valid,0,0,0,0,0,1020.17564392,56264.93114860462,57351.774957573245,1812.8585111538632,1744.80051442,1778.50402384,1.0193165080614706,18.6318,3.404182845657188,23.2255,15.0875,8.138,17.5824,2.4948999999999995,-5.6431000000000004,-8.138,2.4948999999999995,5.6431000000000004,8.138,0.43678010515462246,0.18270820119092018,-1.0493999999999986,-3.544299999999998,4.593700000000002,52.86110000000001,52.86110000000001,3.83714381663909,0.018263325627089506,0.0003311441002293118,0.00032486875974559214,54.8135,59.4072
TRN-0566,12.9328,79.8868,40.2712,33.5667,11.013,12.7045,13.3102,37.6164,27.8973,Valid,0,0,0,0,0,1033.16000704,34679.77200830956,214219.35006134975,16564.03358107418,434.11141776,2681.5362495599998,6.1770686798629315,12.342566666666668,0.9721209675526784,13.3102,11.013,2.2972,12.7045,-1.6914999999999996,-2.2972,-0.6057000000000006,1.6914999999999996,2.2972,0.6057000000000006,0.18612010580294436,0.07876164780348473,-1.3295666666666683,0.3619333333333312,0.9676333333333318,25.27383333333333,25.27383333333333,3.047696477418542,0.011946423178033823,0.00035590103254869686,5.7616488254092334e-05,52.61376666666667,53.5814
TRN-0777,8.1947,107.2433,21.406,55.8882,10.373,13.0691,11.2021,49.4159,41.548,Valid,0,0,0,0,0,878.82667051,49116.04072679698,642777.1962946913,78438.15122659039,457.9870325399999,5993.63499906,13.086908234967941,11.548066666666665,1.1275366966188831,13.0691,10.373,2.6961000000000013,11.2021,-2.6961000000000013,-0.8291000000000004,1.8670000000000009,2.6961000000000013,0.8291000000000004,1.8670000000000009,0.23346763093381034,0.0976385599015411,-1.175066666666666,1.5210333333333352,-0.34596666666666565,37.86783333333334,37.86783333333334,4.279148808820917,0.013140323389167033,0.00023511802856151422,1.7965893521453284e-05,32.95406666666666,34.4751
TRN-0485,12.9139,39.8236,23.2491,24.6533,8.46,8.7627,10.6013,67.1814,14.2112,Valid,0,0,0,0,0,514.27798804,12678.649522546531,39098.139766149965,3027.6010142984655,318.37025087,981.7831578800001,3.083777705900022,9.274666666666668,0.9461761017672953,10.6013,8.46,2.1412999999999993,8.7627,-0.30269999999999975,-2.1412999999999993,-1.8385999999999996,0.30269999999999975,2.1412999999999993,1.8385999999999996,0.23087619707344043,0.10201725126689662,-0.8146666666666675,-0.5119666666666678,1.3266333333333318,57.90673333333333,57.90673333333333,7.243537171844036,0.018034344973580613,0.0007315184988308057,0.00023721503687649075,32.52376666666667,33.8504
TRN-0076,19.98,51.4139,37.8555,12.2375,12.5667,12.777,25.0,21.6472,19.0336,Invalid,0,0,0,0,0,1027.249722,12570.968472975,32348.474272907373,1619.0426753686033,244.50525000000002,629.1776012500001,2.573268139476069,16.781233333333333,5.812179778323753,25.0,12.5667,12.4333,12.777,-0.21029999999999838,-12.4333,-12.223,0.21029999999999838,12.4333,12.223,0.740904974749275,0.34634995631869314,-4.214533333333332,-4.0042333333333335,8.218766666666667,4.865966666666669,4.865966666666669,1.2899647052184462,0.016336079686957803,0.0013349196896066215,0.0005187642913616255,54.63673333333333,62.8555
TRN-0234,31.8555,89.9514,38.7023,18.529,20.0978,19.7211,25.2735,50.7539,39.1209,Valid,0,0,0,0,0,2865.4468227,53093.864177808304,149922.85207275685,4706.341051511225,590.2505595,1666.7094906000002,2.8237320769182066,21.697466666666667,2.5333096301522677,25.2735,19.7211,5.552399999999999,20.0978,0.3766999999999996,-5.175699999999999,-5.552399999999999,0.3766999999999996,5.175699999999999,5.552399999999999,0.25590083070062714,0.11675600439050933,-1.5996666666666677,-1.9763666666666673,3.5760333333333314,29.056433333333334,29.056433333333334,2.339162375062417,0.0075721058535121845,0.0004086624132987276,0.00014472421226346643,60.399766666666665,63.9758
TRN-0176,16.7604,61.6364,46.4971,55.1082,12.021,12.683,14.9245,41.1933,22.1887,Valid,0,0,0,0,0,1033.0507185600002,56929.5656085482,209358.57602889667,12491.262949430426,923.6354752799999,3396.67105848,3.6775015108528724,13.2095,1.2424383955217524,14.9245,12.021,2.9034999999999993,12.683,-0.661999999999999,-2.9034999999999993,-2.2415000000000003,0.661999999999999,2.9034999999999993,2.2415000000000003,0.21980391235066332,0.09405642162574895,-1.1884999999999994,-0.5265000000000004,1.7149999999999999,27.983800000000002,27.983800000000002,3.1184599630220706,0.012786884273819804,0.00023203233431636283,6.309509861260074e-05,59.7066,61.421600000000005
TRN-0931,19.7739,19.7536,27.0141,42.8943,11.0173,9.5235,14.5968,39.2832,16.1916,Valid,0,0,0,0,0,390.60571104,16754.758551063074,16737.558019120126,846.4469413051135,848.18759877,847.31684448,0.9989733437018824,11.712533333333333,2.128709352844791,14.5968,9.5235,5.0733,11.0173,1.4938000000000002,-3.5794999999999995,-5.0733,1.4938000000000002,3.5794999999999995,5.0733,0.43315134501348884,0.18174626364053273,-0.6952333333333325,-2.1890333333333327,2.884266666666667,27.570666666666668,27.570666666666668,3.353945344535881,0.029985565935947988,0.0006990571243947366,0.0006997755179849869,38.72663333333333,41.6109
TRN-0945,26.7385,70.3804,36.3881,33.2994,17.2828,16.7397,21.7568,56.2922,47.492,Invalid,0,0,0,0,0,1881.8663253999998,62665.01951602475,164945.27140810547,6168.830160228708,890.3760068999999,2343.6250917599996,2.6321744812844967,18.5931,2.2480343517541415,21.7568,16.7397,5.017099999999999,17.2828,0.5431000000000026,-4.473999999999997,-5.017099999999999,0.5431000000000026,4.473999999999997,5.017099999999999,0.2698366453234455,0.12090690798453368,-1.310299999999998,-1.8534000000000006,3.1636999999999986,37.6991,37.6991,3.027585339314835,0.00988013853011999,0.00029670620297099964,0.0001127228434083719,54.9812,58.1449
TRN-0715,15.2056,97.2858,31.008,34.6975,12.7327,14.3418,14.9446,45.1902,36.8872,Valid,0,0,0,0,0,1479.28896048,51327.6287062548,328395.4214757038,21597.003727488565,527.596306,3375.5740454999996,6.398023991291104,14.006366666666667,0.9336352047537386,14.9446,12.7327,2.2119,14.3418,-1.6090999999999998,-2.2119,-0.6028000000000002,1.6090999999999998,2.2119,0.6028000000000002,0.15792102939465416,0.06665791067127769,-1.2736666666666672,0.3354333333333326,0.9382333333333328,31.183833333333332,31.183833333333332,3.22640395250703,0.009468310135062163,0.00027288162378494925,4.2650919442432814e-05,45.01436666666667,45.9526
TRN-0103,11.0967,57.7506,32.1577,49.6601,9.3504,10.2755,11.4103,47.7629,16.6986,Valid,0,0,0,0,0,640.84108302,31824.232266881503,165622.97871905763,14925.425017674861,551.06323167,2867.90057106,5.204303513269394,10.3454,0.8424019270316669,11.4103,9.3504,2.059899999999999,10.2755,-0.9250999999999987,-2.059899999999999,-1.1348000000000003,0.9250999999999987,2.059899999999999,1.1348000000000003,0.1991126298535938,0.08142767274382762,-0.9949999999999992,-0.06990000000000052,1.0648999999999997,37.417500000000004,37.417500000000004,4.616824422755581,0.016143471849687355,0.0003250793267506742,6.246355475520214e-05,42.503099999999996,43.568
TRN-0522,25.7619,69.1276,32.6964,18.6309,16.2873,15.9744,20.6953,56.4635,25.8008,Valid,0,0,0,0,0,1780.8583184400002,33178.9932450238,89030.08603576239,3455.8818479957044,479.96738271000004,1287.90940284,2.683326824367503,17.65233333333333,2.155490849487008,20.6953,15.9744,4.7209,16.2873,0.31289999999999907,-4.408000000000001,-4.7209,0.31289999999999907,4.408000000000001,4.7209,0.2674377173496771,0.12210797783365922,-1.3650333333333329,-1.677933333333332,3.0429666666666684,38.81116666666667,38.81116666666667,3.198642113489693,0.009912261486856627,0.000532033422546623,0.00019827379843308604,50.34873333333333,53.3917
TRN-0612,22.9325,95.339,21.9622,58.4625,17.1118,17.1518,21.0356,37.9274,36.1073,Valid,0,0,0,0,0,2186.3616175,127820.16606309375,531396.3506939625,23172.193503620147,1340.69128125,5573.756287499999,4.157374723323897,18.433066666666665,1.8403414200148354,21.0356,17.1118,3.9238,17.1518,-0.0400000000000027,-3.9238,-3.8837999999999973,0.0400000000000027,3.9238,3.8837999999999973,0.21286744403893126,0.09983912896618974,-1.3212666666666664,-1.2812666666666637,2.6025333333333336,19.494333333333334,19.494333333333334,2.057573958163556,0.008430932244096502,0.00014421094287597503,3.468798128282179e-05,40.395266666666664,42.9978
TRN-0706,12.8318,53.2613,36.8491,11.4673,9.0028,9.979,10.9948,42.5072,16.8909,Valid,0,0,0,0,0,683.43834934,7837.192583386582,32530.047642694535,2535.1116061334287,147.14610014,610.76330549,4.150726776389378,9.992199999999999,0.8132841569832769,10.9948,9.0028,1.991999999999999,9.979,-0.9761999999999986,-1.991999999999999,-1.0158000000000005,0.9761999999999986,1.991999999999999,1.0158000000000005,0.19935547733677492,0.08139189323586236,-0.9893999999999981,-0.013199999999999434,1.002600000000001,32.515,32.515,4.254037724020964,0.01462048478114966,0.001274971859171442,0.0003071683174105906,46.8413,47.8439
TRN-0409,18.9372,42.7286,30.7494,59.6139,12.0414,11.6014,15.4897,71.2505,18.268,Valid,0,0,0,0,0,809.16004392,48237.18594224249,108839.07986670165,5747.368888712837,1128.92034708,2547.21848754,2.256331334287469,13.044166666666667,1.738557824430608,15.4897,11.6014,3.888299999999999,12.0414,0.4399999999999995,-3.4482999999999997,-3.888299999999999,0.4399999999999995,3.4482999999999997,3.888299999999999,0.29808724476428194,0.13328238863974082,-1.002766666666668,-1.4427666666666674,2.445533333333332,58.20633333333333,58.20633333333333,5.462249629163767,0.01612062625751166,0.0002704172395548711,0.00011984818947865405,43.79356666666667,46.2391
TRN-0741,10.1391,102.3696,30.4046,37.2094,10.9162,13.2917,12.6988,45.9982,39.7644,Valid,0,0,0,0,0,1037.93561136,38620.961337338784,389937.20978379116,38458.755838786026,377.26982754,3809.11139424,10.096516446576478,12.302233333333334,1.009520976613276,13.2917,10.9162,2.3755000000000006,12.6988,-2.3755000000000006,-1.7826000000000004,0.5929000000000002,2.3755000000000006,1.7826000000000004,0.5929000000000002,0.19309500499136978,0.08205996969818269,-1.3860333333333337,0.9894666666666669,0.39656666666666673,33.69596666666666,33.69596666666666,3.7390118537545876,0.011852597778547363,0.0003185377294355691,3.154926748366234e-05,42.706833333333336,43.6963
TRN-0162,13.1679,23.7918,20.5211,29.8586,8.0068,7.4467,10.4513,19.7703,13.4887,Valid,0,0,0,0,0,313.28804321999996,9354.342367288691,16901.45298294026,1283.5343296505846,393.17505894,710.38983948,1.8068027698567903,8.634933333333334,1.3045609487060728,10.4513,7.4467,3.0046,8.0068,0.5601000000000003,-2.4444999999999997,-3.0046,0.5601000000000003,2.4444999999999997,3.0046,0.3479586391759088,0.1510794290201017,-0.6281333333333343,-1.1882333333333346,1.8163666666666654,11.135366666666664,11.135366666666664,2.2895715516539537,0.027562281716916187,0.0009230935744457932,0.0005108988760633915,29.156033333333333,30.9724
TRN-0980,21.2551,92.5878,23.7463,51.8686,15.8742,16.2173,19.1395,77.3263,33.6704,Valid,0,0,0,0,0,1967.96294778,102075.48295322171,444643.6102665384,20919.38355251939,1102.4722798599998,4802.39956308,4.356027289637439,17.077,1.4651186732366317,19.1395,15.8742,3.2653000000000016,16.2173,-0.3431000000000015,-3.2653000000000016,-2.9222,0.3431000000000015,3.2653000000000016,2.9222,0.1912103887561991,0.0857948461346715,-1.2028000000000016,-0.8597000000000001,2.0625,60.249300000000005,60.249300000000005,4.528096004679041,0.00867750076828761,0.00016729776343706948,3.8406039366505035e-05,40.8233,42.8858
TRN-0072,11.3676,24.7966,47.8326,39.7456,7.1229,7.6559,9.5351,59.5152,17.8875,Valid,0,0,0,0,0,281.87783016000003,11203.403486407298,24438.43158547514,2149.8319289597816,451.81208256,985.5557449600001,2.181339756734953,8.104633333333334,1.0346330793517522,9.5351,7.1229,2.4122000000000003,7.6559,-0.5330000000000004,-2.4122000000000003,-1.8792,0.5330000000000004,2.4122000000000003,1.8792,0.297632181883756,0.12765943987089431,-0.9817333333333345,-0.4487333333333341,1.4304666666666659,51.41056666666667,51.41056666666667,7.3433541295282785,0.028752290664294796,0.0007234081448948078,0.00033163475751932654,55.93723333333333,57.3677
TRN-0670,13.7125,49.7963,29.9628,30.9329,9.5133,9.9252,12.031,61.3026,16.1612,Valid,0,0,0,0,0,682.83176375,21121.96666490238,76703.4303471634,5593.686399524303,424.16739125000004,1540.34396827,3.6314527889551296,10.489833333333332,1.1026668954050554,12.031,9.5133,2.5177000000000014,9.9252,-0.41190000000000104,-2.5177000000000014,-2.1058000000000003,0.41190000000000104,2.5177000000000014,2.1058000000000003,0.24001332337533282,0.10511766538591877,-0.9765333333333324,-0.5646333333333313,1.541166666666669,50.81276666666667,50.81276666666667,5.844000777514664,0.015362251545479717,0.0004966314689941862,0.0001367583338283449,40.45263333333333,41.9938
TRN-0884,14.7955,47.2573,38.2309,35.7656,9.9198,10.4887,12.5743,44.566,17.7695,Valid,0,0,0,0,0,699.19538215,25007.14235982404,79873.61215510883,5398.506759258023,529.1699348,1690.18568888,3.194031753301223,10.994266666666666,1.1411370946949746,12.5743,9.9198,2.6544999999999987,10.4887,-0.5688999999999993,-2.6544999999999987,-2.0855999999999995,0.5688999999999993,2.6544999999999987,2.0855999999999995,0.24144400340989808,0.10379382504527963,-1.074466666666666,-0.5055666666666667,1.5800333333333327,33.571733333333334,33.571733333333334,4.053566945174429,0.015724169426198916,0.0004396450625198257,0.0001376457927704452,49.22516666666667,50.8052
TRN-0765,25.7638,21.9445,30.2554,47.5049,13.902,20.392,18.6341,52.7792,18.6845,Invalid,0,0,0,0,0,565.3737091,26858.021513424592,22876.510961168227,887.9322954391795,1223.90674262,1042.4712780500001,0.8517570835141911,17.6427,2.7407031299771725,20.392,13.902,6.49,18.6341,-6.49,-4.732100000000001,1.7578999999999994,6.49,4.732100000000001,1.7578999999999994,0.36785750662554445,0.1553448720792339,-3.740700000000002,2.749299999999998,0.9913999999999987,35.1365,35.1365,2.9915600791511454,0.031205377407590214,0.0006568875518446013,0.0007712146327373268,47.8981,50.647400000000005
TRN-0208,27.5704,85.3055,24.6014,31.3391,18.2797,17.8617,22.6378,50.0485,31.0727,Valid,0,0,0,0,0,2351.9067572,73706.64105456651,228055.51854453774,8271.751961262287,864.0315226399999,2673.39759505,3.0940971805234168,19.593066666666665,2.159703961709156,22.6378,17.8617,4.7761,18.2797,0.41799999999999926,-4.3581,-4.7761,0.41799999999999926,4.3581,4.7761,0.24376478871276971,0.1102279642193765,-1.313366666666667,-1.7313666666666663,3.0447333333333333,30.455433333333332,30.455433333333332,2.5543983643330446,0.00833071574727816,0.0002658249838287394,8.591358276100806e-05,44.19446666666667,47.2392
TRN-0116,17.1843,57.8166,30.8448,31.3097,11.8278,12.0699,14.9209,40.3349,18.4577,Valid,0,0,0,0,0,993.53779938,31107.370437247988,104660.78883761293,6090.488570795688,538.03527771,1810.22040102,3.364501122274336,12.939533333333335,1.4045197289069626,14.9209,11.8278,3.0930999999999997,12.0699,-0.24210000000000065,-3.0930999999999997,-2.850999999999999,0.24210000000000065,3.0930999999999997,2.850999999999999,0.23904260542297204,0.10854484347932067,-1.1117333333333352,-0.8696333333333346,1.9813666666666645,27.39536666666666,27.39536666666666,3.1171832742152,0.01302369505053993,0.0004159635851902019,0.00012363305758459467,43.784333333333336,45.765699999999995
TRN-0807,13.7129,81.1031,27.6251,31.0034,11.2408,12.5312,13.2541,54.4976,25.0497,Valid,0,0,0,0,0,1112.1586999899998,34480.70103926996,203931.46194153067,14871.503990405145,425.14652385999995,2514.4718505399997,5.914364874361742,12.342033333333333,0.8327393523119275,13.2541,11.2408,2.013299999999999,12.5312,-1.2904,-2.013299999999999,-0.7228999999999992,1.2904,2.013299999999999,0.7228999999999992,0.16312545773450687,0.06747180649650823,-1.101233333333333,0.18916666666666693,0.9120666666666661,42.155566666666665,42.155566666666665,4.415609171724068,0.011097367059527512,0.0003579403249057811,6.052049652255916e-05,39.96713333333334,40.8792
TRN-0515,26.6475,106.3383,29.4929,14.2771,19.0362,19.4561,23.466,35.5775,48.7143,Valid,0,0,0,0,0,2833.64984925,40456.30226272718,161443.07747085323,6058.469703063459,380.44902225000004,1518.2025429300002,3.990554311265435,20.65276666666667,1.9966288827810632,23.466,19.0362,4.4298,19.4561,-0.4198999999999984,-4.4298,-4.009900000000002,0.4198999999999984,4.4298,4.009900000000002,0.21448941233913393,0.09667609276424483,-1.6165666666666674,-1.196666666666669,2.813233333333333,14.924733333333332,14.924733333333332,1.7226504734966674,0.007288397564309003,0.0005104956585511718,0.00012792599713832493,50.14566666666667,52.9589
TRN-0771,10.5103,65.8953,33.8904,15.1601,8.8842,10.4931,10.7892,42.4119,20.7145,Valid,0,0,0,0,0,692.5793715900002,10499.572531241562,65828.04314034063,6263.192951404591,159.33719903000002,998.9793375300001,6.2695920887517875,10.0555,0.8370091875242468,10.7892,8.8842,1.9049999999999994,10.4931,-1.6089000000000002,-1.9049999999999994,-0.29609999999999914,1.6089000000000002,1.9049999999999994,0.29609999999999914,0.18944854164899386,0.08323893434292799,-1.1713000000000005,0.43759999999999977,0.7336999999999989,32.3564,32.3564,4.217780894258775,0.014518913496363618,0.0009577056560276215,0.0001527540470618221,43.9459,44.6796
TRN-0252,28.7185,102.2871,26.2899,33.8702,19.6977,19.5107,24.4223,43.589,44.555,Valid,0,0,0,0,0,2937.5320813499998,99494.79910174075,354372.0760206719,12339.50462876429,972.7013386999998,3464.4845344199994,3.5617144502075506,21.21023333333333,2.2725567764573498,24.4223,19.5107,4.9116,19.6977,0.18700000000000117,-4.724599999999999,-4.9116,0.18700000000000117,4.724599999999999,4.9116,0.2315674557296656,0.1071443502576429,-1.5125333333333302,-1.6995333333333313,3.2120666666666686,22.378766666666667,22.378766666666667,2.055092806376821,0.00722042610556455,0.0002131793171563785,5.985300414030422e-05,47.50013333333333,50.712199999999996
TRN-0762,25.9956,109.9526,44.171,32.6094,19.0835,20.0698,23.5018,26.7068,57.0971,Valid,0,0,0,0,0,2858.28380856,93206.92002685647,394233.7624422956,15165.402886522825,847.70091864,3585.48831444,4.229661780083484,20.885033333333336,1.8936380793476753,23.5018,19.0835,4.418299999999999,20.0698,-0.9863,-4.418299999999999,-3.4319999999999986,0.9863,4.418299999999999,3.4319999999999986,0.21155339893065045,0.09066961773318008,-1.8015333333333352,-0.8152333333333353,2.6167666666666634,5.821766666666665,5.821766666666665,1.278752985211755,0.007306843800283201,0.0002240717033358842,5.297626769431581e-05,65.05603333333333,67.6728
TRN-0722,13.5483,30.7805,39.3529,46.8138,8.7059,8.8392,11.4471,42.6593,16.6493,Valid,0,0,0,0,0,417.02344815,19522.45229700447,44353.22829638745,3273.7114636283513,634.2474065399999,1440.9521709,2.2719084850565396,9.664066666666665,1.2619688647330236,11.4471,8.7059,2.741200000000001,8.8392,-0.1333000000000002,-2.741200000000001,-2.6079000000000008,0.1333000000000002,2.741200000000001,2.6079000000000008,0.28364867616303613,0.13058361222840056,-0.9581666666666653,-0.8248666666666651,1.7830333333333357,32.99523333333334,32.99523333333334,4.414217850226836,0.02317391668589499,0.0004950231927396999,0.00021788868674607636,49.01696666666666,50.8
TRN-0309,17.304,91.7646,36.5064,53.8731,13.7505,15.1453,16.6453,74.8414,35.7241,Valid,0,0,0,0,0,1587.8946383999998,85544.80664398703,453651.46577455004,26216.56493053543,932.2201223999999,4943.64347226,5.30308568521234,15.180366666666666,1.1820572499765907,16.6453,13.7505,2.8947999999999983,15.1453,-1.3948,-2.8947999999999983,-1.4999999999999982,1.3948,2.8947999999999983,1.4999999999999982,0.1906936685306018,0.07786749806937641,-1.4298666666666655,-0.03506666666666547,1.4649333333333328,59.66103333333333,59.66103333333333,4.930144094226264,0.009560059143724235,0.0001774551520078308,3.346262012118649e-05,51.686766666666664,53.1517
TRN-0454,18.7967,65.4734,40.9096,30.0071,13.0694,13.9466,16.4915,57.237,25.9462,Valid,0,0,0,0,0,1230.6838577800002,36929.25358879024,128633.41926616368,6843.40402425743,564.0344565700001,1964.66686114,3.4832388938888794,14.502499999999998,1.4513122131367868,16.4915,13.0694,3.4220999999999986,13.9466,-0.8772000000000002,-3.4220999999999986,-2.5448999999999984,0.8772000000000002,3.4220999999999986,2.5448999999999984,0.23596619645121894,0.10007323654980524,-1.4330999999999978,-0.5558999999999976,1.9890000000000008,42.734500000000004,42.734500000000004,3.9466985728875326,0.011784098650953784,0.0003927103472248211,0.00011274286326696487,55.412099999999995,57.4011
TRN-0312,11.6104,102.0657,46.6395,55.7037,11.7779,14.4485,13.6518,49.1068,46.3609,Valid,0,0,0,0,0,1185.02360328,66010.19929002813,580288.1207948241,49980.024014228635,646.74223848,5685.43713309,8.790885000440554,13.292733333333333,1.1194411532347532,14.4485,11.7779,2.6705999999999985,13.6518,-2.6705999999999985,-1.873899999999999,0.7966999999999995,2.6705999999999985,1.873899999999999,0.7966999999999995,0.2009067459734832,0.08421451336972882,-1.514833333333332,1.1557666666666666,0.3590666666666671,35.81406666666667,35.81406666666667,3.6942587407963194,0.01121727304445532,0.0002013739312424714,2.290712640317932e-05,59.93223333333333,61.087999999999994
TRN-0191,13.4092,41.696,35.3431,54.3964,9.4945,9.707,12.2115,45.3013,16.8215,Valid,0,0,0,0,0,559.1100031999999,30413.57137806848,94571.21022730239,7052.710316394124,729.41220688,2268.1122944,3.1095066738130033,10.471000000000002,1.2337731423023703,12.2115,9.4945,2.7169999999999987,9.707,-0.21250000000000036,-2.7169999999999987,-2.5044999999999984,0.21250000000000036,2.7169999999999987,2.5044999999999984,0.25947853505123325,0.11782762147595728,-0.9765000000000015,-0.7640000000000011,1.7404999999999973,34.830299999999994,34.830299999999994,4.326358100815766,0.018727978253550274,0.0003442870904403701,0.00011072079943486162,45.8141,47.5546
TRN-0913,30.3803,53.4373,35.2678,10.1371,17.5759,16.0709,22.6921,36.9262,22.5101,Valid,0,0,0,0,0,1623.44120519,16456.985841131547,28946.945536689862,952.8195766292724,307.96813913,541.69925383,1.7589457062983016,18.779633333333333,2.8339375214629468,22.6921,16.0709,6.621199999999998,17.5759,1.504999999999999,-5.116199999999999,-6.621199999999998,1.504999999999999,5.116199999999999,6.621199999999998,0.3525734251517108,0.15090482972997965,-1.2037333333333322,-2.708733333333331,3.912466666666667,18.14656666666667,18.14656666666667,1.9662896169632553,0.011567793931636507,0.0011411344406249396,0.0006487604472424091,54.04743333333333,57.959900000000005
TRN-0426,15.663,92.9721,42.0626,10.8552,12.5411,14.5453,14.8675,57.4867,36.7578,Valid,0,0,0,0,0,1456.2220023,15807.58107936696,93830.30127491622,5990.569832365855,170.0249976,1009.23073992,5.935778207509531,13.984633333333333,1.0291726688084084,14.8675,12.5411,2.3263999999999996,14.5453,-2.004199999999999,-2.3263999999999996,-0.3222000000000005,2.004199999999999,2.3263999999999996,0.3222000000000005,0.16635401001904399,0.07359310542395127,-1.443533333333333,0.5606666666666662,0.8828666666666667,43.502066666666664,43.502066666666664,4.110704551135565,0.009603366314780456,0.0008846788931357922,0.00014904176095747893,56.04723333333334,56.9301
TRN-0286,11.876,58.3091,18.0,17.1002,8.8853,9.7133,10.5956,51.7181,14.8376,Valid,0,0,0,0,0,692.4788715999999,11841.52720013432,58139.84453227957,4895.574236839452,203.0819752,997.0972718200001,4.909826127498643,9.7314,0.6983443419975557,10.5956,8.8853,1.7102999999999984,9.7133,-0.8279999999999994,-1.7102999999999984,-0.882299999999999,0.8279999999999994,1.7102999999999984,0.882299999999999,0.17575064474272495,0.07176195308337985,-0.8460999999999999,-0.01810000000000045,0.8641999999999985,41.9867,41.9867,5.314558510126137,0.01405299191795155,0.0008218027822515843,0.00016737918854306007,27.7314,28.595599999999997
TRN-0400,15.8294,42.461,36.6762,38.4979,10.6434,10.7181,13.7955,58.1528,17.266,Valid,0,0,0,0,0,672.1321534,25875.67642837786,69409.2698918059,4384.832369323761,609.39865826,1634.6593319,2.682413567007368,11.719,1.4686238933096523,13.7955,10.6434,3.152100000000001,10.7181,-0.07469999999999999,-3.152100000000001,-3.077400000000001,0.07469999999999999,3.152100000000001,3.077400000000001,0.2689734389475691,0.12531988804418162,-1.0755999999999997,-1.0008999999999997,2.076500000000001,46.4338,46.4338,4.9622659815456975,0.017435559247215803,0.0004528963728536531,0.00016883911930061442,48.3952,50.4717
TRN-0498,9.247,29.5362,30.9868,39.7963,6.3095,6.6922,8.0435,23.9261,14.0908,Valid,0,0,0,0,0,273.12124140000003,10869.214859126821,34717.77916320338,3754.4906898142845,367.9963861,1175.43147606,3.1941382941344987,7.015066666666667,0.7438060514826578,8.0435,6.3095,1.734,6.6922,-0.3826999999999998,-1.734,-1.3513000000000002,0.3826999999999998,1.734,1.3513000000000002,0.247182220100229,0.10602977573787116,-0.7055666666666669,-0.3228666666666671,1.028433333333333,16.911033333333336,16.911033333333336,3.4106727314533387,0.02568480798133139,0.0006454069366501432,0.0002020597755832183,38.001866666666665,39.0303
TRN-0379,27.3635,80.9819,24.8846,40.687,17.9053,17.2384,22.3222,41.2935,28.7559,Valid,0,0,0,0,0,2215.9482206499997,90160.28525358654,266828.11790806806,9751.241915574621,1113.3387245,3294.9105652999997,2.959486068686898,19.155299999999997,2.2558266201106854,22.3222,17.2384,5.0838,17.9053,0.6669000000000018,-4.416899999999998,-5.0838,0.6669000000000018,4.416899999999998,5.0838,0.26539911849988684,0.1177651356201965,-1.2499999999999964,-1.9168999999999983,3.166900000000002,22.138200000000005,22.138200000000005,2.1557218025443716,0.008644290427389553,0.00021245828965504022,7.178891096675164e-05,44.039899999999996,47.2068
TRN-0120,27.6676,107.92,25.534,37.3577,19.7172,19.6141,16.9269,66.4597,49.6937,Invalid,1,0,0,1,0,2985.887392,111545.8854241184,435094.91083328,15725.791001297148,1033.59790052,4031.642984,3.9005911643730875,18.752733333333335,1.2917450531053802,19.7172,16.9269,2.7902999999999984,19.6141,0.10309999999999775,2.7902999999999984,2.6872000000000007,0.10309999999999775,2.7902999999999984,2.6872000000000007,0.14879430116173448,0.06888302421099622,0.964466666666663,0.8613666666666653,-1.8258333333333354,47.70696666666666,47.70696666666666,3.5440005078015018,0.006280455645211713,0.0001681167643419908,4.3100327920121135e-05,44.28673333333333,45.2512
TRN-0062,13.8465,88.0545,18.0,14.4881,11.694,12.8662,13.6891,56.6009,25.5005,Valid,0,0,0,0,0,1219.2466342500002,17664.567161677427,112334.85928847904,8112.869763161036,200.60947665,1275.74240145,6.35933222407596,12.749766666666668,0.818646665065107,13.6891,11.694,1.995099999999999,12.8662,-1.1721999999999984,-1.995099999999999,-0.8229000000000006,1.1721999999999984,1.995099999999999,0.8229000000000006,0.1564812828092579,0.06420875159987414,-1.055766666666667,0.11643333333333139,0.939333333333332,43.85113333333334,43.85113333333334,4.439367169644895,0.010457085792205114,0.000721770680778695,0.00011349786475284057,30.749766666666666,31.6891
TRN-0216,10.4524,20.9992,31.1693,8.7182,6.133,6.6738,8.1383,61.5106,13.2191,Valid,0,0,0,0,0,219.49203808,1913.5754863890559,3844.433274059647,367.8038446917265,91.12611368,183.07522543999997,2.009031226413912,6.981699999999999,0.8471162179221137,8.1383,6.133,2.005299999999999,6.6738,-0.5408,-2.005299999999999,-1.4644999999999992,0.5408,2.005299999999999,1.4644999999999992,0.2872222686133364,0.12133378641137937,-0.8486999999999991,-0.3078999999999992,1.1566,54.5289,54.5289,8.810259849283147,0.0318084429360799,0.003648510365026705,0.0018160544091877047,38.150999999999996,39.3076
TRN-0246,20.7832,99.3301,37.9236,7.0177,15.7143,16.9205,18.9945,72.4032,42.2102,Valid,0,0,0,0,0,2064.39733432,14487.321173057464,69239.91785922837,3331.532898095359,145.85026264,697.06884277,4.779345587813927,17.209766666666667,1.3546670964566243,18.9945,15.7143,3.280199999999999,16.9205,-1.2062000000000008,-3.280199999999999,-2.073999999999998,1.2062000000000008,3.280199999999999,2.073999999999998,0.19060106234631902,0.07871501363033842,-1.4954666666666672,-0.28926666666666634,1.7847333333333317,55.19343333333333,55.19343333333333,4.207099212631245,0.008336460414970938,0.0011879191784250841,0.000248552673060752,55.13336666666667,56.918099999999995
TRN-0303,15.7997,94.2261,39.2941,32.7851,13.1259,14.9899,15.8749,46.3433,37.2738,Valid,0,0,0,0,0,1488.74411217,48808.62459190467,291084.40930266195,18423.412525506777,517.99474447,3089.21211111,5.963790074255203,14.663566666666668,1.1457516698171946,15.8749,13.1259,2.7490000000000006,14.9899,-1.8640000000000008,-2.7490000000000006,-0.8849999999999998,1.8640000000000008,2.7490000000000006,0.8849999999999998,0.1874714300428434,0.07813594180233,-1.5376666666666683,0.3263333333333325,1.2113333333333323,31.67973333333333,31.67973333333333,3.160438240780103,0.00984962193095989,0.0003004298274940187,5.037565117879432e-05,53.95766666666667,55.169
TRN-0213,30.1751,79.3309,21.9507,18.1772,18.7655,17.5128,23.4268,32.0832,27.5048,Valid,0,0,0,0,0,2393.81784059,43512.90565197254,114396.23951490031,3791.080583786623,548.49882772,1442.01363548,2.6290185408161517,19.9017,2.544544730726239,23.4268,17.5128,5.9140000000000015,18.7655,1.2527000000000008,-4.661300000000001,-5.9140000000000015,1.2527000000000008,4.661300000000001,5.9140000000000015,0.29716052914271,0.12785564061716326,-1.1362000000000023,-2.388900000000003,3.5250999999999983,12.181499999999996,12.181499999999996,1.6120833088588755,0.00831379048740863,0.00045737465014912044,0.00017397162777569973,41.8524,45.3775
TRN-0156,19.8281,70.9773,33.1628,38.3599,14.1726,14.261,17.9427,42.5564,25.1633,Valid,0,0,0,0,0,1407.34500213,53985.613547206594,193248.62636481287,9746.199414901754,760.60393319,2722.68213027,3.579631755960896,15.458766666666667,1.7567768295628468,17.9427,14.1726,3.7700999999999993,14.261,-0.08840000000000003,-3.7700999999999993,-3.6816999999999993,0.08840000000000003,3.7700999999999993,3.6816999999999993,0.24388101828642955,0.11364274743263904,-1.2861666666666682,-1.1977666666666682,2.483933333333331,27.097633333333327,27.097633333333327,2.752897314820459,0.010984347570983417,0.0002863497448790264,7.999418654290336e-05,48.621566666666666,51.10549999999999
TRN-0703,26.2089,54.974,41.1151,26.273,16.2704,15.1831,20.948,45.5269,21.8275,Valid,0,0,0,0,0,1440.8080685999998,37854.350386327795,79400.70198054798,3029.5319128622746,688.5864296999999,1444.331902,2.0975316744490735,17.467166666666667,2.501027234735538,20.948,15.1831,5.764900000000001,16.2704,1.087299999999999,-4.677600000000002,-5.764900000000001,1.087299999999999,4.677600000000002,5.764900000000001,0.3300420600531248,0.14318447515153548,-1.1967666666666688,-2.284066666666668,3.480833333333333,28.05973333333333,28.05973333333333,2.6064271477098657,0.012123173818367035,0.0004614308920359657,0.00021998755969091915,58.58226666666667,62.0631
TRN-0702,19.4301,32.991,28.6255,59.8097,12.1253,11.1045,15.7981,39.8642,18.0492,Valid,0,0,0,0,0,641.0184290999999,38339.11993894227,65097.24118278571,3350.3295316265057,1162.10845197,1973.1818127,1.6979325017404696,13.009299999999998,2.015533385153088,15.7981,11.1045,4.6936,12.1253,1.0207999999999995,-3.6728000000000005,-4.6936,1.0207999999999995,3.6728000000000005,4.6936,0.360788023891522,0.15493018304004869,-0.8839999999999986,-1.904799999999998,2.788800000000002,26.8549,26.8549,3.0642845453418293,0.020294736296381566,0.00033932182116801056,0.0001998441065001742,41.6348,44.4236
TRN-0784,15.8702,15.6296,39.2104,56.6342,9.2844,8.3762,12.6375,53.5794,15.9125,Valid,0,0,0,0,0,248.04487792,14047.823225096865,13834.851349004672,871.7502285575761,898.7960808400001,885.16989232,0.9848394484732739,10.099366666666667,1.8326296995180325,12.6375,8.3762,4.2612999999999985,9.2844,0.908199999999999,-3.3530999999999995,-4.2612999999999985,0.908199999999999,3.3530999999999995,4.2612999999999985,0.421937307428125,0.18145984580467292,-0.8149666666666668,-1.7231666666666658,2.5381333333333327,43.48003333333333,43.48003333333333,5.3052232346031705,0.0407158846037855,0.000718927516677809,0.0007299945920028447,49.30976666666667,51.847899999999996
TRN-0929,10.8657,63.1203,31.5599,52.7209,17.2812,10.3317,11.1108,76.6147,20.992,Invalid,0,0,0,0,0,685.8462437100001,36158.431230010545,210049.1479396297,19331.394075690994,572.8494831300001,3327.75902427,5.809132793181038,12.907899999999998,3.108704324955977,17.2812,10.3317,6.949499999999999,11.1108,6.949499999999999,6.170399999999999,-0.7790999999999997,6.949499999999999,6.170399999999999,0.7790999999999997,0.5383911760711521,0.24083732319886694,4.3733,-2.5761999999999983,-1.7970999999999986,63.7068,63.7068,5.935488659232823,0.018820399031940334,0.00035698174839316035,6.145180842937011e-05,44.4678,48.8411
TRN-0997,15.1471,61.1764,30.4936,18.3832,11.3087,11.8006,14.0115,64.296,18.0475,Valid,0,0,0,0,0,926.64504844,17034.701254482206,68800.08039985907,4542.128582879263,278.45216872,1124.6179964799999,4.038819045307746,12.373599999999998,1.175451320415553,14.0115,11.3087,2.7028,11.8006,-0.49189999999999934,-2.7028,-2.2109000000000005,0.49189999999999934,2.7028,2.2109000000000005,0.2184327747435852,0.09499670471155108,-1.064899999999998,-0.5729999999999986,1.637900000000002,51.92240000000001,51.92240000000001,5.196223799361238,0.013353117256146508,0.0007263761080645811,0.0001798486270351146,42.8672,44.5051
TRN-0368,26.4526,41.6867,25.0217,25.7021,15.4035,13.8786,20.0559,44.0599,19.4551,Valid,0,0,0,0,0,1102.72160042,28342.260846154884,44664.619932082474,1688.47743675877,679.88737046,1071.43573207,1.5759017421387032,16.446,2.6274022036985514,20.0559,13.8786,6.177300000000001,15.4035,1.5248999999999988,-4.652400000000002,-6.177300000000001,1.5248999999999988,4.652400000000002,6.177300000000001,0.375611068003705,0.15975933624828012,-1.0425000000000022,-2.567400000000001,3.6098999999999997,27.613899999999997,27.613899999999997,2.679064655292189,0.014914009101501329,0.0005802642241100861,0.00036821090215566067,41.4677,45.077600000000004
TRN-0015,9.8697,106.5144,35.524,34.3863,10.9308,13.743,12.4704,36.746,45.2592,Valid,0,0,0,0,0,1051.2651736799999,36149.119641712576,390123.4879647031,39527.386692332744,339.38246511,3662.63611272,10.79205945549921,12.3814,1.1497993911983084,13.743,10.9308,2.8122000000000007,12.4704,-2.8122000000000007,-1.5396,1.2726000000000006,2.8122000000000007,1.5396,1.2726000000000006,0.22713100076477621,0.09286504743674069,-1.4505999999999997,1.361600000000001,0.08900000000000041,24.364600000000003,24.364600000000003,2.9678386153554035,0.011777618338559382,0.0003425090326507027,3.1737130375212075e-05,47.9054,49.267
TRN-0342,28.6801,34.5847,34.5762,26.7751,15.7586,14.168,20.6559,41.1764,20.871,Valid,0,0,0,0,0,991.8926544699999,26558.025012699694,32025.736578907152,1116.6535494037191,767.91254551,926.0088009699999,1.2058779011970704,16.860833333333332,2.760966055970667,20.6559,14.168,6.4879,15.7586,1.5906000000000002,-4.8972999999999995,-6.4879,1.5906000000000002,4.8972999999999995,6.4879,0.3847911598996989,0.16375026296962808,-1.1022333333333325,-2.6928333333333327,3.795066666666667,24.31556666666667,24.31556666666667,2.442133003975703,0.01699864722291342,0.0006348677405279888,0.0005264776125059296,51.43703333333333,55.2321
TRN-0435,16.7485,20.8459,32.3547,55.9328,10.1249,9.1295,13.6252,42.7239,16.4881,Valid,0,0,0,0,0,349.13755615,19528.24110062672,24305.68475741437,1451.2155301190458,936.7905008,1165.96955552,1.2446427295194955,10.959866666666665,1.9279880053799319,13.6252,9.1295,4.495699999999999,10.1249,0.9954000000000001,-3.5002999999999993,-4.495699999999999,0.9954000000000001,3.5002999999999993,4.495699999999999,0.41019655863849697,0.17591343837514695,-0.8349666666666646,-1.8303666666666647,2.6653333333333347,31.764033333333337,31.764033333333337,3.8982131262351323,0.03139125666150541,0.0005612316342076347,0.0004509178315937993,43.314566666666664,45.9799
TRN-0219,31.6478,62.8966,31.4592,47.6283,19.2432,17.5298,24.8905,52.5683,27.1426,Valid,0,0,0,0,0,1990.53901748,94805.98948624269,188416.71137710716,5953.548285301312,1507.33091274,2995.6581337800003,1.9873924257802302,20.5545,3.144795371191369,24.8905,17.5298,7.360699999999998,19.2432,1.7134,-5.647299999999998,-7.360699999999998,1.7134,5.647299999999998,7.360699999999998,0.3581064799383842,0.15299789429047042,-1.3112999999999992,-3.0246999999999993,4.3359999999999985,32.0138,32.0138,2.5575079638274847,0.010326097508852486,0.00021680592240183163,0.00010909064195878065,52.0137,56.3497
TRN-0863,10.732,30.3546,18.0,26.322,6.7881,6.7639,8.8119,71.1859,12.5632,Valid,0,0,0,0,0,325.7655672,8574.801259838401,24253.13663081352,2259.889523939992,282.48770399999995,798.9937812000001,2.8284194159132117,7.454633333333334,0.9597833135082567,8.8119,6.7639,2.048,6.7881,0.024200000000000443,-2.0237999999999996,-2.048,0.024200000000000443,2.0237999999999996,2.048,0.27472843179475426,0.12874988505024235,-0.6665333333333336,-0.6907333333333341,1.357266666666666,63.73126666666667,63.73126666666667,9.549214195751073,0.022883429254121318,0.0008693651440505173,0.0003073678034516526,25.454633333333334,26.8119
TRN-0217,12.8841,56.0493,29.0429,48.7273,13.667,16.5939,12.7182,55.1213,17.1996,Invalid,0,0,0,0,0,722.14478613,35188.16563719235,153077.98389089538,11881.153670783502,627.80740593,2731.13105589,4.350268598484288,14.326366666666667,1.6495122356489385,16.5939,12.7182,3.875700000000002,13.667,-2.9269000000000016,0.9488000000000003,3.875700000000002,2.9269000000000016,0.9488000000000003,3.875700000000002,0.27052914529184113,0.1151382034880257,-0.6593666666666671,2.2675333333333345,-1.6081666666666674,40.79493333333333,40.79493333333333,3.8475419089132687,0.01983863474747709,0.00040713593354003053,9.358868141864238e-05,43.36926666666667,45.6368
TRN-0791,22.6952,45.442,31.1286,36.3539,13.5856,12.7301,17.5582,51.0872,19.3063,Valid,0,0,0,0,0,1031.3152784,37492.33249942576,75069.9078853196,3307.7436893076906,825.0590312800001,1651.9939238000002,2.002273520291801,14.624633333333334,2.103541474645925,17.5582,12.7301,4.828099999999999,13.5856,0.8554999999999993,-3.9726,-4.828099999999999,0.8554999999999993,3.9726,4.828099999999999,0.3301347500358014,0.1438354919993732,-1.0390333333333341,-1.8945333333333334,2.9335666666666658,36.46256666666667,36.46256666666667,3.493229221024626,0.014180564978967122,0.0003900699785260695,0.0001948135244215274,45.753233333333334,48.6868
TRN-0993,30.921,107.667,40.2538,39.6437,21.2226,21.4006,26.4027,52.0188,54.5231,Valid,0,0,0,0,0,3329.171307,131980.6685433159,459557.02079664933,14862.294425612203,1225.8228477,4268.318247900001,3.482002409947854,23.008633333333332,2.40106745751875,26.4027,21.2226,5.1800999999999995,21.4006,-0.17800000000000082,-5.1800999999999995,-5.002099999999999,0.17800000000000082,5.1800999999999995,5.002099999999999,0.22513722131241076,0.10435506178827171,-1.7860333333333323,-1.6080333333333314,3.3940666666666672,29.010166666666667,29.010166666666667,2.260838224745861,0.006911219401069442,0.00017433335947686604,5.006698253330444e-05,63.262433333333334,66.6565
TRN-0481,28.8309,92.0524,22.5305,20.2385,19.4131,18.7107,24.0829,24.1901,34.7951,Valid,0,0,0,0,0,2653.95353916,53712.03870228966,171493.8510916638,5948.265407718745,583.49416965,1863.0024974,3.1928381287841128,20.735566666666667,2.3842289841558606,24.0829,18.7107,5.372199999999999,19.4131,0.7024000000000008,-4.669799999999999,-5.372199999999999,0.7024000000000008,4.669799999999999,5.372199999999999,0.2590814047804462,0.11498257595274872,-1.3224666666666671,-2.024866666666668,3.3473333333333315,3.454533333333334,3.454533333333334,1.166599361486816,0.007813085780475484,0.00038605063533730087,0.00012091142938683297,43.26606666666667,46.6134
TRN-0237,15.926,15.8727,28.8574,49.7271,9.1475,8.3813,12.2518,39.5061,15.0726,Valid,0,0,0,0,0,252.7886202,12570.44499554742,12528.375127516358,786.6617066968888,791.9537946,789.30334017,0.996653208799874,9.926866666666667,1.673469821126817,12.2518,8.3813,3.8705,9.1475,0.7662000000000013,-3.1042999999999985,-3.8705,0.7662000000000013,3.1042999999999985,3.8705,0.389901440209253,0.1685798458607588,-0.7793666666666663,-1.5455666666666676,2.324933333333332,29.579233333333335,29.579233333333335,3.97971458133336,0.039269436335952715,0.0007896989063945761,0.000792350689122623,38.78426666666667,41.1092
TRN-0424,31.766,63.1176,34.6055,14.9161,18.9696,17.6123,24.3552,47.8771,27.2886,Valid,0,0,0,0,0,2004.9936816,29906.68625411376,59423.22798944314,1870.6549807589297,473.8248326,941.4684333600001,1.9869545430033828,20.312366666666666,2.9119228290293373,24.3552,17.6123,6.742899999999999,18.9696,1.3572999999999986,-5.3856,-6.742899999999999,1.3572999999999986,5.3856,6.742899999999999,0.3319603165250569,0.14335713476710588,-1.342766666666666,-2.7000666666666646,4.042833333333334,27.564733333333333,27.564733333333333,2.357041817363717,0.010130888113485902,0.0006791914855893954,0.00034182536616713993,54.91786666666667,58.9607
TRN-0224,22.1138,69.3864,45.2051,24.9273,14.8369,14.9851,18.8101,50.5464,29.6462,Valid,0,0,0,0,0,1534.39697232,38248.373648112334,120011.80047288939,5427.00915473054,551.23732674,1729.6156087199997,3.1376966809098077,16.2107,1.8390488628636266,18.8101,14.8369,3.9731999999999985,14.9851,-0.14819999999999922,-3.9731999999999985,-3.8249999999999993,0.14819999999999922,3.9731999999999985,3.8249999999999993,0.24509735883722725,0.11344659696478435,-1.3737999999999992,-1.2256,2.5993999999999993,34.3357,34.3357,3.1180884774816335,0.010564867033675542,0.0004238271710247271,0.00013507588367134708,61.415800000000004,64.0152
TRN-0024,17.4295,76.4987,41.6689,49.1177,12.8582,14.1314,15.8929,49.4543,28.5819,Valid,1,0,0,0,1,1333.3340916500001,65490.30391343721,287439.2903974789,16491.538707704764,856.09695215,3757.44019699,4.3890355782417405,14.294166666666667,1.24424562508998,15.8929,12.8582,3.034699999999999,14.1314,-1.2731999999999992,-3.034699999999999,-1.7614999999999998,1.2731999999999992,3.034699999999999,1.7614999999999998,0.21230337231014704,0.08704568563243475,-1.4359666666666673,-0.16276666666666806,1.5987333333333318,35.160133333333334,35.160133333333334,3.4597537368562654,0.010720618894741546,0.00021826386216411414,4.97293416180181e-05,55.96306666666667,57.5618
TRN-0761,8.4072,51.5741,32.3668,9.8077,7.052,8.3476,8.6095,67.879,14.9056,Valid,0,0,0,0,0,433.59377352,4252.557652552105,26087.381485927242,3102.98058603895,82.45529544,505.82330057,6.134514923575636,8.003033333333333,0.6809288770169436,8.6095,7.052,1.557500000000001,8.3476,-1.2956000000000003,-1.557500000000001,-0.2619000000000007,1.2956000000000003,1.557500000000001,0.2619000000000007,0.19461368465119266,0.08508383803638275,-0.9510333333333332,0.34456666666666713,0.6064666666666678,59.87596666666667,59.87596666666667,8.481657977809501,0.018457445202466078,0.0018819341171420697,0.00030677794692977395,40.36983333333333,40.976299999999995
TRN-0551,23.5579,70.8232,32.6027,43.3158,15.7487,24.8572,19.3857,22.1708,26.582,Invalid,0,0,0,0,0,1668.44586328,72270.06732466382,217268.83262719223,9222.758539786384,1020.42928482,3067.76356656,3.0063459388847926,19.9972,3.743584935147948,24.8572,15.7487,9.1085,19.3857,-9.1085,-3.6370000000000005,5.471499999999999,9.1085,3.6370000000000005,5.471499999999999,0.4554887456499537,0.18720544615958745,-4.2485,4.859999999999999,-0.6114999999999995,2.1736000000000004,2.1736000000000004,1.1086951618879062,0.011985525229270521,0.0002767010013964495,9.203897198739408e-05,52.5999,57.4599
TRN-0768,24.9567,103.8645,43.7261,16.1546,17.6763,13.57855,21.7368,53.8115,49.1874,Invalid,1,0,1,0,0,2592.11516715,41874.58367924139,174273.14895609464,6983.020270030667,403.16550581999996,1677.8894516999999,4.161788050431825,17.663883333333334,3.3306031881961293,21.7368,13.57855,8.158249999999999,17.6763,4.097750000000001,-4.0604999999999976,-8.158249999999999,4.097750000000001,4.0604999999999976,8.158249999999999,0.46186047451661855,0.18855440430568163,0.012416666666666742,-4.085333333333335,4.072916666666664,36.147616666666664,36.147616666666664,3.0464137436890293,0.006814467023060591,0.00042182827340366073,0.0001013574577554808,61.38998333333333,65.4629
TRN-0109,22.871,98.2611,23.1992,7.9469,16.5071,16.9606,20.0505,53.2645,37.4384,Valid,0,0,0,0,0,2247.3296181,17859.30374207889,76729.25674132256,3354.870945146763,181.7535499,780.87113559,4.296318294070295,17.8394,1.574407395392522,20.0505,16.5071,3.5433999999999983,16.9606,-0.45349999999999824,-3.5433999999999983,-3.0899,0.45349999999999824,3.5433999999999983,3.0899,0.19862774540468023,0.08825449886980632,-1.3323,-0.8788000000000018,2.2110999999999983,35.4251,35.4251,2.985778502316305,0.007938043377519423,0.0009988855252497399,0.00023249801649857622,41.0386,43.249700000000004
TRN-0873,26.6998,56.1904,35.416,31.4179,16.3946,15.2187,21.3825,41.5613,21.7451,Valid,0,0,0,0,0,1500.27244192,47135.40955299836,99197.65380065764,3715.295623389015,838.85164642,1765.38436816,2.1045250487072917,17.665266666666668,2.6719596982156912,21.3825,15.2187,6.1638,16.3946,1.1759000000000004,-4.9879,-6.1638,1.1759000000000004,4.9879,6.1638,0.3489219702926286,0.15125497946784716,-1.270666666666667,-2.4465666666666674,3.7172333333333327,23.896033333333335,23.896033333333335,2.3527127233075418,0.011774705820953777,0.0003747769847301173,0.00017808149678608096,53.081266666666664,56.7985
TRN-0589,23.5742,80.0256,28.2073,5.4162,15.6847,15.9431,19.5115,52.9688,22.5337,Invalid,0,0,0,0,0,1886.53949952,10217.875237300223,34685.86830476083,1471.3486283060379,127.68258204,433.43465471999997,3.3946261847856474,17.046433333333336,1.7462546384254005,19.5115,15.6847,3.826800000000002,15.9431,-0.25839999999999996,-3.826800000000002,-3.5684000000000022,0.25839999999999996,3.826800000000002,3.5684000000000022,0.2244926959602872,0.10244105038498863,-1.361733333333337,-1.103333333333337,2.465066666666665,35.92236666666666,35.92236666666666,3.107324321569263,0.009035821051525669,0.001668295309521617,0.000491451826521009,45.25373333333334,47.7188
TRN-0203,12.9827,26.2827,18.5198,33.0949,8.5219,-0.2015,11.2283,67.3265,13.8386,Invalid,0,0,0,0,0,341.22040928999996,11292.65532341162,22861.305588870622,1760.9051913673914,429.66115823,869.82332823,2.0244400606622612,6.516233333333335,4.876959851747353,11.2283,-0.2015,11.4298,8.5219,8.7234,-2.7064000000000004,-11.4298,8.7234,2.7064000000000004,11.4298,1.7540498722600673,0.7484322389696163,2.0056666666666656,-6.717733333333335,4.712066666666666,60.810266666666664,60.810266666666664,10.332117685761553,0.01909684513829419,0.0005770328719098535,0.0002850332981953815,25.036033333333336,29.7481
TRN-0963,22.0301,29.581,24.2657,46.4353,12.6477,11.2868,16.7821,72.0159,17.5945,Valid,0,0,0,0,0,651.6723881,30260.60284313993,40632.53878570329,1844.4100090918007,1022.97430253,1373.6026092999998,1.3427537168349795,13.5722,2.3367506941620166,16.7821,11.2868,5.4953,12.6477,1.3609000000000009,-4.134399999999999,-5.4953,1.3609000000000009,4.134399999999999,5.4953,0.4048937972551394,0.17217183080047346,-0.9245000000000001,-2.285400000000001,3.2098999999999993,58.4437,58.4437,5.306132734108491,0.020826722486653224,0.0004485105623937794,0.0003340229383954075,37.8379,41.047799999999995
TRN-0445,21.45,50.8455,34.0144,31.5401,13.5733,13.0423,17.1751,47.7971,19.8208,Valid,0,0,0,0,0,1090.635975,34398.7677150975,81539.51253417203,3801.375698498663,676.5351449999999,1603.67215455,2.370419469910514,14.5969,1.8359060760289458,17.1751,13.0423,4.132800000000001,13.5733,0.5310000000000006,-3.601800000000001,-4.132800000000001,0.5310000000000006,3.601800000000001,4.132800000000001,0.28312859010278973,0.12577368826636187,-1.0236,-1.5546000000000006,2.5782000000000007,33.2002,33.2002,3.274469012292404,0.01338384238298774,0.0004243436892993445,0.0001790162774606193,48.6113,51.1895
TRN-0935,9.4254,88.5794,30.4932,48.8792,9.996,12.1686,18.5332,39.0483,29.1563,Invalid,0,0,0,0,0,834.8962767600001,40809.06209100739,383521.3608530333,40690.19035402667,460.70601167999996,4329.69020848,9.397944978680485,13.565933333333334,3.622646481357088,18.5332,9.996,8.5372,12.1686,-2.172599999999999,-8.5372,-6.364600000000001,2.172599999999999,8.5372,6.364600000000001,0.6293116117349136,0.26703995407494757,-3.569933333333333,-1.397333333333334,4.967266666666667,25.482366666666664,25.482366666666664,2.87840844873125,0.01624864512479358,0.00033242453116780337,3.5372041085598024e-05,44.059133333333335,49.0264
TRN-0415,19.177,89.8922,38.4577,56.7523,15.2102,15.9875,18.729,36.1364,36.2324,Valid,0,0,0,0,0,1723.8627194,97833.17421020463,458593.06788019795,23913.70099423773,1088.3388571,5101.58910206,4.687500407389039,16.642233333333333,1.5093034073888372,18.729,15.2102,3.518799999999999,15.9875,-0.7773000000000003,-3.518799999999999,-2.7414999999999985,0.7773000000000003,3.518799999999999,2.7414999999999985,0.21143795535627488,0.09069115223103179,-1.432033333333333,-0.6547333333333327,2.0867666666666658,19.49416666666667,19.49416666666667,2.171367093877599,0.009654036331542524,0.00017010828348884682,3.628976209828935e-05,55.09993333333334,57.1867
TRN-0209,29.9956,79.3101,32.0155,17.061,18.8294,18.2246,23.9815,35.0363,30.7826,Invalid,0,0,0,0,0,2378.95403556,40587.33480068916,107315.25896385263,3577.69990885839,511.75493159999996,1353.1096161,2.6440577069951026,20.345166666666668,2.5831035394570536,23.9815,18.2246,5.756900000000002,18.8294,0.6048000000000009,-5.152100000000001,-5.756900000000002,0.6048000000000009,5.152100000000001,5.756900000000002,0.282961541252474,0.1269639838697022,-1.5157666666666678,-2.1205666666666687,3.636333333333333,14.69113333333333,14.69113333333333,1.722094434119761,0.00855214785741975,0.0005012688506420466,0.00018958316704365425,52.360666666666674,55.997
TRN-0544,27.3237,36.5954,27.8369,36.5974,15.3085,13.4413,19.8104,29.1183,20.0523,Valid,0,0,0,0,0,999.9217309799999,36594.535557367446,49012.09084187298,1793.757399185161,999.9763783799999,1339.29649196,1.3393280800430365,16.186733333333333,2.673303704324587,19.8104,13.4413,6.369100000000001,15.3085,1.8672000000000004,-4.501900000000001,-6.369100000000001,1.8672000000000004,4.501900000000001,6.369100000000001,0.3934765264469756,0.16515398654683877,-0.8782333333333323,-2.7454333333333327,3.6236666666666686,12.931566666666669,12.931566666666669,1.7988989873044807,0.016188000336067397,0.00044232651368169066,0.0003302600043166104,44.023633333333336,47.6473
TRN-0111,20.1785,19.6058,37.9269,15.0994,11.127,10.1191,14.7335,33.4432,16.8476,Valid,0,0,0,0,0,395.61563529999995,5973.558723648819,5804.019011527816,287.63380448963056,304.6832429,296.03581651999997,0.9716182584623109,11.9932,1.9808918311373456,14.7335,10.1191,4.6144,11.127,1.0079000000000011,-3.6064999999999987,-4.6144,1.0079000000000011,3.6064999999999987,4.6144,0.3847513270227023,0.16516790064115042,-0.8661999999999992,-1.8741000000000003,2.7402999999999995,21.449999999999996,21.449999999999996,2.7885132584703616,0.030315283066580857,0.0020077144216415267,0.0020663612531442448,49.920100000000005,52.6604
TRN-0526,31.4644,29.237,41.6587,52.351,17.3032,15.1398,22.8723,49.0786,22.4432,Valid,0,0,0,0,0,919.9246628,48158.976022242794,44749.748349318994,1422.2342370134106,1647.1928044,1530.5861869999999,0.9292088541587045,18.438433333333332,3.2572437329060215,22.8723,15.1398,7.7325,17.3032,2.163400000000001,-5.569099999999999,-7.7325,2.163400000000001,5.569099999999999,7.7325,0.4193685787095842,0.17665511474678292,-1.135233333333332,-3.298633333333333,4.433866666666667,30.64016666666667,30.64016666666667,2.6617552831627806,0.020043416661064777,0.0003828659754815895,0.00041203434685240854,60.09713333333333,64.531
TRN-0940,9.6406,56.2683,24.8761,48.8917,8.3068,9.0676,10.0189,32.4217,15.3632,Valid,0,0,0,0,0,542.46017298,26521.800039286267,154797.06669196644,16056.785950581967,471.34532301999997,2751.05284311,5.836596701803136,9.131100000000002,0.7004026413428205,10.0189,8.3068,1.7120999999999995,9.0676,-0.7607999999999997,-1.7120999999999995,-0.9512999999999998,0.7607999999999997,1.7120999999999995,0.9512999999999998,0.18750203288738118,0.07670516855993821,-0.8243000000000009,-0.06350000000000122,0.8877999999999986,23.290599999999998,23.290599999999998,3.5506890132964246,0.016832756463955004,0.0003442865863602765,5.898755186434611e-05,34.007200000000005,34.895
TRN-0838,31.932,79.8589,32.6147,44.5479,20.6119,19.6283,25.9704,14.6559,32.5568,Valid,0,0,0,0,0,2550.0543948,113599.56817411091,284101.7335230962,8897.085200614149,1422.5035427999999,3557.54629131,2.500904969907774,22.0702,2.7869382567015495,25.9704,19.6283,6.342100000000002,20.6119,0.9835999999999991,-5.358500000000003,-6.342100000000002,0.9835999999999991,5.358500000000003,6.342100000000002,0.28736031901114095,0.12627607046721276,-1.4583000000000013,-2.4419000000000004,3.9002000000000017,-7.414299999999999,7.414299999999999,0.6640582928990996,0.00865479577076871,0.00019428066809179534,7.7684144078368e-05,54.6849,58.5851
TRN-0708,17.9052,36.8289,26.0267,32.4417,10.976,10.3199,14.1071,40.9626,16.3153,Valid,0,0,0,0,0,659.42882028,21392.991958877672,44002.879697200246,2457.547373927846,580.87512684,1194.7921251299997,2.0568828018183094,11.801000000000002,1.6525111618382493,14.1071,10.3199,3.7872000000000003,10.976,0.6561000000000003,-3.1311,-3.7872000000000003,0.6561000000000003,3.1311,3.7872000000000003,0.3209219285719915,0.14003143986160574,-0.8250000000000011,-1.4811000000000014,2.306099999999999,29.1616,29.1616,3.471112323437647,0.01789579044648578,0.0005516292448542331,0.00026818699323632387,37.82770000000001,40.1338
TRN-0075,10.6255,33.6857,32.3691,40.2823,7.5093,7.9531,9.6454,54.134,14.8973,Valid,0,0,0,0,0,357.92740535,14418.139120530306,45709.38863794152,4301.85726187796,428.01957865,1356.93747311,3.170269336005897,8.369266666666666,0.920371962246183,9.6454,7.5093,2.1361000000000008,7.9531,-0.4438000000000004,-2.1361000000000008,-1.6923000000000004,0.4438000000000004,2.1361000000000008,1.6923000000000004,0.2552314115257318,0.10997042977987956,-0.8599666666666668,-0.41616666666666635,1.276133333333334,45.76473333333333,45.76473333333333,6.4681883954561865,0.02338258126700352,0.0005804678811961951,0.00018309732236358503,40.73836666666667,42.014500000000005
TRN-0321,16.4319,106.2896,25.8871,25.654,14.4604,15.843,1.0,69.2522,44.1173,Invalid,0,0,0,0,0,1746.5400782399997,44805.739167168955,289825.5280145766,17637.979197572855,421.5439626,2726.7533983999997,6.468490772917875,10.434466666666667,6.6950114091679405,15.843,1.0,14.843,14.4604,-1.3826,13.4604,14.843,1.3826,13.4604,14.843,1.4224971003951232,0.6416246255240627,4.025933333333333,5.408533333333333,-9.434466666666667,58.81773333333334,58.81773333333334,6.6368694802926065,0.00597436428209949,0.00023288236865154891,3.6002579683408255e-05,36.32156666666667,41.7301
TRN-0867,12.4308,52.8897,31.9177,46.884,9.4185,10.1833,11.7055,49.4543,17.0184,Valid,1,0,0,0,1,657.4612827599999,30824.414780919837,131149.56804376355,10550.371455850958,582.8056272,2479.6806948,4.254729844038208,10.435766666666666,0.950577653616766,11.7055,9.4185,2.287000000000001,10.1833,-0.7647999999999993,-2.287000000000001,-1.5222000000000016,0.7647999999999993,2.287000000000001,1.5222000000000016,0.21915014525524615,0.09108842626432237,-1.017266666666666,-0.25246666666666684,1.2697333333333347,39.01853333333334,39.01853333333334,4.7389230557483675,0.01587282312197131,0.0003385552245030066,7.957149094920971e-05,42.35346666666666,43.6232
TRN-0416,16.6191,71.8971,38.4489,6.7605,12.0738,13.1961,14.7668,49.4543,25.4373,Valid,1,0,0,0,1,1194.86509461,8077.885472110905,34946.3291981458,2102.7809625891196,112.35342555,486.06034454999997,4.326172637136027,13.345566666666665,1.1044810133673137,14.7668,12.0738,2.6929999999999996,13.1961,-1.1222999999999992,-2.6929999999999996,-1.5707000000000004,1.1222999999999992,2.6929999999999996,1.5707000000000004,0.20178984268509823,0.08276013736950173,-1.2717666666666645,-0.1494666666666653,1.4212333333333351,36.10873333333334,36.10873333333334,3.705672267768903,0.011169099102232552,0.0016521113985944027,0.0003818875107200922,51.794466666666665,53.2157
TRN-0188,26.6142,90.5936,48.4553,12.0777,17.7157,18.4443,22.0111,49.4543,43.1445,Valid,1,0,0,0,1,2411.07618912,29120.254889334625,99124.10379956658,3724.4816705023977,321.43832334,1094.16232272,3.4039571580600896,19.390366666666665,1.8768585266047333,22.0111,17.7157,4.295400000000001,18.4443,-0.7286000000000001,-4.295400000000001,-3.5668000000000006,0.7286000000000001,4.295400000000001,3.5668000000000006,0.22152235964994513,0.09679334393597797,-1.674666666666667,-0.9460666666666668,2.620733333333334,30.06393333333334,30.06393333333334,2.5504570542525213,0.008042204035742894,0.0006658721477435477,0.0001956170691407132,67.84566666666666,70.4664
TRN-0050,11.9381,73.8834,36.8656,56.3173,10.3871,11.833,12.4416,62.0085,25.2323,Valid,0,0,0,0,0,882.02741754,49673.40268182544,307422.44408259116,25751.369006058096,672.3215591300001,4160.91360282,6.188873758062526,11.5539,0.8616515807834777,12.4416,10.3871,2.054499999999999,11.833,-1.4459,-2.054499999999999,-0.6085999999999991,1.4459,2.054499999999999,0.6085999999999991,0.17781872979524396,0.07457668027305044,-1.1668000000000003,0.2790999999999997,0.8876999999999988,50.4546,50.4546,5.3668886378721785,0.013099252650359678,0.00023259731316926184,3.7583137543654366e-05,48.4195,49.3072
TRN-0150,26.2178,25.4714,35.5228,48.3043,14.3505,12.58,19.1492,42.953,19.5769,Valid,0,0,0,0,0,667.80407092,32257.808182940953,31339.45393400522,1195.3502101112606,1266.43247654,1230.37814702,0.9715307550011535,15.359900000000001,2.775219322263858,19.1492,12.58,6.5692,14.3505,1.7705000000000002,-4.7987,-6.5692,1.7705000000000002,4.7987,6.5692,0.4276850482304541,0.18067950582909734,-1.0094000000000012,-2.7799000000000014,3.789299999999999,27.5931,27.5931,2.796437294745585,0.023000608480626412,0.000476160683714608,0.0004901138364393599,50.8827,54.672
TRN-0142,21.3253,74.4008,46.0511,24.5985,14.5831,15.3581,18.2474,47.2732,31.2509,Valid,0,0,0,0,0,1586.61938024,39028.45682483364,136164.48118118307,6385.114150613071,524.57039205,1830.1480788000001,3.4888511069550674,16.062866666666668,1.5767679312089296,18.2474,14.5831,3.664299999999999,15.3581,-0.7750000000000004,-3.664299999999999,-2.8892999999999986,0.7750000000000004,3.664299999999999,2.8892999999999986,0.2281224047935151,0.09816229355366014,-1.4797666666666682,-0.7047666666666679,2.1845333333333308,31.210333333333335,31.210333333333335,2.9430112344198895,0.010123957173719231,0.0004115680704043201,0.00011796664245483476,62.11396666666667,64.29849999999999
TRN-0133,8.076,29.8006,45.4033,12.3513,5.9675,7.1174,7.6489,60.1719,15.0277,Valid,0,0,0,0,0,240.6696456,2972.58299369928,10968.890138934468,1358.2081204465512,99.74909880000001,368.07615078,3.6900193548762563,6.911266666666667,0.7017334267527964,7.6489,5.9675,1.6814,7.1174,-1.1498999999999997,-1.6814,-0.5315000000000003,1.1498999999999997,1.6814,0.5315000000000003,0.2432838780227631,0.10153469097099017,-0.9437666666666669,0.20613333333333284,0.7376333333333331,53.26063333333333,53.26063333333333,8.706347793504163,0.028716818943742395,0.002325003769109512,0.0006300789394821997,52.31456666666667,53.0522
TRN-0906,25.8413,81.9552,43.1604,47.0577,17.4843,17.531,22.1277,41.4904,34.7399,Valid,0,0,0,0,0,2117.82890976,99660.15748681314,316070.3269132462,12231.20797645777,1216.03214301,3856.62321504,3.171481188195594,19.047666666666668,2.177995901944926,22.1277,17.4843,4.6434,17.531,-0.04669999999999774,-4.6434,-4.596700000000002,0.04669999999999774,4.6434,4.596700000000002,0.243777877756967,0.11434449298779024,-1.563366666666667,-1.5166666666666693,3.0800333333333327,22.442733333333333,22.442733333333333,2.1782404400412765,0.00899395912950837,0.0001911261947282784,6.026401419148257e-05,62.20806666666667,65.2881
TRN-0894,9.8798,101.6812,38.8328,20.6455,10.6819,13.5792,12.2654,34.8847,41.2056,Valid,0,0,0,0,0,1004.5899197599999,20740.26118840508,213455.19605158552,21605.212094007315,203.97341089999998,2099.2592145999997,10.291826728088958,12.1755,1.184524751394696,13.5792,10.6819,2.8972999999999995,12.2654,-2.8972999999999995,-1.583499999999999,1.3138000000000005,2.8972999999999995,1.583499999999999,1.3138000000000005,0.23796146047706782,0.09728755731650764,-1.493599999999999,1.4037000000000006,0.08990000000000009,22.709200000000003,22.709200000000003,2.86515519977371,0.012119870753619446,0.0005870466089510826,5.7040073163646565e-05,51.0083,52.412
TRN-0944,9.9425,82.4452,35.8081,40.7018,9.6835,11.9735,16.9269,50.8812,27.0719,Invalid,1,0,0,1,0,819.711401,33363.7295012218,276658.7228035335,27825.86824014737,404.67764650000004,3355.6680413599997,8.292199316851967,12.8613,3.023006507876995,16.9269,9.6835,7.243399999999999,11.9735,-2.289999999999999,-7.243399999999999,-4.9534,2.289999999999999,7.243399999999999,4.9534,0.5631934125482329,0.23504671167224805,-3.1777999999999995,-0.8878000000000004,4.0656,38.0199,38.0199,3.9561472047034747,0.01569003428355386,0.0003854874797238577,4.648796130345342e-05,48.6694,52.735
TRN-0030,31.3419,73.0867,33.8379,8.3587,19.2448,18.2686,24.291,54.3545,29.1257,Valid,0,0,0,0,0,2290.6760427299996,19147.07383836725,44649.38122776844,1424.590717320192,261.97753953,610.90979929,2.331916624967962,20.601466666666667,2.6391581704946923,24.291,18.2686,6.022400000000001,19.2448,0.9762000000000022,-5.046199999999999,-6.022400000000001,0.9762000000000022,5.046199999999999,6.022400000000001,0.2923286873266942,0.12810534730808865,-1.3566666666666656,-2.3328666666666678,3.6895333333333333,33.753033333333335,33.753033333333335,2.638379987264014,0.008993618597032373,0.0010759590128236263,0.0004614054237641428,54.439366666666665,58.1289
TRN-0302,24.9096,36.4844,36.5374,37.3227,14.063,13.0071,18.5927,61.9299,19.6812,Valid,0,0,0,0,0,908.8118102400001,33919.31055004445,49680.67306709227,1994.4387333659927,929.69352792,1361.69631588,1.464672196074116,15.220933333333335,2.4228549335213803,18.5927,13.0071,5.585600000000001,14.063,1.0559000000000012,-4.5297,-5.585600000000001,1.0559000000000012,4.5297,5.585600000000001,0.3669682739362278,0.15917912005016732,-1.1579333333333341,-2.2138333333333353,3.371766666666666,46.70896666666667,46.70896666666667,4.0687318297126875,0.01674816848227974,0.00044873946687175954,0.0003063753446430072,51.75833333333333,55.1301
TRN-0623,16.5307,105.1387,45.288,58.565,14.3957,16.4442,17.1558,35.4316,50.0012,Invalid,0,0,0,0,0,1738.01630809,101786.92508329084,647386.0744103148,39162.651021896454,968.1204455,6157.4479655,6.360208196857471,15.998566666666667,1.1700369804222235,17.1558,14.3957,2.7600999999999996,16.4442,-2.048499999999999,-2.7600999999999996,-0.7116000000000007,2.048499999999999,2.7600999999999996,0.7116000000000007,0.17252169428584052,0.0731338582803271,-1.6028666666666673,0.44563333333333155,1.1572333333333322,19.433033333333334,19.433033333333334,2.2146732593957426,0.009205072808001027,0.00015717703087521391,2.4712559165277977e-05,61.286566666666666,62.443799999999996
TRN-0230,17.355,73.8506,31.1921,18.0737,12.7189,13.471,15.6576,56.9299,24.5185,Valid,0,0,0,0,0,1281.677163,23164.6485409131,98572.35341605052,5679.766507420571,313.6690635,1334.7535892199999,4.255292177741735,13.949166666666668,1.2464541556841242,15.6576,12.7189,2.9387000000000008,13.471,-0.7521000000000004,-2.9387000000000008,-2.1866000000000003,0.7521000000000004,2.9387000000000008,2.1866000000000003,0.21067206805624702,0.08935688389943773,-1.2302666666666688,-0.4781666666666684,1.708433333333332,42.98073333333333,42.98073333333333,4.08123992487676,0.010883525944343553,0.0006021747595879842,0.00014151195728937335,45.14126666666667,46.8497
TRN-0060,19.2254,85.8028,25.5407,7.2014,14.0182,14.7872,17.1449,74.0543,28.3885,Valid,0,0,0,0,0,1649.5931511200001,11879.380118475568,53017.574481130985,2757.6836749012923,138.44979555999998,617.90028392,4.462991435133135,15.316766666666666,1.3302615941569118,17.1449,14.0182,3.1266999999999996,14.7872,-0.7690000000000001,-3.1266999999999996,-2.3576999999999995,0.7690000000000001,3.1266999999999996,2.3576999999999995,0.2041357594529899,0.08685002104274994,-1.298566666666666,-0.5295666666666659,1.8281333333333336,58.73753333333333,58.73753333333333,4.834851687485064,0.009285178376851338,0.0012893574001858648,0.00028889980004326716,40.85746666666667,42.6856
TRN-0546,23.5675,93.8871,42.115,39.0131,16.7881,17.4537,20.697,64.5418,40.7055,Valid,0,0,0,0,0,2212.68422925,86323.67110415318,343892.1880268481,14591.796899758192,919.44123425,3662.8268210100005,3.9837528807148455,18.312933333333334,1.7075491683176272,20.697,16.7881,3.908899999999999,17.4537,-0.6656000000000013,-3.908899999999999,-3.243299999999998,0.6656000000000013,3.908899999999999,3.243299999999998,0.21345022751951834,0.09324279425878429,-1.5248333333333335,-0.8592333333333322,2.3840666666666657,46.22886666666666,46.22886666666666,3.5243833033639262,0.008276342861296684,0.0002121426614378559,5.3251960849574075e-05,60.427933333333335,62.812
TRN-0210,30.7343,45.0422,45.8651,6.7379,17.3434,15.8132,22.8473,36.1972,23.9181,Valid,0,0,0,0,0,1384.34048746,9327.547770456735,13669.850043321836,444.7750428201323,207.08463997,303.48983938,1.4655352012072764,18.66796666666667,3.0205406076102044,22.8473,15.8132,7.0341000000000005,17.3434,1.530199999999999,-5.503900000000002,-7.0341000000000005,1.530199999999999,5.503900000000002,7.0341000000000005,0.37680052406347464,0.16180339828869805,-1.3245666666666693,-2.8547666666666682,4.179333333333332,17.529233333333334,17.529233333333334,1.939000572870787,0.013485097649230586,0.0020013799043509146,0.0013656306840337975,64.53306666666667,68.7124
TRN-0893,14.6172,18.3131,44.6837,8.8063,8.0847,8.1434,10.6928,87.7375,16.0594,Valid,0,0,0,0,0,267.68624532,2357.3253821615162,2953.3655868471424,202.04727203567512,128.72344836000002,161.27065252999998,1.252845876580612,8.973633333333332,1.2158705916155534,10.6928,8.0847,2.6081000000000003,8.1434,-0.058699999999999974,-2.6081000000000003,-2.5494000000000003,0.058699999999999974,2.6081000000000003,2.5494000000000003,0.29064032510350796,0.13549366359838158,-0.8889333333333322,-0.8302333333333323,1.719166666666668,78.76386666666667,78.76386666666667,9.777253757052653,0.0335229525487312,0.0038067011866212484,0.0030384431139372312,53.657333333333334,55.3765
TRN-0797,20.8602,47.6941,30.521,34.8513,12.9399,12.4513,16.9269,17.2785,18.6989,Invalid,1,0,0,1,0,994.90846482,34673.853379981265,79277.19918745574,3800.4043770937656,727.00508826,1662.20138733,2.2863681898367134,14.106033333333334,2.0046028789319403,16.9269,12.4513,4.4756,12.9399,0.4885999999999999,-3.987,-4.4756,0.4885999999999999,3.987,4.4756,0.31728265324180527,0.14210959874065765,-1.1661333333333346,-1.6547333333333345,2.8208666666666655,3.1724666666666668,3.1724666666666668,1.2249013146926742,0.014178222236461917,0.00040682047012030527,0.00017793304351987552,44.62703333333334,47.447900000000004
TRN-0482,15.4736,30.7634,31.3967,13.3708,9.1938,9.1559,11.9994,33.9757,15.6428,Valid,0,0,0,0,0,476.02054624,6364.775519665792,12653.948352140847,817.7765700524944,206.89441087999998,411.33126871999997,1.9881215755789492,10.116366666666666,1.3315955350213848,11.9994,9.1559,2.843499999999999,9.1938,0.03789999999999871,-2.8056,-2.843499999999999,0.03789999999999871,2.8056,2.843499999999999,0.2810791475451514,0.1316278311442732,-0.9225666666666665,-0.9604666666666652,1.8830333333333336,23.85933333333334,23.85933333333334,3.358488058114931,0.021251953776621743,0.0015894302373775527,0.0007994632492834281,41.51306666666667,43.3961
TRN-0469,9.7518,38.6358,39.6464,44.0459,7.2393,8.3028,9.3167,22.5854,15.7717,Valid,0,0,0,0,0,376.76859444,16595.1118338448,65748.41791157129,6742.1820760669025,429.52680762,1701.7485832200002,3.9619143171604927,8.286266666666668,0.8481755727573288,9.3167,7.2393,2.077400000000001,8.3028,-1.0634999999999994,-2.077400000000001,-1.0139000000000014,1.0634999999999994,2.077400000000001,1.0139000000000014,0.250703945801413,0.10235918110264546,-1.046966666666668,0.016533333333331512,1.0304333333333329,14.299133333333332,14.299133333333332,2.725642099500929,0.021992986588995702,0.0004993197243340037,0.00012602990200745668,47.93266666666667,48.9631
TRN-0078,30.5467,109.1931,43.2382,33.7685,20.9985,21.4309,25.9315,77.0158,57.4073,Valid,0,0,0,0,0,3335.48886777,112634.45583129126,402626.3196689583,13180.68094060168,1031.5162389500001,3687.2871973500005,3.574628238905406,22.786966666666668,2.2305171079570063,25.9315,20.9985,4.933,21.4309,-0.43240000000000123,-4.933,-4.500599999999999,0.43240000000000123,4.933,4.500599999999999,0.21648338963573957,0.09788564852443535,-1.7884666666666682,-1.356066666666667,3.1445333333333316,54.22883333333333,54.22883333333333,3.379817847052137,0.006831672226527209,0.00020230902256584488,5.659581987920126e-05,66.02516666666666,69.1697
TRN-0240,15.0667,104.1581,36.4027,33.943,13.3738,15.3232,15.8001,51.3264,44.9059,Valid,0,0,0,0,0,1569.31884527,53267.38956499961,368244.5451923903,24440.95394156891,511.4089981,3535.4383883,6.913132476711392,14.832366666666667,1.049577992443736,15.8001,13.3738,2.4263000000000012,15.3232,-1.9494000000000007,-2.4263000000000012,-0.47690000000000055,1.9494000000000007,2.4263000000000012,0.47690000000000055,0.16358143585212737,0.07076267363588161,-1.458566666666668,0.4908333333333328,0.9677333333333333,36.494033333333334,36.494033333333334,3.460432019585635,0.009451467878513434,0.00027845116472788664,4.027857808152238e-05,51.23506666666667,52.2028
TRN-0787,25.5006,45.3,39.6521,11.5301,14.4892,13.563,18.6989,53.7007,20.2559,Valid,0,0,0,0,0,1155.17718,13319.308403117999,23660.802908999995,927.8527556664251,294.02446805999995,522.3135299999999,1.7764287202485933,15.583699999999999,2.2349966278870896,18.6989,13.563,5.135899999999998,14.4892,0.9261999999999997,-4.209699999999998,-5.135899999999998,0.9261999999999997,4.209699999999998,5.135899999999998,0.3295686948819153,0.14341885973602098,-1.0944999999999983,-2.020699999999998,3.1151999999999997,38.117,38.117,3.445952922223033,0.013490311491878404,0.0011700081961599376,0.0006586293820745072,55.2358,58.351
TRN-0658,8.197,36.7874,36.1863,47.6958,6.2612,7.4791,8.1375,47.2552,14.6794,Valid,0,0,0,0,0,301.54631779999994,14382.492864525237,64547.3365870972,7874.506369719512,390.96247259999996,1754.6044729199998,4.4879096635464615,7.2926,0.7772653386499789,8.1375,6.2612,1.8762999999999996,7.4791,-1.2179000000000002,-1.8762999999999996,-0.6583999999999994,1.2179000000000002,1.8762999999999996,0.6583999999999994,0.25728817468554765,0.10658273209380012,-1.0314000000000005,0.18649999999999967,0.8448999999999991,39.9626,39.9626,6.479882829185362,0.024184012688401625,0.0005070470097350318,0.00011298064932619987,43.4789,44.323800000000006
TRN-0243,11.3687,28.3467,45.6981,56.6098,7.6108,8.0341,9.851,62.3478,16.775,Valid,0,0,0,0,0,322.26512829,18243.364459471242,45487.97833730272,4001.1588252081497,643.57983326,1604.70101766,2.493398322288536,8.498633333333332,0.9717569735049788,9.851,7.6108,2.2402000000000006,8.0341,-0.42330000000000023,-2.2402000000000006,-1.8169000000000004,0.42330000000000023,2.2402000000000006,1.8169000000000004,0.26359529215341004,0.11434272088793784,-0.8878333333333321,-0.4645333333333319,1.3523666666666685,53.84916666666667,53.84916666666667,7.3362139791636345,0.026371557332489363,0.0004658479170192385,0.00018683251363970027,54.19673333333333,55.549099999999996
TRN-0506,14.2378,29.0391,42.7409,35.8399,8.9455,8.8975,11.729,39.6624,16.2324,Valid,0,0,0,0,0,413.45289798000005,14818.110518313404,30222.68841761752,2122.707601940603,510.28132822,1040.75844009,2.0395776005016506,9.857333333333333,1.323613257547519,11.729,8.8975,2.8314999999999984,8.9455,0.047999999999998266,-2.7835,-2.8314999999999984,0.047999999999998266,2.7835,2.8314999999999984,0.2872480433604716,0.13427699749126082,-0.9118333333333339,-0.9598333333333322,1.8716666666666661,29.805066666666665,29.805066666666665,4.023643579367959,0.023841490427692374,0.0006652220146749231,0.0003261567335373482,52.59823333333334,54.4699
TRN-0732,31.7669,86.9219,26.3532,49.2088,20.5981,19.391,25.9812,57.9927,33.7325,Valid,0,0,0,0,0,2761.23930511,135877.27271729696,371792.9892877685,11703.785310621533,1563.2110287199998,4277.32239272,2.736241095724131,21.990099999999998,2.8648364711911,25.9812,19.391,6.590200000000003,20.5981,1.2071000000000005,-5.383100000000002,-6.590200000000003,1.2071000000000005,5.383100000000002,6.590200000000003,0.2996893920587269,0.1302784589843903,-1.3919999999999995,-2.5991,3.991100000000003,36.0026,36.0026,2.6372184466092268,0.007963851576116879,0.0001618379553848585,5.9146085680815435e-05,48.3433,52.3344
TRN-0489,26.606,74.4996,26.1555,14.439,17.1607,16.5283,21.4351,37.1672,25.8404,Valid,0,0,0,0,0,1982.1363576,28620.066867386402,80139.19918791024,3012.07232112448,384.164034,1075.6997244,2.800105134176308,18.3747,2.1793758372524907,21.4351,16.5283,4.906799999999997,17.1607,0.632399999999997,-4.2744,-4.906799999999997,0.632399999999997,4.2744,4.906799999999997,0.26704108001539706,0.11860741773444317,-1.2140000000000022,-1.8463999999999992,3.060399999999998,18.7925,18.7925,2.0227376761123894,0.00927014931151266,0.0006420215607635987,0.00022928479677823777,44.5302,47.590599999999995
TRN-0842,8.4367,41.2956,39.4313,21.0233,6.7362,7.9235,8.6162,54.0452,14.9845,Valid,0,0,0,0,0,348.39858852000003,7324.488046032517,35851.59227585909,4249.480013083205,177.36727510999998,868.16978748,4.894756848678174,7.758633333333333,0.7763099738864334,8.6162,6.7362,1.879999999999999,7.9235,-1.1872999999999996,-1.879999999999999,-0.6926999999999994,1.1872999999999996,1.879999999999999,0.6926999999999994,0.24231068500328418,0.1000575540145231,-1.0224333333333329,0.16486666666666672,0.8575666666666661,46.286566666666666,46.286566666666666,6.965813528265692,0.022269416601320494,0.0010592731237341166,0.00021640972800924244,47.189933333333336,48.0475
TRN-0988,21.9567,31.7733,22.7884,5.9133,12.9157,11.382,16.8997,47.4598,16.6707,Valid,0,0,0,0,0,697.63681611,4125.335784703263,5969.728214536436,271.88639197375034,129.83655411,187.88505489,1.447088977529001,13.732466666666667,2.325451090768317,16.8997,11.382,5.5177,12.9157,1.5336999999999996,-3.984,-5.5177,1.5336999999999996,3.984,5.5177,0.40179959887277356,0.1693396370714181,-0.816766666666668,-2.3504666666666676,3.167233333333332,33.727333333333334,33.727333333333334,3.4560285268467044,0.01968426311494595,0.003328811854360514,0.0023003503963425704,36.52086666666666,39.6881
TRN-0721,16.9431,86.3196,27.0104,38.5934,13.4948,14.3679,16.283,65.9021,28.9001,Valid,0,0,0,0,0,1462.52161476,56443.681687078584,287562.2540005045,16972.232768989837,653.8918355400001,3331.36685064,5.094675408002348,14.715233333333336,1.164472740008208,16.283,13.4948,2.7882000000000016,14.3679,-0.8731000000000009,-2.7882000000000016,-1.9151000000000007,0.8731000000000009,2.7882000000000016,1.9151000000000007,0.18947710494042883,0.07913382237960111,-1.220433333333336,-0.34733333333333505,1.5677666666666656,51.18686666666667,51.18686666666667,4.478494769921322,0.010061549295930616,0.00026070647578684306,5.1172339653647124e-05,41.725633333333334,43.293400000000005
TRN-0646,25.9459,17.3392,44.559,44.8019,13.7463,11.9815,29.9373,48.0835,20.3064,Invalid,0,0,0,0,0,449.8811492800001,20155.530261927637,13469.595208399618,519.1415479616459,1162.4256172100002,776.8291044800002,0.6682828243274342,18.555033333333334,8.080661095617254,29.9373,11.9815,17.9558,13.7463,1.7647999999999993,-16.191000000000003,-17.9558,1.7647999999999993,16.191000000000003,17.9558,0.9677050269717455,0.4354969627353741,-4.808733333333334,-6.573533333333334,11.382266666666666,29.528466666666667,29.528466666666667,2.5913991392416893,0.04124430045976571,0.0009205926656993927,0.0013775494396732052,63.11403333333333,74.49629999999999
TRN-0681,15.4946,24.9221,38.7031,11.3605,9.2215,9.0022,12.0966,51.5528,16.121,Valid,0,0,0,0,0,386.15797066,4386.94762568293,7056.132292671806,455.39296511551385,176.0264033,283.12751705,1.6084376745164333,10.106766666666667,1.4098701224659747,12.0966,9.0022,3.0944000000000003,9.2215,0.2193000000000005,-2.8750999999999998,-3.0944000000000003,0.2193000000000005,2.8750999999999998,3.0944000000000003,0.3061710827889814,0.1394976286153184,-0.8852666666666664,-1.104566666666667,1.9898333333333333,41.44603333333333,41.44603333333333,5.100819737850245,0.02617262210908172,0.0023038266071821376,0.0014323380353470385,48.809866666666665,50.7997
TRN-0137,22.2192,100.676,37.4391,56.4213,17.3095,10.6228,21.2274,45.9637,44.5411,Invalid,0,0,0,0,0,2236.9401792000003,126211.07293269699,571866.9429399888,25737.511575685767,1253.6361489600001,5680.2707988,4.531036017001691,16.386566666666667,4.378221841747578,21.2274,10.6228,10.6046,17.3095,6.6867,-3.9178999999999995,-10.6046,6.6867,3.9178999999999995,10.6046,0.6471519976432729,0.26718358174870854,0.9229333333333329,-5.763766666666667,4.840833333333332,29.577133333333336,29.577133333333336,2.8049620234686934,0.007325438029908148,0.00012983461978233158,2.865450935561002e-05,53.82566666666667,58.6665
TRN-0474,19.7376,68.2093,24.9525,24.924,13.4189,13.5545,16.9523,56.4578,21.7249,Valid,0,0,0,0,0,1346.28787968,33554.87911314432,115959.12450815675,5875.036409346644,491.9399424,1700.0485932,3.4558049886609825,14.641900000000001,1.6346371585156139,16.9523,13.4189,3.5334000000000003,13.5545,-0.13560000000000016,-3.5334000000000003,-3.3978,0.13560000000000016,3.5334000000000003,3.3978,0.24132112353443724,0.11164104705499742,-1.2230000000000008,-1.0874000000000006,2.3103999999999996,41.8159,41.8159,3.855906415430619,0.010875757117121552,0.0004363568096965079,0.00012626776945736426,39.5944,41.9048
TRN-0793,29.9433,90.2695,38.0274,29.5678,13.627749999999999,19.314,24.3668,51.4928,38.8282,Invalid,1,1,0,0,0,2702.96671935,79920.77936439692,240935.6614947059,8046.396136975876,885.35750574,2669.0705221,3.0146809798959704,19.10285,4.386740397113405,24.3668,13.627749999999999,10.739050000000002,19.314,-5.686250000000001,-10.739050000000002,-5.052800000000001,5.686250000000001,10.739050000000002,5.052800000000001,0.5621700132613714,0.2296379947220132,-5.475100000000001,0.21114999999999995,5.263950000000001,32.38995,32.38995,2.6955557576196347,0.007067364113727018,0.00023902231874719317,7.92861043542135e-05,57.130250000000004,62.3942
TRN-0300,28.3887,54.9243,24.6385,26.9051,16.6301,15.3415,21.3679,23.2394,21.2878,Valid,0,0,0,0,0,1559.22947541,41951.22495885359,81164.0429117065,2859.0263045747147,763.80081237,1477.74378393,1.9347239593667918,17.779833333333332,2.5911116396035285,21.3679,15.3415,6.026399999999999,16.6301,1.2885999999999989,-4.7378,-6.026399999999999,1.2885999999999989,4.7378,6.026399999999999,0.3389457903272926,0.14573317113229542,-1.1497333333333337,-2.4383333333333326,3.5880666666666663,5.459566666666667,5.459566666666667,1.3070650470815224,0.011402961271787884,0.0004238215534909468,0.00021906046933191692,42.41833333333334,46.0064
TRN-0096,24.6363,36.24,34.7335,15.5026,13.896,12.6338,18.1854,56.9828,19.1808,Valid,0,0,0,0,0,892.819512,13841.0237667312,20360.14747776,826.4287515305159,381.92670437999993,561.814224,1.4710000498857358,14.905066666666668,2.3760930527981343,18.1854,12.6338,5.5516000000000005,13.896,1.2622,-4.2894000000000005,-5.5516000000000005,1.2622,4.2894000000000005,5.5516000000000005,0.3724639246298401,0.15941511343232417,-1.0090666666666674,-2.2712666666666674,3.280333333333333,42.07773333333333,42.07773333333333,3.8230487290866146,0.016694378258583904,0.001076876025703833,0.0007320706631528995,49.63856666666667,52.9189
TRN-0399,10.3861,18.7855,32.6305,50.6218,6.3956,6.3908,8.4581,20.3764,13.2902,Valid,0,0,0,0,0,195.10808155,9876.72228260779,17864.18062987345,1720.0083679018187,525.76307698,950.9558238999999,1.808715320600098,7.081500000000001,0.9734051674405679,8.4581,6.3908,2.0673000000000004,6.3956,0.0048000000000003595,-2.0625,-2.0673000000000004,0.0048000000000003595,2.0625,2.0673000000000004,0.2919296346918542,0.13745746381177773,-0.6859000000000011,-0.6907000000000014,1.376599999999999,13.294899999999998,13.294899999999998,2.877412571148404,0.03629526725621547,0.0007169888751203457,0.00039640776962149196,39.711999999999996,41.0886
TRN-0392,10.1905,67.5579,25.3445,35.5989,9.0985,10.207,10.7316,48.0055,18.7934,Valid,0,0,0,0,0,688.44877995,24508.019272562055,162475.86626895837,15943.85460233588,362.77059045,2404.98692631,6.629497411363779,10.012366666666667,0.6807669710619703,10.7316,9.0985,1.6331000000000007,10.207,-1.1085000000000012,-1.6331000000000007,-0.5245999999999995,1.1085000000000012,1.6331000000000007,0.5245999999999995,0.16310827312474183,0.06799260611737126,-0.9138666666666673,0.19463333333333388,0.7192333333333334,37.99313333333333,37.99313333333333,4.794620173589976,0.014543371916281795,0.00040853430686940397,6.162371616490309e-05,35.35686666666667,36.0761
TRN-0922,29.8423,23.2777,32.2842,35.1458,16.0758,13.5681,21.498,52.7638,20.4154,Valid,0,0,0,0,0,694.66010671,24414.38517840832,19043.798027210883,638.1477764469597,1048.8315073400001,818.11338866,0.7800236315557569,17.047300000000003,3.3094498727129866,21.498,13.5681,7.929900000000002,16.0758,2.5077000000000016,-5.4222,-7.929900000000002,2.5077000000000016,5.4222,7.929900000000002,0.46517041026025174,0.19413336297124018,-0.9715000000000025,-3.479200000000004,4.450699999999998,35.716499999999996,35.716499999999996,3.095140984487808,0.02454049082535879,0.0006982481792897291,0.0008951628228122704,49.331500000000005,53.7822
TRN-0674,10.2641,67.6886,36.7714,5.0434,8.766,10.3713,10.3567,76.1003,21.7744,Valid,0,0,0,0,0,694.7625592599999,3503.965491371883,23107.58065093626,2251.3009810538947,51.76596194,341.38068524,6.594693485576575,9.831333333333333,0.7533280044059308,10.3713,8.766,1.6052999999999997,10.3567,-1.6052999999999997,-1.5907,0.014599999999999724,1.6052999999999997,1.5907,0.014599999999999724,0.16328404116592785,0.07662520456167964,-1.0653333333333332,0.5399666666666665,0.5253666666666668,66.26896666666667,66.26896666666667,7.740587128847856,0.014150637779983667,0.0028057734457534187,0.0004254592240278315,46.60273333333333,47.1427
TRN-0849,18.5832,83.5181,42.8469,19.2857,13.6044,14.8572,16.5177,38.1275,31.9025,Valid,0,0,0,0,0,1552.0335559200003,29932.053549406348,134523.02302857817,7238.958617978579,358.39002024,1610.70502117,4.494279537739488,14.9931,1.1932255528608164,16.5177,13.6044,2.9133000000000013,14.8572,-1.2528000000000006,-2.9133000000000013,-1.6605000000000008,1.2528000000000006,2.9133000000000013,1.6605000000000008,0.19430936935594587,0.07958497397308378,-1.3887,-0.13589999999999947,1.5246000000000013,23.1344,23.1344,2.5430029451545746,0.009660293705088247,0.0005009044893879811,0.00011145378435855846,57.839999999999996,59.364599999999996
TRN-0720,8.7305,38.7524,42.7652,39.973,6.9272,7.8504,8.7984,39.3478,15.6642,Valid,0,0,0,0,0,338.3278282,13523.9782766386,60029.39302074449,6875.824539822456,348.98427649999996,1549.0496852,4.438737250015779,7.858666666666667,0.763936565138465,8.7984,6.9272,1.8712000000000009,7.8504,-0.9231999999999996,-1.8712000000000009,-0.9480000000000013,0.9231999999999996,1.8712000000000009,0.9480000000000013,0.23810651873432498,0.09720942499945368,-0.9314666666666671,-0.008266666666667533,0.9397333333333338,31.48913333333333,31.48913333333333,5.0069301399393265,0.02322796408811252,0.000581091340531113,0.0001309136453173867,50.623866666666665,51.5636
TRN-0244,13.7541,79.6813,23.9523,25.6729,11.413,12.2854,13.6117,77.2696,23.4988,Valid,0,0,0,0,0,1095.9445683299998,28136.07530827925,163000.05507169437,11851.0148407151,353.10763389,2045.6500467699998,5.793275765533495,12.4367,0.9039687273351886,13.6117,11.413,2.1987000000000005,12.2854,-0.872399999999999,-2.1987000000000005,-1.3263000000000016,0.872399999999999,2.1987000000000005,1.3263000000000016,0.17679125678103869,0.07268557210912996,-1.0236999999999998,-0.15130000000000088,1.1750000000000007,64.8329,64.8329,6.213030288337719,0.011347927940920509,0.0004420197153758111,7.629874722713136e-05,36.389,37.564
TRN-0584,14.8001,41.6142,34.1941,23.5459,9.4725,9.6892,11.9039,71.7649,16.9156,Valid,0,0,0,0,0,615.89432142,14501.786102723177,40775.41551989127,2755.0768416979904,348.48167459,979.84379178,2.8117510819689673,10.3552,1.098663882480291,11.9039,9.4725,2.4314,9.6892,-0.21669999999999945,-2.4314,-2.2147000000000006,0.21669999999999945,2.4314,2.2147000000000006,0.23479988461836715,0.10609778433854554,-0.8826999999999998,-0.6660000000000004,1.5487000000000002,61.4097,61.4097,6.930324191679138,0.016813274003422984,0.0007140637660723332,0.00025395694605967944,44.5493,46.098
TRN-0393,22.8787,26.2566,33.3296,26.8598,12.6389,11.2659,16.9462,36.961,18.0061,Valid,0,0,0,0,0,600.71687442,16135.135103546314,18517.38902821289,809.3723952340165,614.5173062599999,705.24702468,1.1476438282051065,13.616999999999999,2.419912082425035,16.9462,11.2659,5.680300000000001,12.6389,1.3729999999999993,-4.3073000000000015,-5.680300000000001,1.3729999999999993,4.3073000000000015,5.680300000000001,0.41714765240892626,0.17771255817819467,-0.9780999999999995,-2.351099999999999,3.329200000000002,23.344,23.344,2.7143274793032623,0.022667916546342193,0.0008439346749667567,0.0007353628515617361,46.9466,50.275800000000004
TRN-0046,12.6004,70.012,26.6228,27.805,10.1212,11.1769,11.9567,43.7905,20.5183,Valid,0,0,0,0,0,882.1792048000001,24528.992789464002,136291.21640392,10816.418969834373,350.354122,1946.68366,5.556331104065657,11.084933333333332,0.7521562175210382,11.9567,10.1212,1.8354999999999997,11.1769,-1.0556999999999999,-1.8354999999999997,-0.7797999999999998,1.0556999999999999,1.8354999999999997,0.7797999999999998,0.16558510360142564,0.0678539172991978,-0.963733333333332,0.09196666666666786,0.8717666666666677,32.70556666666667,32.70556666666667,3.950451909157304,0.012565398572596156,0.000451911475861445,8.133270525959716e-05,37.70773333333334,38.5795
TRN-0055,13.7835,22.704,46.1581,56.4581,8.6208,8.5332,11.4585,31.2953,18.0216,Valid,0,0,0,0,0,312.940584,17668.0307855304,29102.548043289604,2111.404645546121,778.19022135,1281.8247024,1.647186734342748,9.5375,1.358822821415655,11.4585,8.5332,2.9253,8.6208,0.08759999999999835,-2.8377000000000017,-2.9253,0.08759999999999835,2.8377000000000017,2.9253,0.30671556417136947,0.14247157839518498,-0.9167000000000005,-1.0042999999999989,1.9210000000000012,21.757800000000003,21.757800000000003,3.281289302092865,0.03047703128694541,0.0005398168089717794,0.0003277204451474624,55.6956,57.6166
TRN-0040,30.7001,21.7619,23.3392,38.6122,16.4355,8.515,22.2017,59.9267,19.5066,Invalid,0,0,0,0,0,668.09250619,25796.52146750952,18285.976935703642,595.6324683004672,1185.39840122,840.2748351800001,0.7088543454629026,15.7174,5.61059651789956,22.2017,8.515,13.686699999999998,16.4355,7.9205000000000005,-5.766199999999998,-13.686699999999998,7.9205000000000005,5.766199999999998,13.686699999999998,0.8707991862013319,0.3569671931065168,0.7181000000000015,-7.202399999999999,6.484299999999999,44.2093,44.2093,3.8127614101084526,0.023525783975796185,0.0006092836981601041,0.0008595329664039993,39.0566,45.5409
TRN-0604,29.1572,28.9227,36.6761,40.8287,16.2795,7.4881,21.7575,56.1516,21.4041,Invalid,0,0,0,0,0,843.30494844,34431.044748372224,34154.12926974282,1171.3788737726513,1190.45057164,1180.87624149,0.9919573555774438,15.175033333333332,5.8775748430416055,21.7575,7.4881,14.269400000000001,16.2795,8.7914,-5.4780000000000015,-14.269400000000001,8.7914,5.4780000000000015,14.269400000000001,0.9403207720364742,0.3873187179636874,1.1044666666666672,-7.686933333333331,6.582466666666669,40.97656666666667,40.97656666666667,3.7002618094021673,0.01799471631633417,0.00044073694085655115,0.00044431035594669953,51.85113333333333,58.4336
TRN-0383,19.269,79.1736,31.6065,46.7932,14.3271,14.7891,17.4732,49.4543,27.4728,Valid,1,0,0,0,1,1525.5960983999998,71387.52335165087,293321.25272895664,15222.442135373632,901.6581707999999,3704.7860995199994,4.108858575491277,15.5298,1.3870745401743911,17.4732,14.3271,3.146099999999999,14.7891,-0.46199999999999974,-3.146099999999999,-2.684099999999999,0.46199999999999974,3.146099999999999,2.684099999999999,0.20258469506466947,0.08931695519951552,-1.2027,-0.7407000000000004,1.9433999999999987,33.9245,33.9245,3.1844773799741546,0.010179496398888079,0.00021754221565137578,5.2944680467110095e-05,47.1363,49.0797
TRN-0631,16.4187,61.9808,30.0559,32.3224,12.0878,12.3883,16.9269,29.1391,18.9129,Invalid,1,0,0,1,0,1017.6441609600001,32892.70162821351,124170.36434540954,7562.739850455254,530.6917888800001,2003.3682099200003,3.775012408107072,13.801,2.2137469247108323,16.9269,12.0878,4.8391,12.3883,-0.30049999999999955,-4.8391,-4.538600000000001,0.30049999999999955,4.8391,4.538600000000001,0.3506339866216951,0.16040480865922932,-1.7132000000000005,-1.412700000000001,3.1258999999999997,15.338099999999999,15.338099999999999,2.111375834260138,0.01356171490574764,0.0004195763593873573,0.0001111456833733537,43.8569,46.9828
TRN-0596,14.7864,22.9753,32.572,55.831,8.9076,8.5735,11.5828,49.4543,16.1452,Valid,1,0,0,0,1,339.72197592000003,18967.017637589524,29471.19787973479,1993.1285428911872,825.5394984000001,1282.7339743,1.5538128581796207,9.687966666666666,1.3467741021501058,11.5828,8.5735,3.0093000000000014,8.9076,0.3341000000000012,-2.6752000000000002,-3.0093000000000014,0.3341000000000012,2.6752000000000002,3.0093000000000014,0.3106224239738209,0.13901513180973382,-0.7803666666666658,-1.114466666666667,1.8948333333333345,39.766333333333336,39.766333333333336,5.104713568580243,0.028517338661749436,0.0005107796518813755,0.00032872659964051383,42.25996666666667,44.1548
TRN-0954,9.0295,82.9809,39.0311,45.0216,9.3595,11.461,11.1991,41.8283,28.6045,Valid,0,0,0,0,0,749.2760365500001,33733.60600713948,310011.0733393699,34333.134615010276,406.52253720000004,3735.9328874400003,9.189976278866352,10.673200000000001,0.9350592387651167,11.461,9.3595,2.1014999999999997,11.1991,-2.1014999999999997,-1.839599999999999,0.2619000000000007,2.1014999999999997,1.839599999999999,0.2619000000000007,0.19689500834847948,0.0876081354380112,-1.3137000000000008,0.787799999999999,0.5258999999999983,31.155099999999997,31.155099999999997,3.919002368642734,0.014244683487943208,0.00031639665197443455,3.442844761961646e-05,49.7043,50.4921
TRN-0069,10.6599,55.4415,45.4533,57.3204,8.7772,10.33,10.7495,50.0292,18.0376,Invalid,0,0,0,0,0,591.00084585,33876.40488446034,176189.1482473389,16528.216185810626,611.02973196,3177.9289565999998,5.200939483396703,9.952233333333332,0.8483405618552541,10.7495,8.7772,1.9722999999999988,10.33,-1.5527999999999995,-1.9722999999999988,-0.4194999999999993,1.5527999999999995,1.9722999999999988,0.4194999999999993,0.1981766037596314,0.08524121653907207,-1.1750333333333316,0.3777666666666679,0.7972666666666672,40.07696666666667,40.07696666666667,5.026931473311036,0.016839626180534518,0.0002937806820700978,5.648607438243383e-05,55.40553333333333,56.202799999999996
TRN-0195,14.6346,44.3665,26.2526,39.6835,10.1485,10.0617,12.6422,48.8083,15.6746,Valid,0,0,0,0,0,649.2859809,25765.940223045152,78112.45861900788,5337.518844484239,580.7521491000001,1760.6180027500002,3.031616646056835,10.950800000000001,1.19652525534009,12.6422,10.0617,2.5805000000000007,10.1485,0.08680000000000021,-2.4937000000000005,-2.5805000000000007,0.08680000000000021,2.4937000000000005,2.5805000000000007,0.23564486287350128,0.10926372010048306,-0.8023000000000007,-0.8891000000000009,1.6913999999999998,37.8575,37.8575,4.457052958957067,0.016865911640283327,0.000425010688714575,0.00014019274509425108,37.2034,38.894800000000004
TRN-0104,19.0061,71.4244,23.5275,37.0969,13.4861,13.6011,16.8051,48.3686,21.7428,Valid,0,0,0,0,0,1357.4992888400002,50359.0153681686,189247.7918806184,9957.212785548092,705.06739109,2649.62382436,3.757972242702488,14.630766666666668,1.538202486309552,16.8051,13.4861,3.318999999999999,13.6011,-0.11500000000000021,-3.318999999999999,-3.203999999999999,0.11500000000000021,3.318999999999999,3.203999999999999,0.22685070774253965,0.1051347763394565,-1.1446666666666676,-1.0296666666666674,2.1743333333333315,33.737833333333334,33.737833333333334,3.305950931761316,0.010777734306138091,0.0002905292440571444,7.731010502790311e-05,38.15826666666667,40.3326
TRN-0751,11.0406,64.0415,40.4972,35.006,9.1935,10.7225,11.2221,46.527,22.9613,Valid,0,0,0,0,0,707.0565849,24751.2228110094,143570.5881610835,13003.874350778868,386.4872436,2241.836749,5.800544734838258,10.379366666666668,0.8629831413314062,11.2221,9.1935,2.028599999999999,10.7225,-1.529,-2.028599999999999,-0.49959999999999916,1.529,2.028599999999999,0.49959999999999916,0.195445432241007,0.08314409596481258,-1.1858666666666675,0.3431333333333324,0.8427333333333316,36.14763333333333,36.14763333333333,4.482643017784352,0.014679683173384141,0.00041934763165036654,7.229451936875065e-05,50.87656666666667,51.7193
TRN-0537,18.6335,82.6128,23.4196,29.3012,13.8318,14.213,16.8344,51.8193,26.1312,Valid,0,0,0,0,0,1539.3656088,45105.25957657056,199977.0192581806,10732.122710497644,545.9839102000001,2420.65417536,4.433562968118551,14.959733333333332,1.3346933963357357,16.8344,13.8318,3.0025999999999993,14.213,-0.38119999999999976,-3.0025999999999993,-2.6213999999999995,0.38119999999999976,3.0025999999999993,2.6213999999999995,0.20071212048930545,0.08921905741078351,-1.127933333333333,-0.7467333333333332,1.8746666666666663,36.859566666666666,36.859566666666666,3.463918465753503,0.00971811585116349,0.00033166272566519805,7.480726229819807e-05,38.379333333333335,40.254
TRN-0348,18.6216,39.1216,29.5936,25.5068,10.9669,10.4217,13.9351,53.0223,17.3091,Valid,0,0,0,0,0,728.50678656,18581.87690342861,39038.14685446861,2096.390469029414,474.97742688,997.86682688,2.1008719926927872,11.774566666666667,1.5438564210731804,13.9351,10.4217,3.5134000000000007,10.9669,0.5452000000000012,-2.9681999999999995,-3.5134000000000007,0.5452000000000012,2.9681999999999995,3.5134000000000007,0.2983888750281929,0.13111788600474705,-0.8076666666666661,-1.3528666666666673,2.1605333333333334,41.247733333333336,41.247733333333336,4.5031207515248335,0.016162603928651674,0.000633658630246358,0.0003016169468868434,41.36816666666667,43.5287
TRN-0730,15.3273,38.6999,49.7777,59.2633,10.4496,10.8623,13.4307,39.9543,22.7637,Valid,0,0,0,0,0,593.16497727,35152.91399744519,88757.59307965063,5790.816861993552,908.3463780899999,2293.48378367,2.524899850273705,11.580866666666667,1.3188360634370833,13.4307,10.4496,2.9810999999999996,10.8623,-0.4126999999999992,-2.9810999999999996,-2.5684000000000005,0.4126999999999992,2.9810999999999996,2.5684000000000005,0.2574159454891736,0.1138805917999653,-1.1312666666666669,-0.7185666666666677,1.8498333333333328,28.373433333333338,28.373433333333338,3.450026470382775,0.01952385439282497,0.0003294425795590911,0.00013047747538786432,61.35856666666667,63.208400000000005
TRN-0961,25.6003,45.6984,36.3889,34.2858,15.3215,14.1184,19.8526,55.4214,20.6785,Valid,0,0,0,0,0,1169.89274952,40110.70883149282,71600.53657437966,2796.8630749450817,877.72676574,1566.80620272,1.785072761449172,16.430833333333336,2.4689036356695295,19.8526,14.1184,5.7341999999999995,15.3215,1.203100000000001,-4.531099999999999,-5.7341999999999995,1.203100000000001,4.531099999999999,5.7341999999999995,0.34899019025266365,0.15026039369533714,-1.1093333333333355,-2.3124333333333364,3.421766666666663,38.990566666666666,38.990566666666666,3.3730119162339953,0.014044734721221301,0.00040963707228287806,0.00022947919274369228,52.81973333333333,56.2415
TRN-0818,31.0474,62.9038,35.1896,55.5623,19.3378,17.6333,25.0756,55.3385,28.5424,Valid,0,0,0,0,0,1952.99944012,108513.14079177947,219853.80114721158,7081.230443321539,1725.06495302,3495.0798067399996,2.026056867046617,20.682233333333333,3.183560173069697,25.0756,17.6333,7.442300000000003,19.3378,1.704500000000003,-5.7378,-7.442300000000003,1.704500000000003,5.7378,7.442300000000003,0.3598402319620433,0.15392728472952208,-1.3444333333333311,-3.048933333333334,4.393366666666669,34.65626666666667,34.65626666666667,2.675653853839744,0.010589984255946611,0.00019059657827828297,9.407266658715023e-05,55.87183333333333,60.2652
TRN-0794,14.4618,61.9058,19.4627,33.2112,11.0829,11.4122,13.8348,34.7131,16.3831,Valid,0,0,0,0,0,895.2692984400001,29732.96772435053,127276.21411927276,8800.855033150627,480.29373216,2055.96590496,4.2806425008890665,12.109966666666667,1.2270281559750593,13.8348,11.0829,2.751899999999999,11.4122,-0.3292999999999999,-2.751899999999999,-2.422599999999999,0.3292999999999999,2.751899999999999,2.422599999999999,0.2272425555333852,0.1013238176805806,-1.0270666666666664,-0.6977666666666664,1.7248333333333328,22.603133333333332,22.603133333333332,2.8664898995188617,0.013526618944982893,0.0004072908825828922,9.51471313816976e-05,31.57266666666667,33.2975
TRN-0488,9.8739,48.5443,43.9823,34.3589,7.7772,9.2292,9.8748,83.8846,16.7146,Valid,0,0,0,0,0,479.32156377,16468.961677417054,80968.43358318765,8200.24766130303,339.25634271,1667.92874927,4.9164256356226375,8.9604,0.8771816687551107,9.8748,7.7772,2.097600000000001,9.2292,-1.4520000000000008,-2.097600000000001,-0.6456,1.4520000000000008,2.097600000000001,0.6456,0.2340966659862657,0.09789535856209011,-1.1832000000000003,0.2688000000000006,0.9144000000000005,74.92420000000001,74.92420000000001,9.361701557776266,0.0186939221153123,0.0005440780162687978,0.00011066534948688793,52.9427,53.8571
TRN-0577,26.2007,23.6865,40.4527,22.249,14.2341,12.3775,18.9363,43.5085,19.5382,Valid,0,0,0,0,0,620.60288055,13807.793489356949,12482.807729780247,476.43029588331416,582.9393742999999,527.0009385,0.9040406972317266,15.182633333333333,2.7603442989759244,18.9363,12.3775,6.5588,14.2341,1.8566000000000003,-4.7021999999999995,-6.5588,1.8566000000000003,4.7021999999999995,6.5588,0.4319935431495057,0.18180931176848633,-0.9485333333333337,-2.805133333333334,3.753666666666666,28.325866666666663,28.325866666666663,2.8656752869610704,0.024464329420149682,0.0010995698439389711,0.0012162835205653153,55.635333333333335,59.388999999999996
TRN-0388,15.6353,93.2888,38.4491,16.0241,12.4655,14.2449,15.0064,52.6342,35.8424,Valid,0,0,0,0,0,1458.59837464,23372.726215068826,139454.54077199107,8919.21049501964,250.54161073000003,1494.86906008,5.9665496685992805,13.9056,1.0647023277267058,15.0064,12.4655,2.540899999999999,14.2449,-1.779399999999999,-2.540899999999999,-0.7614999999999998,1.779399999999999,2.540899999999999,0.7614999999999998,0.1827249322053753,0.07656643734612448,-1.4400999999999993,0.3392999999999997,1.1007999999999996,38.7286,38.7286,3.7851078856642015,0.00953353591518881,0.0005949498518679372,9.971421455996916e-05,52.3547,53.4555
TRN-0490,22.4352,87.399,34.984,8.6671,21.8695,16.3441,19.4985,66.3187,33.2397,Invalid,0,0,0,0,0,1960.8140448,16994.57140768608,66204.38179558709,2950.915474106387,194.44812191999998,757.4958729,3.895619210186706,19.237366666666667,2.2632799581335235,21.8695,16.3441,5.525399999999998,19.4985,5.525399999999998,2.3709999999999987,-3.154399999999999,5.525399999999998,2.3709999999999987,3.154399999999999,0.2872222486849941,0.11765018984666994,2.632133333333332,-2.8932666666666655,0.26113333333333344,47.08133333333334,47.08133333333334,3.4473895362988247,0.009810908233686147,0.0011319712750645936,0.000290575429369214,54.22136666666667,56.8535
TRN-0774,13.1669,55.9826,37.9946,32.6052,9.6036,10.6482,12.0089,51.8564,17.6295,Valid,0,0,0,0,0,737.11729594,24033.85685758289,102186.37605779036,7760.852463141507,429.30940788000004,1825.32386952,4.251767367279514,10.753566666666666,0.9847820819292405,12.0089,9.6036,2.4053000000000004,10.6482,-1.044599999999999,-2.4053000000000004,-1.3607000000000014,1.044599999999999,2.4053000000000004,1.3607000000000014,0.22367460498303468,0.0915772432419629,-1.149966666666666,-0.10536666666666683,1.2553333333333345,41.102833333333336,41.102833333333336,4.822250773642472,0.014588677692557237,0.00044743408142694285,0.00010523483737675434,48.74816666666666,50.0035
TRN-0590,19.0194,19.1802,35.4244,47.6908,10.8729,9.8968,14.7725,63.4353,17.0471,Valid,0,0,0,0,0,364.79589588,17397.408111233904,17544.494939645232,922.4525493544844,907.0504015200002,914.71908216,1.0084544723569369,11.8474,2.1063950737377515,14.7725,9.8968,4.8757,10.8729,0.9760999999999989,-3.8996000000000013,-4.8757,0.9760999999999989,3.8996000000000013,4.8757,0.4115417381415553,0.17779385316136015,-0.9745000000000008,-1.9505999999999997,2.9251000000000005,51.5879,51.5879,5.3543642187852,0.032476790724149,0.0006809864965844468,0.0006752773471154872,47.2718,50.1969
TRN-0968,16.2319,44.2376,28.252,32.7977,10.808,1.0,13.7394,58.1263,17.1679,Invalid,0,0,0,0,0,718.06029944,23550.726282943288,64183.95930324435,3954.186222750148,532.36898663,1450.89153352,2.725349298273813,8.5158,5.447550747507238,13.7394,1.0,12.7394,10.808,9.808,-2.9314,-12.7394,9.808,2.9314,12.7394,1.4959720171948594,0.6396991601268323,2.2921999999999993,-7.5158000000000005,5.223599999999999,49.6105,49.6105,6.825699661135811,0.011859449679618609,0.0003615939439543319,0.00013267801008712263,36.7678,41.9914
TRN-0601,15.4779,79.9642,26.6642,23.6025,12.3091,13.4402,14.9589,32.7272,25.3258,Valid,0,0,0,0,0,1237.6778911800002,29212.292426575954,150920.8351299081,9750.730097699172,365.31713475,1887.3550305,5.16634652205102,13.569400000000002,1.085627158220844,14.9589,12.3091,2.649799999999999,13.4402,-1.1311,-2.649799999999999,-1.518699999999999,1.1311,2.649799999999999,1.518699999999999,0.195277595525403,0.08000553290604677,-1.2603000000000009,-0.12920000000000087,1.3894999999999982,19.1578,19.1578,2.4118382233674134,0.0109635956865153,0.0004645099330578622,8.99107137078188e-05,40.2336,41.6231
TRN-0694,12.362,80.5709,36.3399,24.5401,10.7301,12.2892,12.8727,46.5269,26.5544,Valid,0,0,0,0,0,996.0174658,24442.368212478577,159306.22917091005,12886.767212760302,303.3647162,1977.2179430899998,6.51762607040721,11.964,0.9044335133109563,12.8727,10.7301,2.1426,12.2892,-1.559099999999999,-2.1426,-0.5835000000000008,1.559099999999999,2.1426,0.5835000000000008,0.17908724681651228,0.07559624186849837,-1.2339000000000002,0.3251999999999988,0.9086999999999996,34.5629,34.5629,3.8889080667913682,0.012011837541803239,0.0004894779382876056,7.510064146386545e-05,48.3039,49.2126
TRN-0996,25.2864,105.1935,21.2535,30.031,18.4286,18.6152,22.6584,44.7668,44.5171,Valid,0,0,0,0,0,2659.9649184,79881.40646447039,332313.20911320974,13141.973391674432,759.3758784,3159.0659984999998,4.160081934949936,19.900733333333335,1.9514522751587398,22.6584,18.4286,4.229800000000001,18.6152,-0.1866000000000021,-4.229800000000001,-4.043199999999999,0.1866000000000021,4.229800000000001,4.043199999999999,0.2125449206623079,0.09805930989642407,-1.4721333333333355,-1.2855333333333334,2.7576666666666654,24.86606666666667,24.86606666666667,2.249504930328953,0.007481577365246713,0.0002491284795033704,5.9885471860656105e-05,41.15423333333334,43.9119
TRN-0550,28.8379,92.9334,31.6963,6.1701,19.1578,19.1947,24.0263,68.1967,38.0388,Valid,0,0,0,0,0,2680.0040958600002,16535.893271865785,53288.789537088756,1847.8733780620425,177.93272679,573.40837134,3.222613185335507,20.792933333333334,2.2863851240671487,24.0263,19.1578,4.868499999999997,19.1947,-0.03689999999999927,-4.868499999999997,-4.831599999999998,0.03689999999999927,4.868499999999997,4.831599999999998,0.23414203699933117,0.10995971455562309,-1.6351333333333322,-1.598233333333333,3.233366666666665,47.40376666666667,47.40376666666667,3.2798016338979767,0.007758545353604185,0.0012574424006142472,0.0003901933880196575,52.48923333333333,55.7226
TRN-0362,26.0027,31.8043,38.6549,39.2623,14.4526,12.9979,18.9192,41.6736,20.6107,Valid,0,0,0,0,0,826.9976716100001,32469.83068205331,39714.34643176393,1527.3161981043402,1020.9258082100001,1248.7099678900001,1.223115244835527,15.456566666666665,2.519445735783082,18.9192,12.9979,5.9213000000000005,14.4526,1.4547000000000008,-4.4666,-5.9213000000000005,1.4547000000000008,4.4666,5.9213000000000005,0.3830928138573586,0.16300163077061863,-1.0039666666666651,-2.458666666666666,3.4626333333333346,26.217033333333333,26.217033333333333,2.6961742670639928,0.01868997601636027,0.00047602855763377214,0.00038919352966904563,54.111466666666665,57.5741
TRN-0403,14.602,90.8334,34.272,23.6169,12.1854,13.8431,14.3235,48.328,32.9934,Valid,0,0,0,0,0,1326.3493068,31324.258943764922,194856.11165200497,13344.480092283584,344.8539738,2145.20332446,6.220613188562307,13.450666666666669,0.9159224287872612,14.3235,12.1854,2.1380999999999997,13.8431,-1.6577000000000002,-2.1380999999999997,-0.4803999999999995,1.6577000000000002,2.1380999999999997,0.4803999999999995,0.1589586519410201,0.06809494156614192,-1.265266666666669,0.3924333333333312,0.8728333333333307,34.87733333333333,34.87733333333333,3.5929814933846034,0.01014111937750179,0.0004294009537587039,6.902871330317464e-05,47.72266666666667,48.5955
TRN-0895,13.303,23.5239,36.4808,54.2996,8.24,8.2477,11.1047,60.4973,15.8924,Valid,0,0,0,0,0,312.93844170000006,16992.43220893332,30047.979857154518,2258.736946434456,722.3475788000001,1277.33836044,1.76831528464893,9.197466666666665,1.3486212869280814,11.1047,8.24,2.864699999999999,8.2477,-0.007699999999999818,-2.864699999999999,-2.8569999999999993,0.007699999999999818,2.864699999999999,2.8569999999999993,0.31146616697356877,0.1466296306553744,-0.9574666666666651,-0.9497666666666653,1.907233333333334,51.29983333333334,51.29983333333334,6.577603987590354,0.0293906577514475,0.000541268404254105,0.00030609267944415995,45.678266666666666,47.5855
TRN-0710,14.9713,90.0616,47.0818,58.286,13.306,15.1173,16.1489,49.4095,38.455,Valid,0,0,0,0,0,1348.3392320799999,78589.30048101487,472763.0963377241,31577.956808010484,872.6171918,5249.3304176,6.01561614451543,14.857399999999998,1.1750691071876023,16.1489,13.306,2.842900000000002,15.1173,-1.811300000000001,-2.842900000000002,-1.031600000000001,1.811300000000001,2.842900000000002,1.031600000000001,0.19134571382976084,0.0790898157213097,-1.5513999999999992,0.2599000000000018,1.2915000000000028,34.5521,34.5521,3.32558164109591,0.011019037075752343,0.00018905118010816382,3.142673384420641e-05,61.9392,63.2307
TRN-0505,27.9057,79.2635,35.0412,51.9587,18.3341,18.1298,22.974,50.8913,31.4153,Valid,0,0,0,0,0,2211.9034519499996,114927.62788883445,326441.05086654803,11698.005753969343,1449.94389459,4118.42841745,2.8404052634262795,19.812633333333334,2.23697921661234,22.974,18.1298,4.844200000000001,18.3341,0.20429999999999993,-4.639900000000001,-4.844200000000001,0.20429999999999993,4.639900000000001,4.844200000000001,0.24450055043159918,0.11290670281279976,-1.4785333333333348,-1.6828333333333347,3.161366666666666,31.078666666666667,31.078666666666667,2.568628640885934,0.008957277636557496,0.00017239225847700453,6.069283651881215e-05,54.85383333333334,58.01520000000001
TRN-0671,22.0527,73.0502,31.3211,59.7622,15.2807,15.2178,18.7654,49.4543,26.3962,Valid,1,0,0,0,1,1610.9541455400001,96274.1638365906,318910.9235193745,14461.309003344963,1317.9178679400002,4365.640662440001,3.3125284744032033,16.4213,1.6577279048947284,18.7654,15.2178,3.547599999999999,15.2807,0.06289999999999907,-3.4847,-3.547599999999999,0.06289999999999907,3.4847,3.547599999999999,0.21603647603804346,0.10094985195720658,-1.1405999999999992,-1.2034999999999982,2.344100000000001,33.033,33.033,3.011594513735544,0.010193524151677184,0.00017056808748504803,5.1491807865122806e-05,47.7424,50.0865
TRN-0923,20.3823,81.3954,43.0469,42.3267,14.7449,15.4901,17.9001,68.6376,31.9883,Valid,0,0,0,0,0,1659.02546142,70221.07299788592,280423.32440853695,13758.177960797308,862.7154974100001,3445.19867718,3.993435284858171,16.045033333333333,1.3465474402667317,17.9001,14.7449,3.155199999999999,15.4901,-0.7452000000000005,-3.155199999999999,-2.4099999999999984,0.7452000000000005,3.155199999999999,2.4099999999999984,0.1966465097207748,0.0839230014902055,-1.3001333333333331,-0.5549333333333326,1.8550666666666658,52.59256666666667,52.59256666666667,4.277809481367475,0.009671360504575162,0.00022849313814370074,5.7217185364726584e-05,59.09193333333333,60.947
TRN-0456,16.2823,42.0499,42.1286,55.2509,10.933,11.001,14.1658,34.9553,18.4806,Valid,0,0,0,0,0,684.66908677,37828.583246220594,97694.31484773352,6000.031251586217,899.61172907,2323.29481991,2.582552674833858,12.033266666666668,1.5081842976093993,14.1658,10.933,3.232800000000001,11.001,-0.06799999999999962,-3.232800000000001,-3.1648000000000014,0.06799999999999962,3.232800000000001,3.1648000000000014,0.2686552056807624,0.12533455910626987,-1.100266666666668,-1.0322666666666684,2.132533333333333,22.92203333333333,22.92203333333333,2.9048884283385146,0.017575302991784825,0.00031809985026470155,0.00012317263993609617,54.16186666666667,56.294399999999996
TRN-0864,17.7488,98.5119,38.5198,30.0701,14.3138,15.8699,17.2717,65.6793,41.152,Valid,0,0,0,0,0,1748.46801072,52576.60792915147,291818.12531865685,16441.568380796925,533.70819088,2962.26268419,5.550341118816983,15.818466666666666,1.208105167423579,17.2717,14.3138,2.9578999999999986,15.8699,-1.556099999999999,-2.9578999999999986,-1.4017999999999997,1.556099999999999,2.9578999999999986,1.4017999999999997,0.18699029908143436,0.07637308447829928,-1.5046666666666653,0.051433333333333664,1.4532333333333334,49.86083333333333,49.86083333333333,4.152064623705757,0.009047043789554806,0.0003008651050231626,5.420659408780437e-05,54.33826666666666,55.7915
TRN-0728,12.9937,91.5476,34.1973,59.2556,11.6285,13.3281,13.6989,39.3368,33.532,Valid,0,0,0,0,0,1189.54205012,70487.02790509068,496618.9950394483,38219.98020729031,769.9494897200001,5424.70796656,7.045536910538422,12.885166666666668,0.9013994650295476,13.6989,11.6285,2.0703999999999994,13.3281,-1.6995999999999984,-2.0703999999999994,-0.3708000000000009,1.6995999999999984,2.0703999999999994,0.3708000000000009,0.16068087382021642,0.06995636287771607,-1.2566666666666677,0.44293333333333074,0.8137333333333316,26.451633333333326,26.451633333333326,3.052874515693147,0.010832039653020068,0.00018280195731664947,2.5945778947938157e-05,47.08246666666667,47.8962
TRN-0795,19.6172,75.9294,47.4861,24.8512,14.0893,15.1071,17.4548,11.4004,32.7368,Valid,0,0,0,0,0,1489.52222568,37016.41473481881,143273.97186988723,7303.486968904852,487.51096064,1886.9367052799998,3.8705521751038794,15.550400000000002,1.409263100583658,17.4548,14.0893,3.365499999999999,15.1071,-1.0178000000000011,-3.365499999999999,-2.347699999999998,1.0178000000000011,3.365499999999999,2.347699999999998,0.21642528703922162,0.09062551509659834,-1.4611000000000018,-0.4433000000000007,1.9043999999999972,-4.150000000000002,4.150000000000002,0.7331257888462168,0.010439857641238646,0.0004200947096303389,0.00010853611299345703,63.036500000000004,64.9409
TRN-0339,19.8769,88.9244,43.516,5.905,14.5352,15.9001,18.022,47.0218,35.8431,Valid,0,0,0,0,0,1767.54140636,10437.332004555801,46694.07634520081,2349.162796816305,117.3730945,525.0985820000001,4.473755742909823,16.15243333333333,1.434619030342976,18.022,14.5352,3.486799999999999,15.9001,-1.3649000000000004,-3.486799999999999,-2.1218999999999983,1.3649000000000004,3.486799999999999,2.1218999999999983,0.21586839036419334,0.08881751200699156,-1.6172333333333313,-0.25233333333333086,1.8695666666666675,30.869366666666668,30.869366666666668,2.9111277612788315,0.009138362058209773,0.0015475634314147883,0.00034592039498919326,59.668433333333326,61.538
TRN-0755,10.3894,48.2646,38.2092,52.4993,8.0078,9.087,1.0,55.6166,16.6688,Invalid,0,0,0,0,0,501.44023524000005,26325.261341935333,122295.62906077079,11771.191530750502,545.43622742,2533.85771478,4.645561375482571,6.0316,3.5850538889487655,9.087,1.0,8.087,8.0078,-1.0792000000000002,7.0078,8.087,1.0792000000000002,7.0078,8.087,1.3407717121871954,0.5943784890527019,1.9761999999999995,3.0553999999999997,-5.0316,49.585,49.585,9.220868555463134,0.012028552086739898,0.0002291183332019853,4.931983298400203e-05,44.2408,47.2962
TRN-0926,27.2448,94.7248,46.3557,8.5644,18.461,18.9053,23.0699,55.0239,44.069,Valid,0,0,0,0,0,2580.7582310400003,22102.645793918975,76846.54327797657,2820.5947724843563,233.33536511999998,811.26107712,3.476802785235979,20.1454,2.0758734402655676,23.0699,18.461,4.608900000000002,18.9053,-0.4443000000000019,-4.608900000000002,-4.1646,0.4443000000000019,4.608900000000002,4.1646,0.22878174527277972,0.10304453310537565,-1.6844000000000001,-1.2400999999999982,2.924500000000002,34.8785,34.8785,2.731338035912018,0.007806000480748542,0.0009114474433025157,0.0002621510238510795,66.5011,69.4256
TRN-0340,15.9289,42.4987,37.1452,21.9601,10.0484,10.4299,13.1923,47.0975,17.1411,Valid,0,0,0,0,0,676.95754243,14866.055327517042,39663.00407106257,2490.002547637315,349.80023689,933.27570187,2.668024617643113,11.223533333333334,1.400813383558122,13.1923,10.0484,3.1438999999999986,10.4299,-0.38149999999999906,-3.1438999999999986,-2.7623999999999995,0.38149999999999906,3.1438999999999986,2.7623999999999995,0.2801167534778036,0.12481036204413583,-1.1751333333333331,-0.7936333333333341,1.9687666666666654,35.87396666666666,35.87396666666666,4.1963162940681515,0.016579375534344555,0.0007549772340617901,0.0002829723465459555,48.36873333333334,50.337500000000006
TRN-0624,21.2688,60.1272,41.6207,7.4565,13.4904,13.7243,17.1971,63.1803,20.5506,Valid,0,0,0,0,0,1278.83339136,9535.621182675839,26957.336660976962,1267.4591605317555,158.5908072,448.33846680000005,2.8270140850911156,14.803933333333333,1.6949163840404895,17.1971,13.4904,3.7066999999999997,13.7243,-0.23390000000000022,-3.7066999999999997,-3.4727999999999994,0.23390000000000022,3.7066999999999997,3.4727999999999994,0.25038614172002877,0.11449094179134021,-1.3135333333333339,-1.0796333333333337,2.3931666666666658,48.37636666666667,48.37636666666667,4.267804664449224,0.011576123537104141,0.0015524875672154835,0.0005491615703347328,56.42463333333333,58.8178
TRN-0985,31.1523,68.3503,25.5586,59.5274,19.4935,17.927,24.8405,47.4029,26.3345,Valid,0,0,0,0,0,2129.2690506900003,126749.85048804393,278097.9351705315,8927.043147487933,1854.41542302,4068.7156482200003,2.194069067321865,20.753666666666668,2.9597449871380617,24.8405,17.927,6.913499999999999,19.4935,1.5665000000000013,-5.346999999999998,-6.913499999999999,1.5665000000000013,5.346999999999998,6.913499999999999,0.33312184193370603,0.1426131050509126,-1.2601666666666667,-2.826666666666668,4.086833333333331,26.649233333333335,26.649233333333335,2.284073386996351,0.009746850286578151,0.00016373720826172165,7.46271871952798e-05,46.312266666666666,50.3991
TRN-0860,24.0826,100.8102,38.7076,45.2535,17.6853,18.6204,21.645,52.8524,45.3171,Valid,0,0,0,0,0,2427.77172252,109865.16764505883,459897.58262529416,19096.67409368673,1089.8219391,4562.0143857,4.1860179471478185,19.3169,1.689899446712732,21.645,17.6853,3.959699999999998,18.6204,-0.9350999999999985,-3.959699999999998,-3.0245999999999995,0.9350999999999985,3.959699999999998,3.0245999999999995,0.2049862967149854,0.0874829480522125,-1.6315999999999988,-0.6965000000000003,2.328099999999999,33.5355,33.5355,2.736070345859307,0.007956637690792707,0.00017582369748191025,4.200261260276426e-05,58.0245,60.352599999999995
TRN-0560,16.1905,108.6933,41.8279,25.9057,14.0794,16.4719,16.642,45.5852,50.7461,Valid,0,0,0,0,0,1759.79887365,45588.8216811148,306055.98787140084,18903.42910768486,419.42623585,2815.7760218099997,6.713399418585007,15.7311,1.1699909315887884,16.642,14.0794,2.5625999999999998,16.4719,-2.392500000000002,-2.5625999999999998,-0.17009999999999792,2.392500000000002,2.5625999999999998,0.17009999999999792,0.16290023184009816,0.07437438305105208,-1.6517,0.7408000000000019,0.9108999999999998,29.854100000000003,29.854100000000003,2.897775559383924,0.008939146527826198,0.00034506485185537385,5.139941913686238e-05,57.559,58.469899999999996
TRN-0811,9.9206,20.4528,30.4694,39.4752,6.1355,6.2873,7.9233,49.787,13.4197,Valid,0,0,0,0,0,202.90404768,8009.677862977536,16513.148337389568,1664.5310437734133,391.61766912,807.37837056,2.0616492891912497,6.782033333333334,0.8093734256955947,7.9233,6.1355,1.7877999999999998,6.2873,-0.1517999999999997,-1.7877999999999998,-1.6360000000000001,0.1517999999999997,1.7877999999999998,1.6360000000000001,0.26360822020806635,0.11934080335122572,-0.6465333333333332,-0.49473333333333347,1.1412666666666667,43.00496666666667,43.00496666666667,7.341012674515606,0.03342482999947073,0.0008467298496278644,0.0004107050451164751,37.25143333333333,38.3927
TRN-0395,22.5343,64.3109,38.331,33.4681,14.7128,14.8326,18.3668,42.5264,26.0598,Valid,0,0,0,0,0,1449.2011138700002,48502.00779911255,138420.44231983897,6142.655248984158,754.1802058300001,2152.36363229,2.853911465902581,15.970733333333333,1.6949807498087477,18.3668,14.7128,3.6540000000000017,14.8326,-0.11979999999999968,-3.6540000000000017,-3.534200000000002,0.11979999999999968,3.6540000000000017,3.534200000000002,0.2287934871205986,0.1061304204573153,-1.2579333333333338,-1.138133333333334,2.396066666666668,26.555666666666667,26.555666666666667,2.6627704845882376,0.011020370581736669,0.00032927983928319506,0.00011537843013328505,54.30173333333334,56.6978
TRN-0839,17.7608,75.605,32.4239,44.923,9.5081,18.8042,16.0689,59.2908,26.1826,Invalid,0,0,0,0,0,1342.805284,60322.841773132,256785.08019107502,14457.96730626479,797.8684184,3396.403415,4.2568462987677185,14.793733333333334,3.9007611499409816,18.8042,9.5081,9.296100000000001,16.0689,-9.296100000000001,-6.560799999999999,2.7353000000000023,9.296100000000001,6.560799999999999,2.7353000000000023,0.6283808935958767,0.26367657158421204,-5.285633333333333,4.010466666666668,1.2751666666666654,44.49706666666666,44.49706666666666,4.007831874228375,0.011017035380027814,0.0002452426460398832,5.7611343004303964e-05,47.21763333333334,51.228100000000005
TRN-0779,25.1402,21.4874,30.0153,21.5418,13.418,11.7585,17.7983,42.8532,17.9676,Valid,0,0,0,0,0,540.1975334800001,11636.827226719464,9946.029122736169,395.6224981151172,541.5651603599999,462.87727332,0.8547027925512608,14.324933333333334,2.547769228604158,17.7983,11.7585,6.039800000000001,13.418,1.6594999999999995,-4.380300000000002,-6.039800000000001,1.6594999999999995,4.380300000000002,6.039800000000001,0.4216284598209794,0.17785556075294806,-0.9069333333333347,-2.5664333333333342,3.473366666666667,28.528266666666667,28.528266666666667,2.991511095466802,0.026517953931653297,0.001230999915441786,0.001440266578261562,44.34023333333333,47.8136
TRN-0543,31.2911,105.0903,31.7883,17.9763,21.0594,20.9426,26.2067,40.3385,49.5902,Valid,0,0,0,0,0,3288.39108633,59113.10468519397,198529.73865726806,6344.607006869718,562.4982009299999,1889.1347598899997,3.358472429589486,22.73623333333333,2.454453737369864,26.2067,20.9426,5.264100000000003,21.0594,0.11680000000000135,-5.147300000000001,-5.264100000000003,0.11680000000000135,5.147300000000001,5.264100000000003,0.23152910560401668,0.10795339726822825,-1.676833333333331,-1.7936333333333323,3.4704666666666704,17.602266666666672,17.602266666666672,1.7741944162169454,0.006914090425842248,0.00038462255457618423,0.00011452306081190949,54.52453333333333,57.995000000000005
TRN-0158,12.482,83.5838,47.1746,30.2478,10.9729,13.2646,13.0821,47.6153,33.0264,Valid,0,0,0,0,0,1043.2929915999998,31557.317751318475,211318.74182524064,16929.877014530015,377.5530396,2528.22606564,6.696346202824372,12.439866666666665,1.0399743469058373,13.2646,10.9729,2.2917000000000005,13.0821,-2.2917000000000005,-2.1092000000000013,0.18249999999999922,2.2917000000000005,2.1092000000000013,0.18249999999999922,0.1842222169405179,0.08360011334304689,-1.466966666666666,0.8247333333333344,0.6422333333333352,35.17543333333333,35.17543333333333,3.827637180384797,0.011923655919192136,0.00039419911300138063,5.886778692301459e-05,59.614466666666665,60.4392
TRN-0799,30.8482,39.4561,32.0324,45.0936,17.3909,15.3215,22.5071,40.493,21.9518,Valid,0,0,0,0,0,1217.1496640199998,54885.66008945226,70200.98719067687,2275.6914476366665,1391.05639152,1779.21759096,1.2790405508574065,18.4065,3.0201318249374487,22.5071,15.3215,7.185600000000001,17.3909,2.069399999999998,-5.116200000000003,-7.185600000000001,2.069399999999998,5.116200000000003,7.185600000000001,0.3903838105895303,0.16407962735217566,-1.0156000000000027,-3.085000000000001,4.1006,22.0865,22.0865,2.1999292532567702,0.015122626681820225,0.00033536082047051736,0.0002621971675375856,50.438900000000004,54.539500000000004
TRN-0946,13.2616,50.6899,55.0,49.9586,9.9141,11.1639,12.718,51.5653,31.2415,Valid,0,0,0,0,0,672.22917784,33583.628604037425,128366.92220967279,9679.594659021395,662.53096976,2532.39643814,3.8223062207949106,11.265333333333333,1.1469322395949215,12.718,9.9141,2.8039000000000005,11.1639,-1.2498000000000005,-2.8039000000000005,-1.5541,1.2498000000000005,2.8039000000000005,1.5541,0.2488962969970148,0.10181075906475583,-1.351233333333333,-0.1014333333333326,1.4526666666666674,40.29996666666667,40.29996666666667,4.57734306627917,0.016758173682333774,0.0003354412194649977,8.775884892562066e-05,66.26533333333333,67.718
TRN-0952,19.9942,26.8465,29.7538,57.0471,11.6796,10.6768,15.1548,40.8558,17.1858,Valid,0,0,0,0,0,536.7742903,30621.416616173126,41115.81664613197,2056.3870817409493,1140.61112682,1531.51497015,1.3427143200170888,12.503733333333335,1.9187700597576096,15.1548,10.6768,4.478,11.6796,1.0028000000000006,-3.475199999999999,-4.478,1.0028000000000006,3.475199999999999,4.478,0.3581330089573507,0.15345576038371334,-0.824133333333334,-1.8269333333333346,2.651066666666665,28.352066666666666,28.352066666666666,3.2674878488967685,0.023294210501495632,0.00040833294846068555,0.0003041100567366581,42.257533333333335,44.9086
TRN-0608,23.0912,102.831,33.9404,27.2584,17.0564,18.1608,20.6736,35.8498,45.0975,Valid,0,0,0,0,0,2374.4911872000002,64724.83057717249,288236.1701895624,12482.51098717483,629.4291660800001,2803.0085304000004,4.453254726768002,18.630266666666667,1.5135682284661711,20.6736,17.0564,3.6172000000000004,18.1608,-1.1043999999999983,-3.6172000000000004,-2.512800000000002,1.1043999999999983,3.6172000000000004,2.512800000000002,0.19415716750392725,0.08124243062670818,-1.5738666666666674,-0.46946666666666914,2.043333333333333,17.219533333333334,17.219533333333334,1.9242772375268968,0.007846003707762535,0.00028783801363783647,6.463542259234704e-05,52.57066666666667,54.614
TRN-0212,28.1417,37.9691,30.4029,8.6425,15.5882,13.9026,20.4289,63.8414,19.7482,Valid,0,0,0,0,0,1068.51502147,9234.641073054474,12459.482204945423,442.7409062780328,243.21464225,328.14794674999996,1.349211264805919,16.6399,2.7661890258380146,20.4289,13.9026,6.526299999999999,15.5882,1.6856000000000009,-4.840699999999998,-6.526299999999999,1.6856000000000009,4.840699999999998,6.526299999999999,0.39220786229437293,0.16623831030232777,-1.0517000000000003,-2.737300000000001,3.788999999999998,47.201499999999996,47.201499999999996,3.8366454223495676,0.015572920969828655,0.0018019000269270068,0.0013355209891515204,47.0428,50.8318
TRN-0480,27.322,76.3904,41.6053,33.0416,17.5094,17.3568,22.1297,45.2954,31.3074,Valid,0,0,0,0,0,2087.1385087999997,68962.39575236608,192814.03251890585,7057.097776949275,902.7625952000001,2524.06104064,2.795929917431743,18.998633333333334,2.2148747960600894,22.1297,17.3568,4.7729,17.5094,0.15259999999999962,-4.6203,-4.7729,0.15259999999999962,4.6203,4.7729,0.2512233203849757,0.11658073718351769,-1.4892333333333347,-1.6418333333333344,3.1310666666666656,26.296766666666667,26.296766666666667,2.3841397863281504,0.009102718024762948,0.0002754926525650177,9.853345778332778e-05,60.60393333333333,63.735
TRN-0904,27.5889,104.0795,31.2045,10.8247,19.3299,19.5557,23.7529,57.4735,46.9314,Valid,0,0,0,0,0,2871.4389175499996,31082.46485080348,117259.02085401016,4250.224423727866,298.64156583,1126.62936365,3.772513446621161,20.879499999999997,2.0338907017503836,23.7529,19.3299,4.423000000000002,19.5557,-0.2258000000000031,-4.423000000000002,-4.197199999999999,0.2258000000000031,4.423000000000002,4.197199999999999,0.2118345644371483,0.09741088648384766,-1.549599999999998,-1.323799999999995,2.8734000000000037,36.59400000000001,36.59400000000001,2.7526280441280666,0.0072714414592331255,0.0006717453104041238,0.00017806305943674332,52.083999999999996,54.9574
TRN-0607,31.6984,85.383,34.2637,43.8615,20.6039,19.7762,26.059,39.3149,35.5228,Valid,0,0,0,0,0,2706.5044872,118711.34656532279,319761.59376457345,10087.625358912377,1390.3393716,3745.0264544999995,2.6936059014459435,22.146366666666665,2.7872084628810168,26.059,19.7762,6.282800000000002,20.6039,0.8277000000000001,-5.455100000000002,-6.282800000000002,0.8277000000000001,5.455100000000002,6.282800000000002,0.28369437799303227,0.12585397771916113,-1.542466666666666,-2.370166666666666,3.9126333333333356,17.168533333333336,17.168533333333336,1.7752301682941145,0.008182645461414118,0.0001865564439056693,6.925899513405232e-05,56.410066666666665,60.3227
TRN-0855,18.223,90.6313,43.6143,44.7851,14.0844,15.6534,17.2858,55.8555,37.0514,Valid,0,0,0,0,0,1651.5741798999998,73965.91480423948,367866.26869327057,20186.92029338475,816.1188773,4058.93183363,4.973456347832061,15.674533333333335,1.3070515045534943,17.2858,14.0844,3.201399999999998,15.6534,-1.568999999999999,-3.201399999999998,-1.6323999999999987,1.568999999999999,3.201399999999998,1.6323999999999987,0.2042421122005473,0.08338694322637256,-1.590133333333334,-0.021133333333335003,1.6112666666666637,40.18096666666666,40.18096666666666,3.5634551440050224,0.009490662614253112,0.00021191562863254155,4.260932482059196e-05,59.288833333333336,60.900099999999995
TRN-0879,11.3702,44.4605,35.0734,18.8139,7.6823,8.5735,9.4497,32.7382,15.8432,Valid,0,0,0,0,0,505.52477710000005,9510.892603881692,37190.11456393748,3270.840556287218,213.91780578,836.4754009500001,3.9102650867825473,8.5685,0.7215466905659446,9.4497,7.6823,1.7674000000000003,8.5735,-0.8911999999999995,-1.7674000000000003,-0.8762000000000008,0.8911999999999995,1.7674000000000003,0.8762000000000008,0.20626711720054655,0.08420920888798923,-0.8862000000000005,0.004999999999999005,0.8811999999999998,24.1697,24.1697,3.8207616478074753,0.016949713191516457,0.0009009143890029853,0.00023039724669410692,43.6419,44.5231
TRN-0667,20.5759,66.0268,39.7271,8.0398,13.5048,14.0092,16.7079,49.4543,25.1861,Valid,1,0,0,0,1,1358.56083412,10922.557394157975,35049.81617098594,1703.4401638589698,165.42612082,530.8422666399999,3.208938456692613,14.740633333333333,1.4062262604415956,16.7079,13.5048,3.203099999999999,14.0092,-0.5044000000000004,-3.203099999999999,-2.6986999999999988,0.5044000000000004,3.203099999999999,2.6986999999999988,0.21729729722395705,0.09539794751313138,-1.2358333333333338,-0.7314333333333334,1.9672666666666654,34.71366666666667,34.71366666666667,3.3549641678694835,0.01085018274653215,0.0013495587892143218,0.00042056235790232163,54.467733333333335,56.435
TRN-0232,25.2036,28.9334,44.802,5.7853,13.8939,12.7363,18.2984,27.0032,20.0864,Valid,0,0,0,0,0,729.22584024,4218.790253540473,4843.115504205268,192.15966417676853,145.81038708000003,167.38839902,1.1479867499886225,14.9762,2.396214941666684,18.2984,12.7363,5.562100000000001,13.8939,1.1576000000000004,-4.4045000000000005,-5.562100000000001,1.1576000000000004,4.4045000000000005,5.562100000000001,0.37139592343879474,0.16000152119130104,-1.0823,-2.2399000000000004,3.3222000000000005,12.027,12.027,1.803074090685615,0.020537121907986653,0.0035498802017668134,0.003092265708695968,59.7782,63.1004
TRN-0299,10.8536,90.8684,43.7084,46.912,10.7011,13.351,12.6556,36.3631,34.8475,Valid,0,0,0,0,0,986.24926624,46266.92557785088,387355.48575388663,35689.12158774647,509.1640832,4262.818380799999,8.372189101110314,12.2359,1.121785353799915,13.351,10.7011,2.6499000000000006,12.6556,-2.6499000000000006,-1.9544999999999995,0.6954000000000011,2.6499000000000006,1.9544999999999995,0.6954000000000011,0.21656762342225558,0.09167983247003346,-1.5348000000000006,1.1151,0.41969999999999885,24.127200000000002,24.127200000000002,2.971836728656108,0.012406498444599038,0.00026446321744778227,3.158829666799327e-05,55.9443,57.0594
TRN-0629,14.2988,42.785,24.3751,19.3489,9.2957,9.3953,11.7582,36.5274,14.9091,Valid,0,0,0,0,0,611.7741579999999,11837.1570057262,35419.2493419025,2477.0782768361137,276.66605132,827.8426864999999,2.992208927168089,10.149733333333335,1.1380842977955934,11.7582,9.2957,2.4625000000000004,9.3953,-0.09960000000000058,-2.4625000000000004,-2.3629,0.09960000000000058,2.4625000000000004,2.3629,0.24261718771424,0.11212946668544263,-0.8540333333333354,-0.7544333333333348,1.608466666666665,26.377666666666663,26.377666666666663,3.598852817264215,0.01659065389411673,0.0008574468791421771,0.00028655980918938345,34.52483333333333,36.1333
TRN-0858,12.0426,90.9269,41.1424,58.8622,11.5075,13.5628,13.7263,25.9471,35.2273,Valid,0,0,0,0,0,1094.99628594,64453.89038225747,486655.0782554006,40411.126986221716,708.85392972,5352.15737318,7.550436986162707,12.9322,1.0096239002717793,13.7263,11.5075,2.2188,13.5628,-2.055299999999999,-2.2188,-0.16350000000000087,2.055299999999999,2.2188,0.16350000000000087,0.1715717224005411,0.07807053882566312,-1.4246999999999996,0.6305999999999994,0.7941000000000003,13.014899999999999,13.014899999999999,2.006394735126681,0.011810268358205506,0.0002006426597851922,2.6573646465035964e-05,54.074600000000004,54.868700000000004
TRN-0994,31.479,66.1376,36.8939,37.3446,19.2898,18.0916,25.1163,49.7064,29.066,Valid,0,0,0,0,0,2081.9455104000003,77749.42230768385,163352.08211241371,5189.239712925252,1175.5706634,2469.8822169600003,2.101006953810256,20.832566666666665,3.0683002094898657,25.1163,18.0916,7.024699999999999,19.2898,1.1982,-5.826499999999999,-7.024699999999999,1.1982,5.826499999999999,7.024699999999999,0.3371979927006277,0.14728382303057758,-1.5427666666666653,-2.740966666666665,4.283733333333334,28.873833333333337,28.873833333333337,2.3859948900842007,0.01000629774054838,0.00026794497049709745,0.00012753168736596098,57.72646666666667,62.0102
TRN-0306,12.0896,66.764,43.546,58.8661,10.5087,11.768,12.7788,48.0543,25.4666,Valid,0,0,0,0,0,807.1500544,47513.77581731584,262391.61995990557,21703.910655108102,711.6676025600001,3930.1363004,5.522432047178397,11.685166666666666,0.9286134909398832,12.7788,10.5087,2.270100000000001,11.768,-1.2593000000000014,-2.270100000000001,-1.0107999999999997,1.2593000000000014,2.270100000000001,1.0107999999999997,0.19427192358358128,0.07946941947515773,-1.1764666666666663,0.08283333333333509,1.0936333333333348,36.36913333333333,36.36913333333333,4.112418526700359,0.01447706853080229,0.00024593218420166496,4.453330738385498e-05,55.23116666666667,56.324799999999996
TRN-0654,30.356,29.8437,35.6745,25.3967,16.4481,14.2943,21.8471,51.0801,21.3468,Valid,0,0,0,0,0,905.9353572,23007.76848620124,22619.48018090802,745.1403161077777,770.9422252,757.93149579,0.9831235675608258,17.529833333333332,3.1768755314337116,21.8471,14.2943,7.552800000000001,16.4481,2.1538000000000004,-5.399000000000001,-7.552800000000001,2.1538000000000004,5.399000000000001,7.552800000000001,0.4308540432488971,0.1812267857770235,-1.0817333333333323,-3.2355333333333327,4.317266666666669,33.55026666666667,33.55026666666667,2.9138951931148696,0.019349982506658422,0.0007619093239348626,0.0007749883371481899,53.20433333333334,57.52160000000001
TRN-0917,20.7858,80.9429,23.3754,28.3602,14.7805,15.0026,17.928,50.4003,26.1378,Valid,0,0,0,0,0,1682.4629308199997,47714.98521064135,185809.02714383966,8939.228617835784,589.48944516,2295.5568325799995,3.894143891784589,15.9037,1.4342651939814577,17.928,14.7805,3.147500000000001,15.0026,-0.2220999999999993,-3.147500000000001,-2.9254000000000016,0.2220999999999993,3.147500000000001,2.9254000000000016,0.19790990788873614,0.09018436614102954,-1.1232000000000006,-0.9011000000000013,2.0243,34.4966,34.4966,3.169092527582102,0.0094526302477263,0.00033330619153414023,8.559164344368982e-05,39.2791,41.303399999999996
TRN-0231,8.9741,73.6868,34.6765,46.3911,9.1534,10.9602,11.1196,54.2336,23.0156,Valid,0,0,0,0,0,661.2727118800001,30677.168504096273,251891.8198067373,28068.75249194736,416.31837051,3418.41170748,8.211050889665719,10.411066666666665,0.8916823699551817,11.1196,9.1534,1.9662000000000006,10.9602,-1.8068000000000008,-1.9662000000000006,-0.15939999999999976,1.8068000000000008,1.9662000000000006,0.15939999999999976,0.18885671123771722,0.08564754341287205,-1.2576666666666654,0.5491333333333355,0.7085333333333352,43.82253333333334,43.82253333333334,5.209225579585931,0.015743983478955288,0.0003393750849247093,4.1331499667647686e-05,45.08756666666666,45.796099999999996
TRN-0460,13.0325,36.4353,31.118,31.2438,8.8575,9.0498,11.462,46.7658,15.5132,Valid,0,0,0,0,0,474.84304725,14835.90119966955,41477.11574757874,3182.590643774264,407.18482350000005,1138.37722614,2.7957258549222437,9.789766666666667,1.185050790285191,11.462,8.8575,2.6045,9.0498,-0.19229999999999947,-2.6045,-2.4122000000000003,0.19229999999999947,2.6045,2.4122000000000003,0.26604308587098574,0.12104994016560669,-0.932266666666667,-0.7399666666666675,1.6722333333333328,36.97603333333333,36.97603333333333,4.777008157122421,0.020616847404097312,0.0006598700364912682,0.00023602814443533538,40.90776666666667,42.58
TRN-0492,26.974,109.1412,35.2551,20.336,19.3928,19.9942,23.712,49.4724,53.2122,Valid,0,0,0,0,0,2943.9747288,59868.670084876794,242238.3960653798,8980.439945315484,548.5432639999999,2219.4954432,4.046162821748245,21.033,1.9101834536679103,23.712,19.3928,4.319199999999999,19.9942,-0.6013999999999982,-4.319199999999999,-3.7178000000000004,0.6013999999999982,4.319199999999999,3.7178000000000004,0.20535348236801768,0.09081839789138554,-1.6402,-1.038800000000002,2.6789999999999985,28.4394,28.4394,2.3521322515983334,0.007144422738108519,0.0003513189781872531,8.682768851489751e-05,56.2881,58.9671
TRN-0825,14.2264,65.2297,43.697,14.8851,10.7876,12.0693,13.4388,52.6319,24.4596,Valid,0,0,0,0,0,927.9838040799999,13813.131722111206,63334.81684008585,4451.921244177347,211.76138663999998,970.9506074699999,4.585116081010229,12.098566666666665,1.0825456921329264,13.4388,10.7876,2.651200000000001,12.0693,-1.2817000000000007,-2.651200000000001,-1.3695000000000004,1.2817000000000007,2.651200000000001,1.3695000000000004,0.21913337785467346,0.08947717795681709,-1.3109666666666655,-0.029266666666664776,1.3402333333333356,40.53333333333334,40.53333333333334,4.350258762035827,0.013037476085720772,0.0008758742701645388,0.00019102552545503248,55.795566666666666,57.1358
TRN-0279,28.1433,53.0824,26.9006,24.9433,16.5775,15.0595,21.2309,39.2582,20.5945,Valid,0,0,0,0,0,1493.91390792,37263.14277942094,70283.76381854061,2497.353235803455,701.98677489,1324.05022792,1.886146902241496,17.622633333333333,2.625613865153992,21.2309,15.0595,6.171399999999998,16.5775,1.5180000000000007,-4.653399999999998,-6.171399999999998,1.5180000000000007,4.653399999999998,6.171399999999998,0.3501973588776539,0.14899099734411586,-1.0451333333333324,-2.563133333333333,3.6082666666666654,21.63556666666667,21.63556666666667,2.227714611642531,0.011796284396383538,0.00047292396771731073,0.0002507354810789716,44.52323333333334,48.1315
TRN-0580,20.7178,87.4295,35.0108,32.2177,15.2348,16.1487,18.891,37.4758,33.0419,Valid,0,0,0,0,0,1811.3468951000002,58357.43086226328,246269.43988127343,11886.852271690099,667.4798650600001,2816.7774021500004,4.220018331096046,16.758166666666668,1.5536058752320527,18.891,15.2348,3.6561999999999983,16.1487,-0.9139000000000017,-3.6561999999999983,-2.7422999999999966,0.9139000000000017,3.6561999999999983,2.7422999999999966,0.21817421049393554,0.09270738341652343,-1.5233666666666679,-0.6094666666666662,2.1328333333333305,20.717633333333332,20.717633333333332,2.2362707394640973,0.009251770990277219,0.0002871642294523308,6.804809672965405e-05,51.76896666666667,53.9018
TRN-0992,20.0663,24.483,20.4949,24.4851,11.0659,9.547,14.6624,45.0741,15.1198,Valid,0,0,0,0,0,491.28322289999994,12029.118841028789,14676.7922628939,731.4149360609063,491.3253621299999,599.4687033,1.220105289958523,11.758433333333334,2.1449990059567754,14.6624,9.547,5.115399999999999,11.0659,1.5188999999999986,-3.5965000000000007,-5.115399999999999,1.5188999999999986,3.5965000000000007,5.115399999999999,0.43504091233461545,0.18242216141617057,-0.6925333333333352,-2.211433333333334,2.9039666666666655,33.315666666666665,33.315666666666665,3.833341984333912,0.023934123457321124,0.0009774974782234506,0.000801158258692537,32.25333333333334,35.1573
TRN-0934,28.9521,51.5316,32.3843,17.1933,17.032,15.6461,22.026,46.7956,21.7565,Valid,0,0,0,0,0,1491.94803636,25651.51017354839,45656.90784638165,1576.9808155332714,497.78214093,885.99825828,1.7798915526026935,18.2347,2.739908328150171,22.026,15.6461,6.379899999999999,17.032,1.3858999999999995,-4.994,-6.379899999999999,1.3858999999999995,4.994,6.379899999999999,0.3498768638981247,0.15025792461034435,-1.2027,-2.5885999999999996,3.7912999999999997,28.5609,28.5609,2.566293793355866,0.012222074457945783,0.0007108626305398813,0.00039938534735978036,50.619,54.41030000000001
TRN-0639,11.2055,43.5114,28.9708,11.36,7.9908,8.2359,9.713,27.978,14.831,Valid,0,0,0,0,0,487.56699270000007,5538.761037072,21507.2283243456,1919.3455361206609,127.29448000000001,494.289504,3.8830392322485183,8.646566666666667,0.7606920284991958,9.713,7.9908,1.722199999999999,8.2359,-0.24510000000000076,-1.722199999999999,-1.4770999999999983,0.24510000000000076,1.722199999999999,1.4770999999999983,0.19917729975551368,0.08797618405644766,-0.6557666666666666,-0.41066666666666585,1.0664333333333325,19.331433333333337,19.331433333333337,3.2357348116129168,0.01773410993441221,0.001561101229540762,0.00040203072826808445,37.61736666666667,38.6838
TRN-0925,13.0887,88.1928,20.6398,53.3602,11.8486,13.1677,14.1438,49.4543,27.0547,Valid,1,0,0,0,1,1154.32910136,61595.231714389876,415034.0332913768,31709.33718261093,698.4156497399999,4705.98544656,6.7380865373882415,13.053366666666667,0.9404927231096598,14.1438,11.8486,2.2952000000000012,13.1677,-1.3191000000000006,-2.2952000000000012,-0.9761000000000006,1.3191000000000006,2.2952000000000012,0.9761000000000006,0.17583201964509654,0.07204981481608921,-1.2047666666666679,0.11433333333333273,1.0904333333333334,36.400933333333334,36.400933333333334,3.788623845039427,0.011308184676258572,0.00021192170730003468,3.145131632487361e-05,33.69316666666667,34.7836
TRN-0248,31.1702,18.7008,31.3748,17.3117,16.3683,13.5779,21.9244,29.7631,19.7809,Valid,0,0,0,0,0,582.90767616,10091.122817379071,6054.246350143489,194.23186748598408,539.6091513399999,323.74263936,0.5999576326119938,17.2902,3.4692400964284182,21.9244,13.5779,8.346499999999999,16.3683,2.7904000000000018,-5.556099999999997,-8.346499999999999,2.7904000000000018,5.556099999999997,8.346499999999999,0.482730073525461,0.20064775975874533,-0.9218999999999973,-3.712299999999999,4.6342,12.472900000000003,12.472900000000003,1.7213854251896783,0.029661987099295108,0.0017134069529417648,0.0028558798233795576,48.665,53.2992
TRN-0603,8.8562,61.272,41.5147,49.39,8.24,10.1728,10.0057,52.6683,17.5078,Valid,0,0,0,0,0,542.6370863999999,26800.845697295998,185422.80182976,20937.05888447654,437.407718,3026.22408,6.918542160459096,9.472833333333334,0.874409943269682,10.1728,8.24,1.9328000000000003,10.0057,-1.9328000000000003,-1.765699999999999,0.16710000000000136,1.9328000000000003,1.765699999999999,0.16710000000000136,0.2040360817035296,0.09230710814742937,-1.2328333333333337,0.6999666666666666,0.5328666666666653,43.19546666666667,43.19546666666667,5.559930443908323,0.01745703261588997,0.00035345277682545734,5.1087747784004606e-05,50.98753333333333,51.6875
TRN-0331,11.7783,61.7532,36.1857,44.4969,9.8411,11.0247,12.0563,42.2089,17.8132,Valid,0,0,0,0,0,727.34771556,32364.71856450176,169687.04638677824,14406.750717847866,524.0978372699999,2747.8259650799996,5.242963310243133,10.974033333333333,0.9050609899645189,12.0563,9.8411,2.2151999999999994,11.0247,-1.1835999999999984,-2.2151999999999994,-1.031600000000001,1.1835999999999984,2.2151999999999994,1.031600000000001,0.2018583077757821,0.08247295046411698,-1.132933333333332,0.050666666666666416,1.0822666666666674,31.23486666666667,31.23486666666667,3.8462518630720526,0.015087740132374594,0.0003390739613917356,6.467219252702922e-05,47.15973333333333,48.242
TRN-0880,14.3554,80.7277,36.6894,42.2005,11.6525,12.9311,14.0514,43.5984,27.8627,Valid,0,0,0,0,0,1158.87842458,48905.248956488285,275019.0357764116,19157.87902939191,605.8050576999999,3406.7493038499997,5.623507138532738,12.878333333333332,0.980057325987731,14.0514,11.6525,2.3988999999999994,12.9311,-1.2786000000000008,-2.3988999999999994,-1.1202999999999985,1.2786000000000008,2.3988999999999994,1.1202999999999985,0.18627408932775286,0.07610124885879246,-1.2258333333333322,0.05276666666666863,1.1730666666666671,30.720066666666668,30.720066666666668,3.3854067514890582,0.011112756134784314,0.00026333233360141035,4.682706161386041e-05,49.56773333333333,50.7408
TRN-0957,13.6601,20.7979,28.9273,8.7786,7.6502,7.3796,9.8889,49.1654,13.8318,Valid,0,0,0,0,0,284.10139379,2494.012495524894,3797.2066442176256,277.9779332684016,119.91655386000001,182.57644494000002,1.5225290061910963,8.306233333333333,1.1245536665223623,9.8889,7.3796,2.5092999999999996,7.6502,0.27059999999999995,-2.2386999999999997,-2.5092999999999996,0.27059999999999995,2.2386999999999997,2.5092999999999996,0.3020983877050102,0.13538670128887076,-0.6560333333333332,-0.9266333333333332,1.5826666666666664,40.85916666666667,40.85916666666667,5.919096190520029,0.029236862210666282,0.003330469813165359,0.0021874588636872265,37.233533333333334,38.816199999999995
TRN-0672,10.4017,94.176,42.7809,47.8004,10.658,13.2771,12.2693,48.7245,36.7346,Valid,0,0,0,0,0,979.5904992000001,46824.81769795969,423947.43470039044,40757.510209185064,497.20542068000003,4501.650470400001,9.05390377977602,12.068133333333334,1.0786634394265695,13.2771,10.658,2.6191000000000013,12.2693,-2.6191000000000013,-1.6113,1.0078000000000014,2.6191000000000013,1.6113,1.0078000000000014,0.2170260893405701,0.0893811263309523,-1.4101333333333343,1.208966666666667,0.2011666666666656,36.65636666666666,36.65636666666666,4.037450914464741,0.012319569586341863,0.0002577294248302317,2.8466107695246667e-05,54.84903333333334,56.05800000000001
TRN-0149,30.0603,30.6259,45.1385,20.2957,16.4249,14.5254,22.0025,63.7675,22.5606,Valid,0,0,0,0,0,920.62374177,18684.70327584139,19036.265574714518,633.2692934350364,610.09483071,621.57407863,1.0188154802574998,17.65093333333333,3.173234354548824,22.0025,14.5254,7.477100000000002,16.4249,1.8995000000000015,-5.5776,-7.477100000000002,1.8995000000000015,5.5776,7.477100000000002,0.4236093035528262,0.179777132168933,-1.22603333333333,-3.1255333333333315,4.35156666666667,46.11656666666667,46.11656666666667,3.612698273970502,0.01917279830327282,0.0009446729269289837,0.0009272266802083008,62.789433333333335,67.141
TRN-0475,8.4407,29.3713,26.736,15.0339,5.5953,6.0394,7.1674,56.8469,12.4217,Valid,0,0,0,0,0,247.91433191000002,3727.119274501749,12969.343578989092,1536.5244639028315,126.89663972999999,441.56518707,3.479722833447128,6.267366666666667,0.6617407364083173,7.1674,5.5953,1.5720999999999998,6.0394,-0.4440999999999997,-1.5720999999999998,-1.1280000000000001,0.4440999999999997,1.5720999999999998,1.1280000000000001,0.2508389620033461,0.10558511509191029,-0.6720666666666668,-0.2279666666666671,0.900033333333333,50.57953333333333,50.57953333333333,9.07029921067872,0.02528037242986633,0.001681557847601469,0.0004832447091876594,33.003366666666665,33.9034
TRN-0094,20.2004,33.8246,42.3345,56.0389,12.275,11.9758,16.3095,46.8705,19.4108,Valid,0,0,0,0,0,683.2704498399999,38289.724411538766,64114.30527764471,3173.912501917398,1132.0081955599999,1895.4933769399997,1.6744519081576648,13.5201,1.9761822503672748,16.3095,11.9758,4.3337,12.275,0.2992000000000008,-4.0344999999999995,-4.3337,0.2992000000000008,4.0344999999999995,4.3337,0.3205375462801647,0.1461662342882849,-1.245099999999999,-1.5442999999999998,2.7894000000000005,33.3504,33.3504,3.466727060692816,0.019787333088059994,0.0003530999558610707,0.00021087493565189258,55.8546,58.644
TRN-0699,25.3968,42.5781,45.648,32.0126,14.7369,14.0347,19.4984,26.1358,21.9877,Valid,0,0,0,0,0,1081.34749008,34616.74466093501,58035.46965947508,2285.1488130129096,813.01759968,1363.03568406,1.6765142980015475,16.09,2.427092105105751,19.4984,14.0347,5.463699999999999,14.7369,0.7021999999999995,-4.7615,-5.463699999999999,0.7021999999999995,4.7615,5.463699999999999,0.33957114110807074,0.1508447454481669,-1.3530999999999995,-2.055299999999999,3.4084000000000003,10.0458,10.0458,1.6243504273243985,0.014879583235477847,0.0004648039599660207,0.000277244245530041,61.738,65.1464
TRN-0429,18.2082,87.8108,29.2494,47.7102,14.4553,15.2315,17.5997,68.9768,31.3554,Valid,0,0,0,0,0,1598.8766085600002,76282.72276971933,367880.78517301375,20204.125886627335,868.71686364,4189.47083016,4.822596147746831,15.762166666666666,1.337414962613407,17.5997,14.4553,3.144399999999999,15.2315,-0.7762000000000011,-3.144399999999999,-2.368199999999998,0.7762000000000011,3.144399999999999,2.368199999999998,0.19949032813866568,0.0848496850748346,-1.3068666666666662,-0.5306666666666651,1.837533333333333,53.21463333333333,53.21463333333333,4.37609860894133,0.009858275849694433,0.00020662826514520903,4.284585469504991e-05,45.01156666666667,46.8491
TRN-0222,8.156,109.6769,19.718,56.7778,10.701,13.1576,11.8038,53.4784,43.3669,Valid,0,0,0,0,0,894.5247964000001,50789.14998503993,682981.4276599099,83739.74300149178,463.07973680000003,6227.21309282,13.447386776926585,11.887466666666668,1.0046461975353425,13.1576,10.701,2.4566,11.8038,-2.4566,-1.1028000000000002,1.3537999999999997,2.4566,1.1028000000000002,1.3537999999999997,0.20665461045908765,0.08451305405880885,-1.186466666666668,1.270133333333332,-0.08366666666666767,41.59093333333333,41.59093333333333,4.4987209639238275,0.013289141565687654,0.00023405523955281977,1.740525610978783e-05,31.60546666666667,32.8756
TRN-0942,19.2054,107.1021,18.0,5.8085,15.358,16.4014,25.0,52.6974,42.6685,Invalid,0,0,0,0,0,2056.93867134,11947.72827247839,66628.48929008548,3469.2579077148907,111.55456590000001,622.10254785,5.57666564733535,18.9198,4.3204008239977,25.0,15.358,9.642,16.4014,-1.0433999999999983,-9.642,-8.598600000000001,1.0433999999999983,9.642,8.598600000000001,0.5096248105357979,0.22835339674015068,-3.561799999999998,-2.5183999999999997,6.080200000000001,33.77760000000001,33.77760000000001,2.7853041371841067,0.009198037965068054,0.001583547898557271,0.00028395961249163973,36.919799999999995,43.0
TRN-0606,20.5377,78.2359,45.0899,11.444,14.2227,15.1222,17.7694,61.2312,31.1359,Valid,0,0,0,0,0,1606.78544343,18388.05261461292,70047.07662258165,3410.658117117473,235.03343880000003,895.3316396000001,3.8093796379643465,15.704766666666666,1.5053921224127034,17.7694,14.2227,3.5467000000000013,15.1222,-0.8994999999999997,-3.5467000000000013,-2.6472000000000016,0.8994999999999997,3.5467000000000013,2.6472000000000016,0.22583587833189434,0.09585573975779946,-1.4820666666666664,-0.5825666666666667,2.064633333333335,45.52643333333334,45.52643333333334,3.8988924446149618,0.00977402846229906,0.0008540744903749117,0.00022420302778745218,60.794666666666664,62.859300000000005
TRN-0657,10.1548,78.9897,19.9993,20.4257,9.6,10.9935,11.063,49.5939,20.3016,Valid,0,0,0,0,0,802.12460556,16383.95655578689,127443.5550827825,12550.079029887687,207.41889836,1613.4199152899998,7.77855715734853,10.552166666666666,0.673881089081911,11.063,9.6,1.463000000000001,10.9935,-1.3934999999999995,-1.463000000000001,-0.06950000000000145,1.3934999999999995,1.463000000000001,0.06950000000000145,0.13864449904653092,0.06386186330327558,-0.9521666666666668,0.4413333333333327,0.5108333333333341,39.04173333333333,39.04173333333333,4.699877936612266,0.013155271114198577,0.0006440548490282426,8.279874694118177e-05,30.55146666666667,31.0623
TRN-0465,14.5587,27.9441,37.8851,26.3035,8.8334,8.649,11.501,65.7546,15.6287,Valid,0,0,0,0,0,406.82976866999996,10701.046820211344,20539.685717039833,1410.8185693929584,382.94476545,735.02763435,1.91940888132808,9.661133333333332,1.3031584332774824,11.501,8.649,2.8520000000000003,8.8334,0.18440000000000012,-2.6676,-2.8520000000000003,0.18440000000000012,2.6676,2.8520000000000003,0.29520343073585953,0.13488669014582064,-0.8277333333333328,-1.0121333333333329,1.8398666666666674,56.093466666666664,56.093466666666664,6.806095198690093,0.023747360821628077,0.0009028213309172031,0.00047036422396901816,47.54623333333333,49.3861
TRN-0197,14.2408,105.479,30.9985,30.0336,13.0315,14.9384,15.307,57.4108,43.6497,Valid,0,0,0,0,0,1502.1053432,45113.63103553152,334148.4107632176,23464.158425022415,427.70249088,3167.9140944,7.40681651263858,14.425633333333332,0.9972202375715321,15.307,13.0315,2.275500000000001,14.9384,-1.9069000000000003,-2.275500000000001,-0.3686000000000007,1.9069000000000003,2.275500000000001,0.3686000000000007,0.15774003051928193,0.06912834573015995,-1.3941333333333326,0.5127666666666677,0.8813666666666684,42.98516666666667,42.98516666666667,3.979776464133767,0.009603609619680981,0.0003197621872123734,4.317133605496144e-05,45.42413333333333,46.3055
TRN-0824,8.0753,73.0359,34.8506,57.1359,8.5944,10.5842,9.8138,40.2737,23.1994,Valid,0,0,0,0,0,589.7868032700001,33697.9998129544,304776.7568435793,37741.84477378358,461.38953327,4172.97187881,9.044356365168309,9.664133333333334,0.8191972059414153,10.5842,8.5944,1.989799999999999,9.8138,-1.989799999999999,-1.2194000000000003,0.7703999999999986,1.989799999999999,1.2194000000000003,0.7703999999999986,0.20589531678350348,0.08476674450973401,-1.0697333333333336,0.9200666666666653,0.14966666666666661,30.609566666666666,30.609566666666666,4.167336526054774,0.016385807995984197,0.0002867865566706841,3.170889221799008e-05,44.51473333333333,45.434799999999996
TRN-0564,15.1124,15.9033,29.8045,46.0193,8.8306,7.8828,11.7593,38.4735,15.0896,Valid,0,0,0,0,0,240.33703092,11060.141927016755,11638.968999492177,770.1601485754765,695.46206932,731.85873369,1.052334437128819,9.4909,1.6500121474300322,11.7593,7.8828,3.8765,8.8306,0.9478000000000009,-2.928699999999999,-3.8765,0.9478000000000009,2.928699999999999,3.8765,0.4084438347844952,0.17385200282144259,-0.6602999999999994,-1.6081000000000003,2.2683999999999997,28.9826,28.9826,4.053724720129312,0.03948996092769922,0.000858117378761509,0.0008154416426058577,39.2954,41.5638
TRN-0359,11.9906,47.9505,29.2309,20.6433,8.6461,9.3415,11.1253,55.158,15.3801,Valid,0,0,0,0,0,574.9552653,11868.97402816749,47464.11681964582,3958.443519190224,247.52555298000001,989.85655665,3.99900722240695,9.7043,1.0441347422627019,11.1253,8.6461,2.4791999999999987,9.3415,-0.6953999999999994,-2.4791999999999987,-1.7837999999999994,0.6953999999999994,2.4791999999999987,1.7837999999999994,0.25547435101198934,0.1075950490676971,-1.0581999999999994,-0.3628,1.4209999999999994,45.4537,45.4537,5.683871512229475,0.01687835657624274,0.0008176191114878256,0.00020445550554895923,38.935199999999995,40.3562
TRN-0005,31.7051,81.847,21.9615,30.4523,20.2277,25.4034,25.5256,43.5755,29.9111,Invalid,0,0,0,0,0,2594.9673196999997,79022.7233097003,203997.86894629066,6434.228641829296,965.4932167300001,2492.4293981,2.5815088871661374,23.7189,2.4691552253081768,25.5256,20.2277,5.297900000000002,25.4034,-5.175700000000003,-5.297900000000002,-0.12219999999999942,5.175700000000003,5.297900000000002,0.12219999999999942,0.2233619508762232,0.10410074334001294,-3.4912000000000027,1.6844999999999999,1.8066999999999993,19.856599999999997,19.856599999999997,1.8371635346848487,0.009140346319891907,0.0003001529054717895,0.00011627033224611053,45.680400000000006,47.4871
TRN-0682,22.2018,29.935,38.0634,19.593,12.7022,11.7903,0.0,45.4414,18.6498,Invalid,0,0,0,0,0,664.610883,13021.721030618999,17557.370080425,790.808370925629,434.99986739999997,586.516455,1.3483140399285625,8.164166666666667,5.784928891717012,12.7022,0.0,12.7022,11.7903,0.9118999999999993,12.7022,11.7903,0.9118999999999993,12.7022,11.7903,1.5558475179119098,0.7085754638940348,4.538033333333333,3.6261333333333337,-8.164166666666667,37.277233333333335,37.277233333333335,5.565956243835104,0.012284130253074019,0.0006269652565004774,0.00046499940644892086,46.22756666666667,50.7656
TRN-0011,10.0962,75.7603,26.4536,6.7376,9.2036,10.7256,10.7899,40.4481,20.9826,Valid,0,0,0,0,0,764.89114086,5153.530550658335,38671.28430271198,3830.280746462158,68.02415712,510.44259728,7.503842286816597,10.239700000000001,0.7331034624571532,10.7899,9.2036,1.5862999999999996,10.7256,-1.5220000000000002,-1.5862999999999996,-0.06429999999999936,1.5220000000000002,1.5862999999999996,0.06429999999999936,0.15491663281964968,0.071594225501033,-1.0361000000000011,0.4858999999999991,0.5501999999999985,30.208399999999997,30.208399999999997,3.9501251061920652,0.013387133723499442,0.0019869291347666515,0.0002647882061423316,36.6933,37.2435
TRN-0753,11.4114,83.2642,29.5597,22.0587,10.3796,12.1992,12.4018,45.845,26.0354,Valid,0,0,0,0,0,950.1610918800001,20959.31847745336,152931.3568510763,13401.628498645898,251.72064918000004,1836.7000085400002,7.296579972958623,11.660200000000001,0.9092905512907666,12.4018,10.3796,2.0221999999999998,12.1992,-1.8195999999999994,-2.0221999999999998,-0.20260000000000034,1.8195999999999994,2.0221999999999998,0.20260000000000034,0.1734275421152688,0.0779824079611292,-1.2806000000000015,0.5389999999999979,0.7415999999999983,34.184799999999996,34.184799999999996,3.931750404645683,0.012271813787551726,0.000556325341016548,7.624466453454928e-05,41.2199,41.9615
TRN-0610,17.4596,49.3322,31.8449,47.1965,11.9265,11.6705,15.3176,17.9856,18.4186,Valid,0,0,0,0,0,861.32047912,40651.31199278708,114860.51533199906,6578.644914737689,824.0320113999999,2328.3071773,2.825505577132032,12.971533333333333,1.6622084914019928,15.3176,11.6705,3.6471,11.9265,0.2560000000000002,-3.3911,-3.6471,0.2560000000000002,3.3911,3.6471,0.2811618044773578,0.12814278162380274,-1.0450333333333326,-1.3010333333333328,2.346066666666667,5.014066666666668,5.014066666666668,1.3865437609629476,0.015060054454442006,0.0003190926121970142,0.00011293291951308748,44.816433333333336,47.1625
TRN-0752,27.5321,104.1348,19.8537,20.3276,18.9002,18.7125,22.945,53.9321,43.4268,Valid,0,0,0,0,0,2867.04972708,58280.24003219141,220433.64435347272,8006.422915326103,559.66151596,2116.81056048,3.78230488112767,20.1859,1.952482595739759,22.945,18.7125,4.232500000000002,18.9002,0.1877000000000031,-4.044799999999999,-4.232500000000002,0.1877000000000031,4.044799999999999,4.232500000000002,0.2096760506256323,0.09672506546721689,-1.2856999999999985,-1.4734000000000016,2.7591,33.7462,33.7462,2.6717707572230736,0.0070406522085398405,0.0003463592460927383,9.157358922733074e-05,40.0396,42.7987
TRN-0472,30.5658,68.7743,28.8329,18.2417,18.7264,17.2179,23.8314,49.7545,26.4916,Valid,0,0,0,0,0,2102.14149894,38346.6345812138,86281.49600791643,2822.811547059291,557.5721538600001,1254.5601483100002,2.250040821766784,19.925233333333335,2.8298994779948545,23.8314,17.2179,6.613499999999998,18.7264,1.5085000000000015,-5.104999999999997,-6.613499999999998,1.5085000000000015,5.104999999999997,6.613499999999998,0.33191579528558607,0.14202590698071024,-1.198833333333333,-2.7073333333333345,3.906166666666664,29.829266666666665,29.829266666666665,2.497059716721357,0.009478540494967654,0.0005196083972014376,0.00023093286805405227,48.75813333333333,52.6643
TRN-0625,9.9363,72.7565,28.4236,57.0454,9.2928,10.7725,11.2855,60.3008,21.489,Valid,0,0,0,0,0,722.93041095,41239.85446480713,301970.2979347182,30390.61497178057,566.82020802,4150.423645100001,7.322292269527666,10.450266666666666,0.8448230833862336,11.2855,9.2928,1.992700000000001,10.7725,-1.4797000000000011,-1.992700000000001,-0.5129999999999999,1.4797000000000011,1.992700000000001,0.5129999999999999,0.19068411102580066,0.08084224350357792,-1.1574666666666662,0.3222333333333349,0.8352333333333348,49.85053333333334,49.85053333333334,5.770263683517134,0.014455425437807473,0.0002534021228258992,3.460693564269444e-05,38.873866666666665,39.7091
TRN-0516,25.6953,78.0962,33.7458,10.1444,16.9421,16.6385,21.2893,40.3443,29.074,Valid,0,0,0,0,0,2006.7052878599998,20356.82112216698,61870.86252042113,2407.866812707161,260.66340132,792.2390912799999,3.0393183563018,18.28996666666667,2.1244675526404784,21.2893,16.6385,4.6508,16.9421,0.3035999999999994,-4.347200000000001,-4.6508,0.3035999999999994,4.347200000000001,4.6508,0.2542814774066577,0.1161548008918739,-1.3478666666666683,-1.6514666666666677,2.9993333333333325,22.05433333333333,22.05433333333333,2.205815818555392,0.009114425904093329,0.0008984687027510332,0.00029561518817253045,52.035766666666674,55.0351
TRN-0192,16.625,65.7594,25.9257,51.4749,12.474,12.7318,15.4054,44.6741,21.2644,Valid,0,0,0,0,0,1093.250025,56274.9357118725,222592.84255346213,13389.042355754573,855.7702125,3384.95853906,3.9554523936569987,13.537066666666666,1.3252967701193907,15.4054,12.474,2.9314,12.7318,-0.2577999999999996,-2.9314,-2.6736000000000004,0.2577999999999996,2.9314,2.6736000000000004,0.2165461584578029,0.09790131827314183,-1.063066666666666,-0.8052666666666664,1.868333333333334,31.137033333333335,31.137033333333335,3.300131247035455,0.012382406901188277,0.00024055232574117638,6.0815372638743e-05,39.46276666666667,41.3311
TRN-0593,12.9218,79.841,18.253,11.1248,10.3988,11.397,12.3804,63.657,20.6349,Valid,0,0,0,0,0,1031.6894338,11477.33861313824,70915.98633406879,5488.088412293982,143.75244064,888.2151567999999,6.178782663500235,11.392066666666667,0.8089923334343507,12.3804,10.3988,1.9816000000000003,11.397,-0.9982000000000006,-1.9816000000000003,-0.9833999999999996,0.9982000000000006,1.9816000000000003,0.9833999999999996,0.17394559600433088,0.07101365240319565,-0.993266666666667,0.004933333333333678,0.9883333333333333,52.26493333333333,52.26493333333333,5.587835488921926,0.0110421472609876,0.0009925704076233725,0.00016064172911366752,29.645066666666665,30.6334
TRN-0989,10.767,88.2289,31.8686,9.0143,10.0355,12.2805,11.6549,35.0607,28.7248,Valid,0,0,0,0,0,949.9605662999999,8563.22953279809,70170.3652016615,6517.169005711201,97.0569681,795.32177327,8.194380217852679,11.323633333333333,0.9459772560103589,12.2805,10.0355,2.244999999999999,11.6549,-2.244999999999999,-1.6193999999999988,0.6256000000000004,2.244999999999999,1.6193999999999988,0.6256000000000004,0.1982579032414887,0.08354007451703821,-1.2881333333333327,0.9568666666666665,0.33126666666666615,23.737066666666664,23.737066666666664,3.0962409212378015,0.011920108816219212,0.0013223554604767096,0.00016137344163207862,43.192233333333334,44.149100000000004
TRN-0345,13.1113,42.1604,32.3812,21.9573,9.0446,9.4425,11.199,45.4795,15.9588,Valid,0,0,0,0,0,552.7776525200001,12137.504749677397,39029.08599820757,2976.7515823340163,287.88874749,925.7285509200001,3.2155771574460843,9.895366666666668,0.936011397129092,11.199,9.0446,2.154399999999999,9.4425,-0.3978999999999999,-2.154399999999999,-1.756499999999999,0.3978999999999999,2.154399999999999,1.756499999999999,0.2177180345968616,0.0945908660152286,-0.8507666666666669,-0.452866666666667,1.303633333333332,35.584133333333334,35.584133333333334,4.596039432996645,0.017901169853112818,0.0008152719088422523,0.0002535382628962302,42.27656666666667,43.5802
TRN-0972,9.2753,83.9534,36.9842,8.8285,8.9458,11.4295,10.3373,47.968,27.14,Valid,0,0,0,0,0,778.69297102,6874.69089465007,62224.79861081747,6708.655450730653,81.88698604999999,741.1825919,9.051285774984555,10.237533333333333,1.0164173891118204,11.4295,8.9458,2.4837000000000007,10.3373,-2.4837000000000007,-1.3915000000000006,1.0922,2.4837000000000007,1.3915000000000006,1.0922,0.24260724498017971,0.09928341688704997,-1.2917333333333332,1.1919666666666675,0.09976666666666745,37.73046666666667,37.73046666666667,4.685503211824801,0.01314707298150675,0.001489162711273475,0.0001645249733502402,47.22173333333333,48.413700000000006
TRN-0611,24.2081,49.7246,37.6504,49.9756,15.0106,13.9152,19.7526,44.456,21.0417,Valid,0,0,0,0,0,1203.7380892600002,60157.53325362207,123566.4623833781,5104.343475077953,1209.81432236,2485.0167197600003,2.0540479403981333,16.226133333333333,2.533370699724425,19.7526,13.9152,5.837400000000001,15.0106,1.0953999999999997,-4.742000000000001,-5.837400000000001,1.0953999999999997,4.742000000000001,5.837400000000001,0.35975296888848224,0.15612903527614239,-1.2155333333333331,-2.310933333333333,3.5264666666666677,28.22986666666667,28.22986666666667,2.7397776381447847,0.01347978722666206,0.0002697273717101197,0.0001313150269112562,53.87653333333333,57.403
TRN-0387,22.1857,108.7758,46.1122,9.3895,16.6736,18.3914,20.4109,42.2442,54.9288,Valid,0,0,0,0,0,2413.26726606,22659.37299467037,111098.20402302679,5007.649026867656,208.31263015000002,1021.3503741000001,4.902968808603343,18.491966666666666,1.5274026020957574,20.4109,16.6736,3.737300000000001,18.3914,-1.7178000000000004,-3.737300000000001,-2.0195000000000007,1.7178000000000004,3.737300000000001,2.0195000000000007,0.20210396575248182,0.08259816530228038,-1.818366666666666,-0.10056666666666558,1.9189333333333352,23.752233333333333,23.752233333333333,2.2844621384531587,0.0076626268955260765,0.0008160846582206847,0.00016644703511739468,64.60416666666667,66.5231
TRN-0739,25.8255,92.7611,21.4121,43.8191,18.0762,17.7884,22.3099,49.4543,34.6014,Valid,1,0,0,0,1,2395.6017880500003,104973.11431074176,377046.7775605563,14599.78559798535,1131.65016705,4064.70791701,3.591841257987599,19.391499999999997,2.066962526672089,22.3099,17.7884,4.5215,18.0762,0.2878000000000007,-4.233699999999999,-4.5215,0.2878000000000007,4.233699999999999,4.5215,0.23316916003562593,0.10659115695438373,-1.315299999999997,-1.6030999999999977,2.918400000000002,30.062800000000006,30.062800000000006,2.5503079931770114,0.008094625779892195,0.00018472825282112224,5.142995817497514e-05,40.803599999999996,43.721999999999994
TRN-0385,21.4684,24.2074,51.1547,9.6704,4.2763,11.1726,15.5607,34.8294,24.3642,Invalid,0,0,0,0,0,519.69414616,5025.650271025664,5666.837136015104,263.96177041853764,207.60801536,234.09524096,1.1275828134568568,10.336533333333334,4.644615265253111,15.5607,4.2763,11.284400000000002,11.1726,-6.896299999999999,-11.284400000000002,-4.388100000000001,6.896299999999999,11.284400000000002,4.388100000000001,1.091700529026444,0.4493397027933358,-6.060233333333334,0.8360666666666656,5.224166666666667,24.492866666666664,24.492866666666664,3.3695432992160526,0.01988964738167619,0.002056755399568828,0.0018240392450695874,61.491233333333334,66.7154
TRN-0750,29.7969,106.9523,26.6934,41.0805,24.0889,26.7829,26.1942,58.5502,49.6786,Invalid,0,0,0,0,0,3186.84698787,130917.26768519352,469911.3964421508,15770.478830739841,1224.0715504500001,4393.65396015,3.589376626784107,25.688666666666666,1.1564549172170775,26.7829,24.0889,2.6940000000000026,26.1942,-2.6940000000000026,-2.1052999999999997,0.5887000000000029,2.6940000000000026,2.1052999999999997,0.5887000000000029,0.10487114532201712,0.045018096392662695,-1.5997666666666674,1.0942333333333352,0.5055333333333323,32.86153333333333,32.86153333333333,2.279222914934358,0.008060840936632297,0.000196220614138098,5.466704332159019e-05,52.38206666666667,53.4763
TRN-0903,13.3298,38.8389,36.8858,41.6901,8.9888,9.1864,11.3527,45.5143,16.0267,Valid,0,0,0,0,0,517.7147692200001,21583.580500258726,62887.854633340234,4717.8389709899075,555.7206949800001,1619.19762489,2.913689409166724,9.842633333333334,1.070821318220531,11.3527,8.9888,2.363900000000001,9.1864,-0.19760000000000133,-2.363900000000001,-2.1662999999999997,0.19760000000000133,2.363900000000001,2.1662999999999997,0.24016944244228935,0.10879417866760106,-0.8538333333333341,-0.6562333333333328,1.510066666666667,35.67166666666667,35.67166666666667,4.624199016096741,0.01901169118499509,0.00045602412133423945,0.0001565108778247098,46.728433333333335,48.2385
TRN-0738,29.8147,87.4272,30.4699,31.5319,19.7454,18.994,24.7047,50.4352,34.8402,Valid,0,0,0,0,0,2606.61573984,82191.5468470609,241014.5600830249,8083.749023108597,940.11413893,2756.74572768,2.932352063500486,21.148033333333334,2.5335822890830983,24.7047,18.994,5.710699999999999,19.7454,0.7514000000000003,-4.959299999999999,-5.710699999999999,0.7514000000000003,4.959299999999999,5.710699999999999,0.2700345530931377,0.11980225912011545,-1.402633333333334,-2.1540333333333344,3.556666666666665,29.287166666666668,29.287166666666668,2.384864673711282,0.008113214771931913,0.0002573018046786191,8.774587446484767e-05,51.61793333333333,55.1746
TRN-0282,19.8436,19.3347,26.5655,38.0176,11.1156,9.505,14.7531,76.5468,16.3934,Valid,0,0,0,0,0,383.67005292,14586.214603891392,14212.143134403987,716.2078664252515,754.40604736,735.0588907200001,0.9743544027114838,11.791233333333333,2.195145963762369,14.7531,9.505,5.248099999999999,11.1156,1.6105999999999998,-3.6374999999999993,-5.248099999999999,1.6105999999999998,3.6374999999999993,5.248099999999999,0.4450848699668225,0.18616761415357358,-0.675633333333332,-2.286233333333332,2.9618666666666673,64.75556666666667,64.75556666666667,6.491839432247171,0.030732743441561256,0.0008083819999041574,0.0008296590613388979,38.35673333333333,41.3186
TRN-0291,30.2047,71.6651,36.8927,13.263,16.0347,24.0258,23.2583,42.36,28.7441,Invalid,0,0,0,0,0,2164.6228459699996,28709.392806100106,68117.26341888662,2255.187476243735,400.6049361,950.4942212999999,2.3726472246820123,21.106266666666667,3.5998014207576623,24.0258,16.0347,7.991099999999999,23.2583,-7.991099999999999,-7.223599999999998,0.7675000000000018,7.991099999999999,7.223599999999998,0.7675000000000018,0.3786126531798145,0.17055603944807654,-5.071566666666666,2.9195333333333338,2.152033333333332,21.253733333333333,21.253733333333333,2.006986771370267,0.009750551555071518,0.0007351693854509833,0.00030985194658458284,57.99896666666666,60.918499999999995
TRN-0778,16.604,61.3112,28.0844,31.8997,11.5426,11.8832,14.3926,45.6454,17.9512,Valid,0,0,0,0,0,1018.0111648,32474.250753770557,119912.98981056236,7221.93342499572,529.6626188,1955.8088866399999,3.6925557882103233,12.606133333333334,1.2708525887065825,14.3926,11.5426,2.8499999999999996,11.8832,-0.34060000000000024,-2.8499999999999996,-2.5093999999999994,0.34060000000000024,2.8499999999999996,2.5093999999999994,0.22608040852491837,0.10081223594025764,-1.0635333333333339,-0.7229333333333336,1.7864666666666658,33.03926666666667,33.03926666666667,3.620887957643267,0.012383099279099611,0.00038818858142497585,0.00010512733735638885,40.690533333333335,42.477
TRN-0484,28.1256,35.4388,27.763,31.9165,15.7323,13.6462,20.7239,46.9256,20.0187,Valid,0,0,0,0,0,996.7375132799999,31812.372842601115,40084.20509053576,1425.1857263613945,897.6707124,1131.0824602,1.2600192970098667,16.7008,2.9695065257828053,20.7239,13.6462,7.0777,15.7323,2.0861,-4.9916,-7.0777,2.0861,4.9916,7.0777,0.4237940443694886,0.1778062337119522,-0.9685000000000006,-3.0546000000000006,4.0230999999999995,30.224800000000002,30.224800000000002,2.8097813991077434,0.016755464463544284,0.000524978129802074,0.0004166429136329952,44.463800000000006,48.486900000000006
TRN-0466,17.4179,59.3084,41.5584,39.7374,12.1441,12.6869,15.4975,69.6562,19.8007,Valid,0,0,0,0,0,1033.02778036,41049.83811927746,139775.76051724693,8024.833791238504,692.14205946,2356.76161416,3.4050256687071534,13.442833333333333,1.4696710047565826,15.4975,12.1441,3.3534000000000006,12.6869,-0.5427999999999997,-3.3534000000000006,-2.810600000000001,0.5427999999999997,3.3534000000000006,2.810600000000001,0.2494563212524899,0.10932746534801324,-1.2987333333333329,-0.7559333333333331,2.0546666666666678,56.213366666666666,56.213366666666666,5.18166022676319,0.013013041445638175,0.00032747591583541356,9.6174281459756e-05,55.00123333333333,57.0559
TRN-0164,8.6726,39.93,24.607,16.2767,6.5397,7.3449,8.0776,48.1796,13.716,Valid,0,0,0,0,0,346.29691799999995,5636.5710452106,25951.650235830002,2992.3722117309453,141.16130842,649.9286310000001,4.604155085654235,7.320733333333333,0.628077555366816,8.0776,6.5397,1.5379000000000005,7.3449,-0.8052000000000001,-1.5379000000000005,-0.7327000000000004,0.8052000000000001,1.5379000000000005,0.7327000000000004,0.21007455399624533,0.08579433794052664,-0.7810333333333332,0.02416666666666689,0.7568666666666672,40.85886666666667,40.85886666666667,6.581252345222381,0.021140047547848193,0.0012987919913215633,0.0002820912453167973,31.927733333333332,32.6846
TRN-0643,19.421,64.6782,36.3881,37.1871,13.2121,13.4758,16.7204,51.2379,24.5014,Valid,0,0,0,0,0,1256.1153222,46711.28609818362,155563.66327766544,8010.074417774112,722.2106691,2405.19469122,3.330322674922884,14.469433333333333,1.595310340410989,16.7204,13.2121,3.508300000000002,13.4758,-0.26370000000000005,-3.508300000000002,-3.244600000000002,0.26370000000000005,3.508300000000002,3.244600000000002,0.24246283021015602,0.11025381529503624,-1.2573333333333334,-0.9936333333333334,2.2509666666666686,36.76846666666667,36.76846666666667,3.5411128603668294,0.0115191918019692,0.00030976311169446087,9.301293777978114e-05,50.857533333333336,53.10850000000001
TRN-0822,18.6213,87.9184,42.9191,47.5586,14.297,15.3358,17.123,42.1204,35.5169,Valid,0,0,0,0,0,1637.1549019200002,77860.79511845252,367611.0974820316,19741.429316997324,885.6029581800001,4181.27601824,4.721388693518246,15.58526666666667,1.1671173072527412,17.123,14.297,2.8260000000000005,15.3358,-1.0388000000000002,-2.8260000000000005,-1.7872000000000003,1.0388000000000002,2.8260000000000005,1.7872000000000003,0.18132508600055486,0.0748859328062064,-1.2882666666666687,-0.2494666666666685,1.5377333333333318,26.535133333333327,26.535133333333327,2.7025779024691325,0.009519726348966164,0.00020016834714770197,4.239607229862276e-05,58.50436666666667,60.042100000000005
TRN-0981,10.7595,105.278,24.2426,52.1488,11.62,13.9275,13.3055,59.7584,41.5242,Valid,0,0,0,0,0,1132.738641,59070.9608417808,577988.9972118593,53718.940795847266,561.0950136,5490.121366400001,9.784654511394164,12.951,0.974813400947416,13.9275,11.62,2.307500000000001,13.3055,-2.307500000000001,-1.685500000000001,0.6219999999999999,2.307500000000001,1.685500000000001,0.6219999999999999,0.17817155600559378,0.07526934797915744,-1.3310000000000013,0.9764999999999997,0.3544999999999998,46.8074,46.8074,4.614191598008524,0.011433352337246388,0.0002192447831425917,2.2407000933324792e-05,37.1936,38.1701
TRN-0908,27.8591,102.5299,53.6441,24.494,19.5418,20.3744,24.2225,67.1528,61.5848,Valid,0,0,0,0,0,2856.39073709,69964.43471428246,257490.2453708809,9242.589894443503,682.3807954,2511.3673706,3.6803018159128675,21.379566666666665,2.038791822515373,24.2225,19.5418,4.680700000000002,20.3744,-0.8326000000000029,-4.680700000000002,-3.8480999999999987,0.8326000000000029,4.680700000000002,3.8480999999999987,0.21893333265563547,0.09536169553578468,-1.837766666666667,-1.005166666666664,2.8429333333333346,45.77323333333334,45.77323333333334,3.1409802596101764,0.007484818649483043,0.0003055776374620903,8.303058873468847e-05,75.02366666666667,77.8666
TRN-0619,26.3233,46.2621,33.3481,11.6472,15.1545,14.1351,19.8306,55.0993,20.4688,Valid,0,0,0,0,0,1217.77113693,14183.623986051096,24927.12658386655,946.9605116723981,306.59273976,538.82393112,1.7574581546592503,16.3734,2.4797806314269013,19.8306,14.1351,5.695500000000001,15.1545,1.019400000000001,-4.6761,-5.695500000000001,1.019400000000001,4.6761,5.695500000000001,0.3478507611216509,0.15145177421764122,-1.2188999999999997,-2.2383000000000006,3.4572000000000003,38.725899999999996,38.725899999999996,3.3651713532209953,0.01344538352898718,0.0011543876244144693,0.0006568506780857934,49.721500000000006,53.178700000000006
TRN-0725,8.1896,17.9727,30.2487,21.0372,5.1127,5.1157,6.9266,53.0493,12.1006,Valid,0,0,0,0,0,147.18922392000002,3096.4491414498243,6795.393118654788,829.7587536504877,172.28625312,378.09528443999994,2.1945757796991576,5.718333333333334,0.8543744313173752,6.9266,5.1127,1.8138999999999994,5.1157,-0.0030000000000001137,-1.8138999999999994,-1.8108999999999993,0.0030000000000001137,1.8138999999999994,1.8108999999999993,0.31720775566171555,0.14940966748604623,-0.6056333333333335,-0.6026333333333334,1.208266666666666,47.33096666666667,47.33096666666667,9.27705462948622,0.03885021703484987,0.0018467389807698077,0.0008415014749910201,35.96703333333333,37.1753
TRN-0027,13.0095,81.6662,36.1891,30.9851,10.9107,12.4719,13.212,41.6236,27.5462,Valid,0,0,0,0,0,1062.4364289,32919.69899310939,206651.04130912566,15884.624729966637,403.10065844999997,2530.43537362,6.277427550833811,12.1982,0.9592285754709352,13.212,10.9107,2.3012999999999995,12.4719,-1.5611999999999995,-2.3012999999999995,-0.7401,1.5611999999999995,2.3012999999999995,0.7401,0.18865896700669219,0.0786368887896613,-1.2874999999999996,0.27369999999999983,1.0137999999999998,29.425400000000003,29.425400000000003,3.4122736623211902,0.011481345760280579,0.00037054409282972876,5.90280112922049e-05,48.3873,49.4011
TRN-0977,30.4893,66.2271,30.3915,20.2387,18.5269,17.2667,23.8067,28.6405,26.2595,Valid,0,0,0,0,0,2019.2179200299997,40866.34571811116,88767.52055665165,2911.431802147634,617.0637959100001,1340.35040877,2.1721422868959834,19.866766666666667,2.8330586549209,23.8067,17.2667,6.539999999999999,18.5269,1.260200000000001,-5.279799999999998,-6.539999999999999,1.260200000000001,5.279799999999998,6.539999999999999,0.32919295729083786,0.14260289859202058,-1.3398666666666657,-2.6000666666666667,3.9399333333333324,8.773733333333332,8.773733333333332,1.441628576955389,0.009838842286291052,0.0004861400332493142,0.000223806709276777,50.25826666666667,54.1982
TRN-0846,21.304,76.9652,36.8208,32.1562,14.8184,15.2216,18.4954,46.6681,28.84,Valid,0,0,0,0,0,1639.6666207999997,52725.447791768944,190481.81723540442,8941.128815916054,685.0556847999999,2474.9083642399996,3.6127110583594133,16.178466666666665,1.6465676650400842,18.4954,14.8184,3.6769999999999996,15.2216,-0.4032,-3.6769999999999996,-3.2737999999999996,0.4032,3.6769999999999996,3.2737999999999996,0.22727739584237097,0.10177525455223381,-1.3600666666666648,-0.9568666666666648,2.316933333333335,30.489633333333337,30.489633333333337,2.884580972779808,0.009866924441571057,0.00030684360861673834,8.493444099489972e-05,52.999266666666664,55.316199999999995
TRN-0802,27.5341,71.2459,40.3411,26.0415,13.627749999999999,16.6662,21.4988,30.8119,29.7294,Invalid,1,1,0,0,0,1961.6917351900001,51085.39532195039,132186.08803513262,4800.813654135017,717.0292651499999,1855.3501048500002,2.587551342242843,17.26425,3.2410497144700923,21.4988,13.627749999999999,7.87105,16.6662,-3.038450000000001,-7.87105,-4.832599999999999,3.038450000000001,7.87105,4.832599999999999,0.4559161008490898,0.18773184625675865,-3.6365000000000016,-0.5980500000000006,4.234549999999999,13.54765,13.54765,1.7847226618751082,0.008800694666497726,0.00033794883823173513,0.00013060565038645273,57.60535,61.8399
TRN-0613,28.6824,17.4567,31.8156,44.5882,15.2978,12.6121,20.6883,30.8928,19.9859,Valid,0,0,0,0,0,500.70005208000003,22325.31406215346,13587.6464308703,473.72765030620343,1278.89658768,778.3628309400001,0.6086205963022412,16.1994,3.358165524012578,20.6883,12.6121,8.076200000000002,15.2978,2.6857000000000006,-5.390500000000001,-8.076200000000002,2.6857000000000006,5.390500000000001,8.076200000000002,0.4985492982117055,0.2073018331981891,-0.9016000000000002,-3.587300000000001,4.488900000000001,14.6934,14.6934,1.9070334761143328,0.03235350166302403,0.0007256068136007144,0.0011922153024238062,48.015,52.5039
TRN-0375,24.5231,33.6836,33.5914,39.5702,14.0647,12.4138,18.4652,43.0798,19.3717,Valid,0,0,0,0,0,826.0262911599999,32686.02554645943,44895.751764528984,1830.7534501663954,970.38397162,1332.86678872,1.3735457028864333,14.981233333333334,2.554066757589202,18.4652,12.4138,6.051399999999999,14.0647,1.6509,-4.400499999999999,-6.051399999999999,1.6509,4.400499999999999,6.051399999999999,0.40393200355564823,0.17048440073501747,-0.9165333333333336,-2.5674333333333337,3.4839666666666655,28.098566666666663,28.098566666666663,2.87558415024236,0.01813650906214919,0.0004583375642162702,0.00033368933015252334,48.572633333333336,52.0566
TRN-0567,30.1268,104.773,33.1834,28.274,20.8195,20.8039,25.8688,33.5798,49.668,Valid,0,0,0,0,0,3156.4752163999997,89246.1802684936,310374.48535094596,10302.271567132068,851.8051432,2962.351802,3.477733995056428,22.4974,2.3839483090033644,25.8688,20.8039,5.0649000000000015,20.8195,0.015600000000002723,-5.049299999999999,-5.0649000000000015,0.015600000000002723,5.049299999999999,5.0649000000000015,0.2251326719917559,0.1059654983703835,-1.6778999999999975,-1.6935000000000002,3.3714000000000013,11.0824,11.0824,1.492607968360434,0.007127380527489517,0.0002520824973356325,7.248469530119172e-05,55.6808,59.0522
TRN-0661,12.8536,40.5512,40.5286,13.2647,8.3338,9.0615,10.5083,45.9673,16.2105,Valid,0,0,0,0,0,521.22890432,6913.945047133503,21812.470311455167,1696.992952516199,170.49914791999998,537.89950264,3.1548513136513265,9.3012,0.9037715898758196,10.5083,8.3338,2.1745,9.0615,-0.7277000000000005,-2.1745,-1.4467999999999996,0.7277000000000005,2.1745,1.4467999999999996,0.2337870130964808,0.09716719269649368,-0.9673999999999996,-0.23969999999999914,1.2071000000000005,36.6661,36.6661,4.942082210673655,0.017844750943521982,0.0013452811578985521,0.00042641662621261696,49.8298,51.036899999999996
TRN-0861,17.8071,15.9379,32.8941,21.6395,9.3956,8.4354,12.5726,70.5344,15.1523,Valid,0,0,0,0,0,283.80777909,6141.458435618056,5496.793436384196,308.68547532718526,385.33674045,344.88818705000006,0.8950305835857281,10.134533333333332,1.7679786600019307,12.5726,8.4354,4.1372,9.3956,0.9602000000000004,-3.1769999999999996,-4.1372,0.9602000000000004,3.1769999999999996,4.1372,0.40822793272231594,0.1744509024146182,-0.7389333333333319,-1.6991333333333323,2.4380666666666677,60.399866666666675,60.399866666666675,6.959806704488282,0.03570914557070814,0.0016501834927200385,0.001843717332437388,43.02863333333333,45.4667
TRN-0638,9.6614,48.9719,44.3368,45.4107,7.8401,9.2749,9.8958,69.2487,16.9161,Valid,0,0,0,0,0,473.13711466,21485.48757269086,108906.0745710828,11272.285931520988,438.73093698,2223.84825933,5.068819729146942,9.0036,0.860882643957158,9.8958,7.8401,2.0557,9.2749,-1.434800000000001,-2.0557,-0.6208999999999989,1.434800000000001,2.0557,0.6208999999999989,0.22831975783911349,0.09561537033428713,-1.1635000000000009,0.2713000000000001,0.892199999999999,60.2451,60.2451,7.691222656357162,0.01902957874577326,0.000419054953680687,8.26730743475718e-05,53.340399999999995,54.2326
TRN-0514,26.955,45.9404,34.6901,13.1187,15.7412,14.3547,20.4262,54.4091,20.7535,Valid,0,0,0,0,0,1238.3234819999998,16245.194263313399,27687.28334388139,1027.166845361326,353.6145585,602.67832548,1.7043367944968726,16.840700000000002,2.597749442626573,20.4262,14.3547,6.071500000000002,15.7412,1.3864999999999998,-4.685000000000002,-6.071500000000002,1.3864999999999998,4.685000000000002,6.071500000000002,0.36052537242956817,0.15425423458480575,-1.0995000000000026,-2.4860000000000024,3.5854999999999997,37.5684,37.5684,3.2308096913542967,0.013599596738003558,0.0010366573477668271,0.0006082467459962402,51.5308,55.1163
TRN-0259,23.0657,42.911,38.0517,39.6462,13.8359,12.9469,17.9174,63.5056,20.3868,Valid,0,0,0,0,0,989.7722527,39240.70868499474,73002.68582275021,3164.9888213998006,914.46735534,1701.2580882,1.8603813515140946,14.900066666666667,2.164225124354879,17.9174,12.9469,4.970500000000001,13.8359,0.8890000000000011,-4.0815,-4.970500000000001,0.8890000000000011,4.0815,4.970500000000001,0.33358908906968504,0.14524934871245745,-1.064166666666667,-1.953166666666668,3.017333333333333,48.605533333333334,48.605533333333334,4.262101449516908,0.015054035522784899,0.00037970941824464545,0.00020410299290412107,52.951766666666664,55.9691
TRN-0933,17.3708,23.4709,18.735,59.2931,10.2461,25.0,13.3719,57.3816,14.744,Invalid,0,0,0,0,0,407.70830972,24174.289579058932,32663.56951212001,1880.3720975284912,1029.96858148,1391.6624207900002,1.3511697013856758,16.206,6.347885916324163,25.0,10.2461,14.7539,13.3719,-14.7539,-3.1258,11.6281,14.7539,3.1258,11.6281,0.9103973275084951,0.39169971150342164,-5.959899999999999,8.794,-2.8340999999999994,41.1756,41.1756,3.540762462004044,0.03974900578156162,0.0006703816443635277,0.000496149081118967,34.941,43.735
TRN-0785,29.2826,95.2054,38.905,21.6583,19.4396,19.4103,24.0824,44.8928,41.8587,Valid,0,0,0,0,0,2787.86164604,60380.34388842813,196312.308061284,6704.059795141969,634.21133558,2061.98711482,3.251261730472645,20.977433333333334,2.1955755696906047,24.0824,19.4103,4.6721,19.4396,0.029299999999999216,-4.642800000000001,-4.6721,0.029299999999999216,4.642800000000001,4.6721,0.22272027769268193,0.10466368454801048,-1.5378333333333352,-1.5671333333333344,3.104966666666666,23.915366666666667,23.915366666666667,2.1400519857027955,0.007524560394023152,0.00034742156109194053,0.00010685745351574096,59.88243333333334,62.9874
TRN-0571,13.3798,108.8273,47.6743,39.2389,12.902,15.7407,14.9064,41.0039,54.0826,Valid,0,0,0,0,0,1456.0875085399998,57135.2721388502,464721.25156103174,34733.0465947163,525.00863422,4270.26354197,8.133700942188902,14.516366666666665,1.1912595360467102,15.7407,12.902,2.838700000000001,14.9064,-2.838700000000001,-2.0044000000000004,0.8343000000000007,2.838700000000001,2.0044000000000004,0.8343000000000007,0.19555167416421884,0.08206319675838401,-1.6143666666666654,1.2243333333333357,0.390033333333335,26.48753333333334,26.48753333333334,2.8246666756833094,0.009969432861389358,0.000254070141315419,3.123671796345426e-05,62.190666666666665,63.415000000000006
TRN-0101,27.1641,67.3367,30.467,27.2513,16.6269,15.7919,20.9665,17.2228,25.5682,Valid,0,0,0,0,0,1829.1408524699998,49846.4661129157,123563.69379826944,4548.786422133736,740.25703833,1835.0126127099998,2.478885643960755,17.7951,2.2682797769822547,20.9665,15.7919,5.1746,16.6269,0.8349999999999991,-4.339600000000001,-5.1746,0.8349999999999991,4.339600000000001,5.1746,0.2907878971858603,0.1274665300850079,-1.1682000000000023,-2.0032000000000014,3.1713999999999984,-0.572300000000002,0.572300000000002,0.9678394070368017,0.009728665764717644,0.0003569982265007974,0.00014401560404068476,48.262100000000004,51.433499999999995
TRN-0308,23.1844,42.4018,45.5385,31.0286,13.9486,13.2804,18.2066,50.251,21.1597,Valid,0,0,0,0,0,983.06029192,30502.984573868915,55786.712242036665,2406.2175357490005,719.3794738400001,1315.66849148,1.8288934874789302,15.1452,2.1818570500073258,18.2066,13.2804,4.9262000000000015,13.9486,0.6682000000000006,-4.258000000000001,-4.9262000000000015,0.6682000000000006,4.258000000000001,4.9262000000000015,0.3252647488798598,0.14406260108448385,-1.1966,-1.8648000000000007,3.061400000000001,35.105799999999995,35.105799999999995,3.3179487020343936,0.015406176110535363,0.0004965153479596869,0.00027148400382548865,60.6837,63.7451
TRN-0447,9.8677,61.8151,26.3059,40.8132,8.7661,9.7498,10.4597,49.9564,16.3916,Valid,0,0,0,0,0,609.97286227,24894.944422397963,155951.58739776973,15804.247351816777,402.73241364,2522.87203932,6.26438721643471,9.658533333333333,0.6944145943806833,10.4597,8.7661,1.6936,9.7498,-0.9837000000000007,-1.6936,-0.7098999999999993,0.9837000000000007,1.6936,0.7098999999999993,0.1753475156323753,0.0718964772930541,-0.892433333333333,0.09126666666666772,0.801166666666667,40.29786666666667,40.29786666666667,5.172254741342226,0.015834365616783273,0.0003879716768620534,6.193289529420671e-05,35.96443333333333,36.7656
TRN-0354,19.99,35.7008,43.5281,16.9993,12.0356,11.3939,15.8399,48.0139,18.4616,Valid,0,0,0,0,0,713.658992,12131.703302705602,21666.408867895556,1083.8623203618426,339.816007,606.8886094400001,1.7859328771419272,13.089800000000002,1.9621811384273367,15.8399,11.3939,4.446,12.0356,0.6417000000000002,-3.8042999999999996,-4.446,0.6417000000000002,3.8042999999999996,4.446,0.33965375027473677,0.14990152550274344,-1.0542000000000016,-1.6959000000000017,2.750099999999998,34.924099999999996,34.924099999999996,3.6680389564363884,0.018341813286727546,0.001078974623126643,0.0006041518037994662,56.617900000000006,59.368
TRN-0719,9.0559,36.9234,28.2051,39.725,6.465,6.9443,7.9157,57.0223,13.4854,Valid,0,0,0,0,0,334.37461806,13283.0317024335,54158.580898821005,5980.474046571513,359.7456275,1466.782065,4.0772751380563905,7.108333333333333,0.6034969336201212,7.9157,6.465,1.4507000000000003,6.9443,-0.4793000000000003,-1.4507000000000003,-0.9714,0.4793000000000003,1.4507000000000003,0.9714,0.20408437926128314,0.08489990837799008,-0.6433333333333335,-0.16403333333333325,0.8073666666666668,49.91396666666667,49.91396666666667,8.021893361515588,0.02125859119725178,0.000535143895764091,0.0001312503617198143,35.313433333333336,36.1208
TRN-0517,14.5943,18.3444,38.0527,7.3834,8.2053,8.0438,10.9748,48.0008,14.8727,Valid,0,0,0,0,0,267.72367692,1976.710996171128,2484.639701675424,170.24725621839812,107.75555462,135.44404296,1.2569563968839619,9.074633333333333,1.345237422250148,10.9748,8.0438,2.931000000000001,8.2053,0.1615000000000002,-2.7695000000000007,-2.931000000000001,0.1615000000000002,2.7695000000000007,2.931000000000001,0.3229882210497152,0.14824150184308416,-0.8693333333333335,-1.0308333333333337,1.9001666666666672,38.92616666666667,38.92616666666667,5.289557489240247,0.033895520201410706,0.004590773940307938,0.003652293458710291,47.12733333333333,49.0275
TRN-0956,26.9366,106.6938,40.8469,10.7934,19.0883,19.8202,23.5776,47.948,52.2691,Valid,0,0,0,0,0,2873.9682130799997,31019.88851105767,122867.39160922628,4561.354701330962,290.73749843999997,1151.58886092,3.9609229093158413,20.8287,1.9665973677056183,23.5776,19.0883,4.4893,19.8202,-0.7318999999999996,-4.4893,-3.7574000000000005,0.7318999999999996,4.4893,3.7574000000000005,0.21553432448811857,0.09441766760709744,-1.740400000000001,-1.0085000000000015,2.748899999999999,27.1193,27.1193,2.30201585783002,0.007247366167084621,0.0006714627614442819,0.00016952178871083338,61.6756,64.4245
TRN-0200,21.7524,47.4856,43.3585,56.2893,13.7971,13.4394,17.6142,20.2815,20.8623,Valid,0,0,0,0,0,1032.92576544,58142.66828858179,126925.74103474924,5835.022121684371,1224.42736932,2672.9311840799996,2.183004993333839,14.950233333333335,1.8893607602102418,17.6142,13.4394,4.174800000000001,13.7971,0.35770000000000124,-3.8171,-4.174800000000001,0.35770000000000124,3.8171,4.174800000000001,0.2792464590800283,0.12637666528060273,-1.1531333333333347,-1.510833333333336,2.6639666666666653,5.331266666666666,5.331266666666666,1.3566008095792834,0.01447367644323524,0.0002571301554113947,0.00011778724481996549,58.308733333333336,60.9727
TRN-0463,11.7153,40.6516,40.7035,20.2729,8.0814,25.0,10.1953,47.6679,15.7596,Invalid,0,0,0,0,0,476.24568948,9654.881238259091,33502.03325098063,2859.681817051106,237.50310537,824.12582164,3.4699577928044705,14.425566666666668,7.526890617128844,25.0,8.0814,16.918599999999998,10.1953,-16.918599999999998,-2.1138999999999992,14.8047,16.918599999999998,2.1138999999999992,14.8047,1.1728203971545612,0.5217743101036724,-6.344166666666668,10.574433333333332,-4.230266666666669,33.242333333333335,33.242333333333335,3.3044037573749554,0.030290177853635553,0.0014941216063858779,0.0004305877962142442,55.12906666666667,65.70349999999999
TRN-0356,29.124,78.6573,36.577,47.4556,19.0017,18.243,23.8741,45.6223,32.4715,Valid,0,0,0,0,0,2290.8152052,108712.01005188911,293606.41355083295,10081.252694327024,1382.0968943999999,3732.72936588,2.7007724659808936,20.372933333333332,2.4949993244265394,23.8741,18.243,5.6311,19.0017,0.758700000000001,-4.872399999999999,-5.6311,0.758700000000001,4.872399999999999,5.6311,0.27640102833820224,0.12246637050924604,-1.3712333333333326,-2.1299333333333337,3.5011666666666663,25.24936666666667,25.24936666666667,2.239358319893798,0.008893311550488578,0.0001874027839557172,6.938858414867943e-05,56.949933333333334,60.4511
TRN-0464,26.9782,71.2716,36.2753,47.2463,17.4268,16.95,22.1196,59.2423,28.6182,Valid,0,0,0,0,0,1922.7794791200004,90844.21610434727,239994.2409983838,8895.857844575468,1274.62013066,3367.31939508,2.641821817548175,18.832133333333335,2.3327254979720364,22.1196,16.95,5.169599999999999,17.4268,0.4768000000000008,-4.692799999999998,-5.169599999999999,0.4768000000000008,4.692799999999998,5.169599999999999,0.2745095116940453,0.12386941685324832,-1.4053333333333349,-1.8821333333333357,3.2874666666666634,40.41016666666667,40.41016666666667,3.145809123458709,0.009794224209298314,0.00020730140168191555,7.84691051539928e-05,55.10743333333333,58.3949
TRN-0052,23.8697,58.5274,22.4135,38.1949,15.3019,14.3016,19.6015,73.5974,19.7674,Valid,0,0,0,0,0,1397.0314797800002,53359.47766704913,130834.97041062311,5481.215303477119,911.70080453,2235.44819026,2.4519536294149638,16.401666666666667,2.2991810198899576,19.6015,14.3016,5.299900000000001,15.3019,1.0002999999999993,-4.299600000000002,-5.299900000000001,1.0002999999999993,4.299600000000002,5.299900000000001,0.3231317758480779,0.1401797101743876,-1.0997666666666674,-2.1000666666666667,3.199833333333334,57.19573333333332,57.19573333333332,4.4871900526050155,0.011740370129318185,0.0003073805701154332,0.00012536148871410285,38.81516666666667,42.015
TRN-0737,25.7107,30.5152,20.798,16.0054,17.9853,20.3833,18.9732,50.4902,17.8267,Invalid,0,0,0,0,0,784.56715264,12557.311104864257,14903.867254767618,579.6756476911157,411.51003778,488.40798208000007,1.1868676781702685,19.113933333333332,0.9840241878237659,20.3833,17.9853,2.3979999999999997,18.9732,-2.3979999999999997,-0.9878999999999998,1.4101,2.3979999999999997,0.9878999999999998,1.4101,0.12545821065305532,0.051482032461924815,-1.1286333333333332,1.2693666666666665,-0.14073333333333338,31.37626666666667,31.37626666666667,2.641538843834401,0.024362393001866343,0.00152213584358893,0.001282481452989087,39.91193333333333,41.18129999999999
TRN-0549,19.3856,40.9572,26.762,34.7739,11.8918,11.2905,15.3304,44.0042,17.3213,Valid,0,0,0,0,0,793.97989632,27609.777516642043,58332.94712078097,3009.0863378845447,674.1129158399999,1424.2415770799998,2.1127640045825764,12.837566666666666,1.7797104527297563,15.3304,11.2905,4.039899999999999,11.8918,0.6013000000000002,-3.438599999999999,-4.039899999999999,0.6013000000000002,3.438599999999999,4.039899999999999,0.3146935700669984,0.13863299488974506,-0.9457666666666658,-1.547066666666666,2.4928333333333335,31.16663333333333,31.16663333333333,3.4277677160182707,0.01616862934439347,0.00046496450970906017,0.00022007402848798016,39.59956666666667,42.0924
TRN-0431,8.7941,46.5597,28.1436,40.9888,7.2282,8.1459,8.883,59.0783,14.773,Valid,0,0,0,0,0,409.45065777,16782.891121202974,88855.75280425219,10104.017773306468,360.45960608,1908.42623136,5.294424069043556,8.0857,0.6769090485434505,8.883,7.2282,1.654799999999999,8.1459,-0.9176999999999991,-1.654799999999999,-0.7370999999999999,0.9176999999999991,1.654799999999999,0.7370999999999999,0.20465758009107674,0.08371680433687204,-0.857499999999999,0.06020000000000003,0.7972999999999999,50.992599999999996,50.992599999999996,7.306515538974296,0.019747678570818872,0.0004817823068221541,9.099804733770778e-05,36.229299999999995,37.0266
TRN-0565,28.6246,31.4712,26.8085,33.8995,16.1176,13.8494,21.1833,47.6235,20.1548,Valid,0,0,0,0,0,900.85051152,30538.381915272246,33575.29973980128,1172.9525850788725,970.3596277000001,1066.8579444000002,1.0994458927130546,17.0501,3.0657994596298477,21.1833,13.8494,7.3339,16.1176,2.2682,-5.0657,-7.3339,2.2682,5.0657,7.3339,0.4301382144305186,0.17981121986490564,-0.932500000000001,-3.200700000000001,4.133199999999999,30.5734,30.5734,2.7931506094890577,0.01892666958950247,0.0005583170728150114,0.0005078167620728766,43.858599999999996,47.9918
TRN-0660,30.2971,62.8955,39.7843,12.227,18.4755,17.1061,23.7531,51.6632,28.9021,Valid,0,0,0,0,0,1905.55125305,23299.175171042352,48368.103612896746,1596.4597937240512,370.4426417,769.0232785,2.075957696414584,19.778233333333333,2.865715484055518,23.7531,17.1061,6.6469999999999985,18.4755,1.3693999999999988,-5.2776,-6.6469999999999985,1.3693999999999988,5.2776,6.6469999999999985,0.33607651158210056,0.1448923819870903,-1.3027333333333324,-2.6721333333333313,3.974866666666667,31.88496666666667,31.88496666666667,2.6121239706887893,0.010379271243057505,0.0008488812667096497,0.0004089106633415912,59.562533333333334,63.537400000000005
TRN-0834,29.9178,27.4687,35.7858,58.4409,16.4282,13.9856,21.5831,49.4543,21.1305,Valid,1,0,0,0,1,821.8030728599999,48026.911200703966,44095.38186961532,1473.8844566021185,1748.4231580199998,1605.2955498299998,0.9181390035985598,17.3323,3.166864818712666,21.5831,13.9856,7.597500000000002,16.4282,2.4426000000000005,-5.154900000000001,-7.597500000000002,2.4426000000000005,5.154900000000001,7.597500000000002,0.4383434144145086,0.18271462160232885,-0.9040999999999997,-3.3467000000000002,4.250800000000002,32.122,32.122,2.8533026284276968,0.021090575773330195,0.000360887251882754,0.0003930638371804204,53.1181,57.368900000000004
TRN-0887,30.0954,88.0704,42.4991,11.1092,19.2774,19.2312,24.2806,35.2746,38.4158,Valid,0,0,0,0,0,2650.5139161600005,29445.089197404675,86167.34729065267,2863.140028958334,334.33581768,978.39168768,2.926374033029166,20.929733333333335,2.369495610649846,24.2806,19.2312,5.049399999999999,19.2774,0.04619999999999891,-5.0032,-5.049399999999999,0.04619999999999891,5.0032,5.049399999999999,0.2412548539595254,0.11321192963620731,-1.6523333333333348,-1.6985333333333337,3.350866666666665,14.344866666666665,14.344866666666665,1.6853821189608027,0.007896481206089776,0.0007108055673496585,0.00024289634056497028,63.42883333333333,66.77969999999999
TRN-0336,27.8382,99.9421,33.3912,50.5934,19.2433,19.334,23.8428,53.5263,44.1841,Valid,0,0,0,0,0,2782.20816822,140761.37073802177,505348.29803782015,18153.051558102485,1408.4291878800002,5056.41064214,3.5901062715942023,20.806700000000003,2.1471661991254116,23.8428,19.2433,4.599499999999999,19.334,-0.09069999999999823,-4.599499999999999,-4.508800000000001,0.09069999999999823,4.599499999999999,4.508800000000001,0.2210585906915276,0.10319589824092783,-1.5634000000000015,-1.4727000000000032,3.0360999999999976,32.7196,32.7196,2.5725510257488677,0.007478484259441026,0.00014781541193269995,4.1172989165586664e-05,54.197900000000004,57.233999999999995
TRN-0023,22.4988,39.379,38.3371,24.9876,13.1943,12.3976,17.2618,37.9205,19.4098,Valid,0,0,0,0,0,885.9802451999999,22138.51997495952,38748.412275051596,1722.2434331079064,562.19101488,983.9867004,1.7502710477771681,14.284566666666668,2.130198967754473,17.2618,12.3976,4.8642,13.1943,0.7966999999999995,-4.067500000000001,-4.8642,0.7966999999999995,4.067500000000001,4.8642,0.3405213313771274,0.1491258970843994,-1.0902666666666683,-1.8869666666666678,2.9772333333333325,23.635933333333327,23.635933333333327,2.654648070902997,0.016122895208932335,0.0006452358460357083,0.00036864908334567365,52.62166666666667,55.5989
TRN-0305,18.9752,39.1127,26.3426,46.8886,11.9802,1.0,15.6456,31.5284,17.5207,Invalid,0,0,0,0,0,742.17130504,34799.37345349854,71730.33507286628,3780.214769417529,889.72056272,1833.9397452199996,2.0612535276964916,9.541933333333333,6.222660636380193,15.6456,1.0,14.6456,11.9802,10.9802,-3.6654,-14.6456,10.9802,3.6654,14.6456,1.5348669869627765,0.6521382792000833,2.4382666666666672,-8.541933333333333,6.103666666666667,21.98646666666667,21.98646666666667,3.304193772310947,0.012856780174170546,0.0002741984233081024,0.00013302507681732235,35.88453333333334,41.9882
TRN-0536,22.9458,45.7975,30.2669,21.8424,13.6546,12.8831,17.8131,49.1447,18.926,Valid,0,0,0,0,0,1050.8602755,22953.3104815812,45812.490162915,1996.5522303150367,501.19134192,1000.327314,1.9958989446478683,14.7836,2.1652106517996494,17.8131,12.8831,4.929999999999998,13.6546,0.7714999999999996,-4.158499999999998,-4.929999999999998,0.7714999999999996,4.158499999999998,4.929999999999998,0.3334776148246965,0.14646030096453833,-1.1289999999999996,-1.9004999999999992,3.0294999999999987,34.3611,34.3611,3.3242712651673973,0.014068092905022849,0.0006440726714004489,0.0003226980228995401,45.0505,48.08
TRN-0261,18.2851,75.3805,29.9432,58.338,13.6212,14.0408,16.7649,51.2372,25.316,Valid,0,0,0,0,0,1378.33998055,80409.59778532591,331489.3375402245,18128.93117408673,1066.7161638,4397.547609,4.122509358849043,14.808966666666668,1.393621766796461,16.7649,13.6212,3.143700000000001,14.0408,-0.41960000000000086,-3.143700000000001,-2.7241,0.41960000000000086,3.143700000000001,2.7241,0.2122835345961433,0.09410661149145108,-1.1877666666666684,-0.7681666666666676,1.9559333333333324,36.42823333333333,36.42823333333333,3.459876552727522,0.010744059422852534,0.0001841691424202723,4.4674036204331924e-05,44.75216666666667,46.7081
TRN-0271,23.8412,94.0763,38.9754,13.1617,16.5737,17.2782,20.4146,30.579,39.3592,Valid,0,0,0,0,0,2242.89188356,29520.270103851653,116485.65451281729,4885.8970868463075,313.79072204,1238.20403771,3.945954736089008,18.088833333333334,1.6695254821522065,20.4146,16.5737,3.8409000000000013,17.2782,-0.7044999999999995,-3.8409000000000013,-3.136400000000002,0.7044999999999995,3.8409000000000013,3.136400000000002,0.2123354069820936,0.09229591312446685,-1.5151333333333348,-0.8106333333333353,2.3257666666666665,12.490166666666667,12.490166666666667,1.6904903564543305,0.008064960000014408,0.0006127597501338728,0.00015528807739314951,57.064233333333334,59.39
TRN-0827,12.4842,86.4182,28.5048,20.0729,11.1338,12.8196,13.3905,38.961,27.8574,Valid,0,0,0,0,0,1078.86209244,21655.890895338875,149906.5307005314,12007.69922724982,250.59409818,1734.66388678,6.922205113487039,12.447966666666668,0.9580386990559868,13.3905,11.1338,2.2566999999999986,12.8196,-1.6857999999999986,-2.2566999999999986,-0.5709,1.6857999999999986,2.2566999999999986,0.5709,0.18129063799249895,0.07696346300942246,-1.314166666666667,0.3716333333333317,0.9425333333333317,26.513033333333333,26.513033333333333,3.1299085154543165,0.01153805175133716,0.0005748074150471043,8.303818791891701e-05,40.95276666666667,41.8953
TRN-0148,11.8673,90.6809,39.2761,29.6365,7.3021,8.4665,12.8879,42.136,33.6087,Invalid,0,0,0,0,0,1076.1374445699998,31892.947375998803,243701.69892968156,20535.562292528146,351.70523645000003,2687.46449285,7.641240413468909,9.552166666666666,2.406144148263404,12.8879,7.3021,5.5858,8.4665,-1.1643999999999997,-5.5858,-4.4214,1.1643999999999997,5.5858,4.4214,0.5847677924972213,0.25189509148377986,-2.250066666666666,-1.0856666666666666,3.3357333333333337,32.58383333333334,32.58383333333334,4.411145351545512,0.008876344472528925,0.000299507177989943,3.91961431068385e-05,48.828266666666664,52.164
TRN-0916,15.83,22.3854,29.3857,34.8222,9.3427,8.7621,12.3496,43.3537,15.4539,Valid,0,0,0,0,0,354.360882,12339.6255051804,17449.617990124152,1102.3131325212269,551.2354260000001,779.5088758800001,1.4141123553940396,10.151466666666666,1.572284262537224,12.3496,8.7621,3.5875000000000004,9.3427,0.5806000000000004,-3.0069,-3.5875000000000004,0.5806000000000004,3.0069,3.5875000000000004,0.35339717544290733,0.15488245780459636,-0.8087666666666653,-1.3893666666666658,2.1981333333333346,33.20223333333334,33.20223333333334,4.270682961672242,0.02864725525211728,0.0008226721841422353,0.0005817586764266282,39.537166666666664,41.7353
TRN-0691,16.0726,89.5872,44.0183,27.2199,13.0883,14.6408,15.8388,43.9082,35.129,Valid,0,0,0,0,0,1439.89923072,39193.91307027533,218463.28092588438,13592.279241292952,437.49456474000004,2438.55462528,5.573908043881633,14.522633333333333,1.1259914396753745,15.8388,13.0883,2.7505000000000006,14.6408,-1.5525000000000002,-2.7505000000000006,-1.1980000000000004,1.5525000000000002,2.7505000000000006,1.1980000000000004,0.18939401329460365,0.07753355306143891,-1.434333333333333,0.1181666666666672,1.3161666666666676,29.38556666666667,29.38556666666667,3.023432181255086,0.010085867825615574,0.0003705328760341811,6.647631250303244e-05,58.540933333333335,59.8571
TRN-0915,15.1802,54.6068,48.181,36.2376,10.7723,11.6684,13.9383,46.0319,21.2765,Valid,0,0,0,0,0,828.9421453599999,30038.873886697533,108056.99388388262,7118.284789765474,550.09401552,1978.8193756800001,3.5972382710874515,12.126333333333333,1.3324579301259591,13.9383,10.7723,3.1660000000000004,11.6684,-0.8961000000000006,-3.1660000000000004,-2.2699,0.8961000000000006,3.1660000000000004,2.2699,0.2610846701873606,0.10988134530179064,-1.3540333333333336,-0.4579333333333331,1.8119666666666667,33.905566666666665,33.905566666666665,3.796027615160317,0.014628684747882282,0.00040368801369413825,0.00011222164246260632,60.30733333333333,62.119299999999996
TRN-0497,22.7015,51.4484,30.3053,42.1301,14.3641,13.524,18.3201,67.2977,19.733,Valid,0,0,0,0,0,1167.9558525999998,49206.09686562325,111515.75684343904,4912.263591884917,956.4164651499999,2167.52623684,2.2662994838975625,15.402733333333336,2.0912059046290867,18.3201,13.524,4.796100000000001,14.3641,0.8401000000000014,-3.9559999999999995,-4.796100000000001,0.8401000000000014,3.9559999999999995,4.796100000000001,0.3113797781748838,0.13576848495682162,-1.038633333333335,-1.8787333333333365,2.9173666666666644,51.89496666666667,51.89496666666667,4.3692047492087065,0.013187770142045493,0.0003130248955751069,0.00013812158720152582,45.70803333333333,48.6254
TRN-0178,19.3405,100.3808,33.8958,5.6278,14.7691,16.3752,17.6476,40.5108,41.2567,Valid,0,0,0,0,0,1941.4148623999997,10925.894562614718,56707.42932762418,2932.055861821996,108.84446589999999,564.9230662399999,5.190186128063591,16.263966666666665,1.1777719652896408,17.6476,14.7691,2.8785000000000007,16.3752,-1.6060999999999996,-2.8785000000000007,-1.272400000000001,1.6060999999999996,2.8785000000000007,1.272400000000001,0.17698633316269716,0.07241602968158307,-1.494866666666665,0.11123333333333463,1.3836333333333357,24.24683333333334,24.24683333333334,2.4908313168273026,0.008377378258134678,0.0014885707135440177,0.00028680486594473626,50.15976666666667,51.543400000000005
TRN-0327,28.9693,67.2789,26.4722,52.5104,18.1773,16.9927,23.2303,39.4128,25.7542,Valid,0,0,0,0,0,1949.0226377699998,102343.95831835779,237685.7203075311,8204.74475057341,1521.18953072,3532.8419505599995,2.3224205513277654,19.46676666666667,2.7048051874806482,23.2303,16.9927,6.2376000000000005,18.1773,1.1845999999999997,-5.053000000000001,-6.2376000000000005,1.1845999999999997,5.053000000000001,6.2376000000000005,0.3204229950656249,0.13894475106476661,-1.2894666666666694,-2.474066666666669,3.7635333333333314,19.94603333333333,19.94603333333333,2.02461963253855,0.009987963340924487,0.00019020924133031738,8.190128814384631e-05,45.93896666666667,49.7025
TRN-0856,26.9065,91.7012,35.2636,56.763,15.1083,23.7716,23.0638,67.0168,38.1997,Invalid,0,0,0,0,0,2467.3583378000003,140054.6613285414,477326.31555277866,17740.185375749104,1527.2936595,5205.2352156,3.408142887103752,20.6479,3.9277322829677006,23.7716,15.1083,8.6633,23.0638,-8.6633,-7.955500000000001,0.7077999999999989,8.6633,7.955500000000001,0.7077999999999989,0.4195729144575034,0.19022428880144768,-5.5396,3.1236999999999995,2.4159000000000006,46.368900000000004,46.368900000000004,3.24569553098884,0.008368423700483695,0.00014742743871563513,4.325740971570983e-05,55.9115,59.035199999999996
TRN-0343,26.2971,15.0966,35.2021,44.2695,13.6448,11.4401,18.4805,59.6871,18.4245,Valid,0,0,0,0,0,396.99679986,17574.84983140227,10089.343614495421,383.6675234466119,1164.15946845,668.3189337,0.5740784887277118,14.521799999999999,2.9403690006528094,18.4805,11.4401,7.0404,13.6448,2.2047000000000008,-4.835699999999999,-7.0404,2.2047000000000008,4.835699999999999,7.0404,0.4848158985238815,0.20247963738470248,-0.8769999999999989,-3.0816999999999997,3.9587000000000003,45.1653,45.1653,4.110172009656378,0.036579136075006,0.0008262830202524151,0.0014393205894679927,49.7239,53.6826
TRN-0198,28.1497,26.9731,19.1549,29.9116,15.5631,13.0973,20.497,43.7674,18.5978,Valid,0,0,0,0,0,759.2846730699999,22711.419427000612,21762.128454172875,773.0855988194288,842.00256652,806.80857796,0.9582020071900585,16.3858,3.0764174500003514,20.497,13.0973,7.399699999999999,15.5631,2.4657999999999998,-4.9338999999999995,-7.399699999999999,2.4657999999999998,4.9338999999999995,7.399699999999999,0.45159220473872463,0.18774898157254266,-0.8226999999999993,-3.288499999999999,4.1112,27.381600000000002,27.381600000000002,2.671056483598208,0.021580575190813557,0.0007214784638162316,0.0007529502472036499,35.5407,39.6519
TRN-0711,27.3457,27.5273,34.5953,58.9132,15.4514,13.3857,20.4983,58.755,20.0657,Valid,0,0,0,0,0,752.75328761,44347.10498362545,44641.609577218835,1632.4909563378474,1611.02269324,1621.7213303600001,1.0066408610260165,16.445133333333334,2.9875183841368336,20.4983,13.3857,7.1126000000000005,15.4514,2.0656999999999996,-5.046900000000001,-7.1126000000000005,2.0656999999999996,5.046900000000001,7.1126000000000005,0.4325048282264969,0.18166579388052226,-0.9937333333333349,-3.0594333333333346,4.053166666666666,42.309866666666665,42.309866666666665,3.5727893010218237,0.021846644288595764,0.0003708276637005875,0.0003683812812465684,51.04043333333334,55.0936
TRN-0284,17.8121,90.2115,37.616,39.5063,13.504,15.1535,16.1926,46.9822,34.353,Valid,0,0,0,0,0,1606.8562591500001,63480.94543085765,321506.8020466882,18049.908994266774,703.69016623,3563.9225824500004,5.064618710617012,14.950033333333332,1.1070054210446405,16.1926,13.504,2.688599999999999,15.1535,-1.6494999999999997,-2.688599999999999,-1.0390999999999995,1.6494999999999997,2.688599999999999,1.0390999999999995,0.17983905187464116,0.07404701530192521,-1.4460333333333324,0.20346666666666735,1.2425666666666668,32.03216666666667,32.03216666666667,3.142614856425191,0.009303902100078164,0.00023550426402173144,4.649989747686842e-05,52.56603333333333,53.8086
TRN-0105,14.8368,102.3667,39.5969,23.2679,13.1569,15.4076,15.6953,41.709,43.6185,Valid,0,0,0,0,0,1518.79425456,35339.15283567662,243822.9575504056,16433.660972497077,345.22117872,2381.8581389299998,6.8995129071287,14.753266666666667,1.134895802363469,15.6953,13.1569,2.5383999999999993,15.4076,-2.2507,-2.5383999999999993,-0.2876999999999992,2.2507,2.5383999999999993,0.2876999999999992,0.17205679835493165,0.07692504657308138,-1.5963666666666665,0.6543333333333337,0.9420333333333328,26.955733333333335,26.955733333333335,2.8271025065339765,0.009713801993033571,0.00041747652341442206,6.050811135598751e-05,54.35016666666667,55.292199999999994
TRN-0439,11.5518,50.4478,26.6414,37.17,8.8784,9.5543,11.0339,50.6061,15.9175,Valid,0,0,0,0,0,582.76289604,21661.2968458068,94596.92610830281,8188.933146294921,429.38040600000005,1875.1447260000002,4.367093927604882,9.822199999999999,0.9001380894062866,11.0339,8.8784,2.1555,9.5543,-0.6759000000000004,-2.1555,-1.4795999999999996,0.6759000000000004,2.1555,1.4795999999999996,0.21945183162103896,0.0916432161596252,-0.9437999999999995,-0.26789999999999914,1.2117000000000004,40.7839,40.7839,5.152215883181378,0.016854539041331277,0.00045344468844430883,0.00010383212651805256,36.4636,37.6753
TRN-0602,21.0839,80.5436,36.3989,38.7211,7.1164,15.438,18.6809,61.7175,30.5097,Invalid,0,0,0,0,0,1698.17320804,65755.13460583764,251194.28851582223,11914.032821337105,816.39180029,3118.73678996,3.820146945292524,13.7451,4.870581612771382,18.6809,7.1164,11.564500000000002,15.438,-8.3216,-11.564500000000002,-3.2429000000000006,8.3216,11.564500000000002,3.2429000000000006,0.8413543123473595,0.3543503691076102,-6.628700000000001,1.6928999999999998,4.9358,47.9724,47.9724,4.490145252479411,0.008094050669760766,0.0002090346264544138,5.4718998911790565e-05,50.144,55.0798
TRN-0269,15.8232,102.5936,42.3858,16.5509,13.2755,15.4911,15.8473,56.8715,45.2513,Valid,0,0,0,0,0,1623.3590515199999,26868.053325802364,174205.61679597283,11009.505396283144,261.88820088,1698.0164142399997,6.4837449767591275,14.8713,1.137732493456466,15.8473,13.2755,2.5718000000000014,15.4911,-2.2156000000000002,-2.5718000000000014,-0.3562000000000012,2.2156000000000002,2.5718000000000014,0.3562000000000012,0.172937122313643,0.07650524277979891,-1.5958000000000006,0.6197999999999997,0.9760000000000009,42.0002,42.0002,3.824245101353271,0.009160819953487637,0.0005534937652206108,8.536636345848532e-05,57.2571,58.23310000000001
TRN-0184,29.5853,85.7903,34.6521,19.6015,19.3913,18.8309,24.4083,51.7121,34.5505,Valid,0,0,0,0,0,2538.13176259,49751.18974440789,144266.56121552514,4876.291818546147,579.91625795,1681.6185654500002,2.899760931957393,20.876833333333334,2.507582455052852,24.4083,18.8309,5.577400000000001,19.3913,0.5604000000000013,-5.0169999999999995,-5.577400000000001,0.5604000000000013,5.0169999999999995,5.577400000000001,0.26715736260333084,0.12011315580777877,-1.4855333333333327,-2.045933333333334,3.5314666666666668,30.835266666666666,30.835266666666666,2.4770086869651995,0.008225275627063818,0.0004196248057617616,0.0001447101335007213,55.52893333333333,59.0604
TRN-0288,15.735,21.5399,39.4762,5.9551,8.9844,8.6774,11.8477,49.4543,15.9873,Valid,1,0,0,0,1,338.9303265,2018.3639873401498,2762.971620648751,175.59399078835466,93.7034985,128.27225848999998,1.3689163413462764,9.8365,1.427645224370069,11.8477,8.6774,3.1702999999999992,8.9844,0.3070000000000004,-2.863299999999999,-3.1702999999999992,0.3070000000000004,2.863299999999999,3.1702999999999992,0.3222995656687271,0.145137506148789,-0.8520999999999983,-1.1590999999999987,2.0112000000000005,39.6178,39.6178,5.027631268476465,0.029022188933505808,0.00487350153729669,0.0035601161890074914,49.3127,51.323899999999995
TRN-0668,30.0372,108.2607,39.2159,13.5037,20.5937,21.0821,25.4809,54.9198,54.4579,Valid,0,0,0,0,0,3251.84829804,43911.98386224275,158268.4841235236,5269.082299763004,405.61333764,1461.92001459,3.604220646257952,22.385566666666666,2.1977943448426243,25.4809,20.5937,4.8872,21.0821,-0.48840000000000217,-4.8872,-4.398799999999998,0.48840000000000217,4.8872,4.398799999999998,0.21831923464140282,0.0981790758031685,-1.7918666666666674,-1.3034666666666652,3.0953333333333326,32.53423333333333,32.53423333333333,2.4533574854024622,0.00688395171240776,0.000509782631009866,0.00014144045664235964,61.60146666666667,64.6968
TRN-0014,11.1932,77.4751,43.4873,15.9647,9.6759,11.9007,11.5401,72.2076,27.0328,Valid,0,0,0,0,0,867.1942893199999,13844.496670707003,95826.37351362364,8561.12326702823,178.69608004,1236.86672897,6.92162143787108,11.0389,0.9749649019323723,11.9007,9.6759,2.2248,11.5401,-2.2248,-1.8642000000000003,0.3605999999999998,2.2248,1.8642000000000003,0.3605999999999998,0.20154180203264802,0.08832083030116607,-1.3629999999999995,0.8618000000000006,0.5012000000000008,61.1687,61.1687,6.541194635226822,0.012729442667255775,0.0007973493194995959,0.00011519688782040159,54.526199999999996,55.388
TRN-0813,30.5251,48.7172,37.482,41.8758,17.608,15.9534,22.6584,26.8364,23.0728,Valid,0,0,0,0,0,1487.0974017199999,62273.39337494637,99386.58218076067,3255.8969151571578,1278.26298258,2040.07172376,1.5959717872841763,18.739933333333333,2.8519246195430124,22.6584,15.9534,6.705,17.608,1.6546000000000003,-5.0504,-6.705,1.6546000000000003,5.0504,6.705,0.3577920755076285,0.15218434434266936,-1.1319333333333326,-2.786533333333333,3.918466666666667,8.096466666666668,8.096466666666668,1.4320434385015544,0.012601685201693413,0.00030093001709734663,0.00018855596924604245,56.22193333333333,60.1404
TRN-0636,14.2258,57.1339,34.1337,56.3507,10.6019,11.1591,13.4864,44.2794,18.3368,Valid,0,0,0,0,0,812.7754346199999,45800.464683641236,183944.60551875393,12930.35137485432,801.63378806,3219.53525873,4.016216731838158,11.749133333333333,1.2493170303098495,13.4864,10.6019,2.884499999999999,11.1591,-0.5571999999999999,-2.884499999999999,-2.3272999999999993,0.5571999999999999,2.884499999999999,2.3272999999999993,0.24550744915873657,0.10633268757217515,-1.1472333333333324,-0.5900333333333325,1.7372666666666667,32.53026666666667,32.53026666666667,3.768737231506106,0.014455571389618683,0.00025652869275960197,6.387321498303784e-05,45.88283333333333,47.620099999999994
TRN-0028,23.694,44.5709,39.7788,43.8321,14.2709,13.5117,18.3143,52.1311,20.5491,Valid,0,0,0,0,0,1056.0629046,46289.454840717655,87075.3212948486,3674.99441292539,1038.5577773999998,1953.6361458899999,1.8811048416854546,15.365633333333333,2.107933030772615,18.3143,13.5117,4.8026,14.2709,0.7591999999999999,-4.0434,-4.8026,0.7591999999999999,4.0434,4.8026,0.3125546199925839,0.13718490138736317,-1.094733333333334,-1.8539333333333339,2.948666666666666,36.76546666666667,36.76546666666667,3.39270731484933,0.014549922406945427,0.000331946733567605,0.00017646369952660634,55.14443333333333,58.09309999999999
TRN-0123,14.9187,52.9423,41.4921,16.5583,10.2995,11.0211,12.8863,38.7669,18.1844,Valid,0,0,0,0,0,789.83029101,13078.246907630883,46411.04595292261,3110.930767559629,247.02831020999997,876.63448609,3.5487204951691176,11.402299999999999,1.089913953790237,12.8863,10.2995,2.5868,11.0211,-0.7216000000000005,-2.5868,-1.8651999999999997,0.7216000000000005,2.5868,1.8651999999999997,0.22686648949190175,0.09558719365417885,-1.1027999999999984,-0.381199999999998,1.4840000000000018,27.364600000000003,27.364600000000003,3.399919016345912,0.014436392368521154,0.0008718523269716787,0.00024568073754080715,52.8944,54.3784
TRN-0088,21.3183,62.0168,39.4007,45.0831,14.2689,14.0302,18.1343,40.939,26.3719,Valid,0,0,0,0,0,1322.09274744,59604.03954211227,173393.36623817417,8133.545268836112,961.09505073,2795.9095960800005,2.9090873611363306,15.477800000000002,1.8809551846513157,18.1343,14.0302,4.104099999999999,14.2689,0.2386999999999997,-3.8653999999999993,-4.104099999999999,0.2386999999999997,3.8653999999999993,4.104099999999999,0.26516040618431513,0.12152599614449854,-1.2089000000000016,-1.4476000000000013,2.6564999999999976,25.461199999999998,25.461199999999998,2.645013978406881,0.011707045529342016,0.00025967703059462497,8.926408394800028e-05,54.8785,57.535
TRN-0714,12.6513,81.3865,47.8621,12.0248,10.6411,12.7964,12.6118,35.1179,32.4503,Valid,0,0,0,0,0,1029.64502745,12381.27552608076,79649.4178940798,6295.74917979422,152.12935224000003,978.6563852,6.4330538021346575,12.016433333333334,0.9754231981840273,12.7964,10.6411,2.1553000000000004,12.6118,-2.1553000000000004,-1.9707000000000008,0.18459999999999965,2.1553000000000004,1.9707000000000008,0.18459999999999965,0.17936269114551262,0.08117409633556805,-1.3753333333333337,0.7799666666666667,0.595366666666667,23.101466666666667,23.101466666666667,2.922489236477055,0.01167046215084683,0.000970532745761983,0.0001508665555994682,59.87853333333333,60.6585
TRN-0583,19.3493,72.3037,40.4559,57.2611,13.905,14.4979,17.3418,64.2767,27.6727,Valid,0,0,0,0,0,1399.02598241,80109.76668137725,299351.0120366265,15470.895410466068,1107.96220223,4140.18939607,3.7367603098427176,15.248233333333332,1.5000330314881587,17.3418,13.905,3.4368,14.4979,-0.5929000000000002,-3.4368,-2.8438999999999997,0.5929000000000002,3.4368,2.8438999999999997,0.22539003040417602,0.09837421164291911,-1.3432333333333322,-0.750333333333332,2.0935666666666677,49.028466666666674,49.028466666666674,4.215353633403195,0.010899178081144092,0.00019034175188388955,5.093763748965287e-05,55.70413333333333,57.7977
TRN-0421,30.2288,73.786,34.6741,38.9915,19.161,18.1341,24.232,66.364,30.0385,Valid,0,0,0,0,0,2230.4622368,86969.06830618721,212284.300866734,7022.584219160198,1178.6662552,2877.026819,2.440917190198844,20.509033333333335,2.6657070986054627,24.232,18.1341,6.097899999999999,19.161,1.0269000000000013,-5.070999999999998,-6.097899999999999,1.0269000000000013,5.070999999999998,6.097899999999999,0.2973275045958201,0.12997721176334903,-1.3480333333333334,-2.3749333333333347,3.7229666666666645,45.85496666666667,45.85496666666667,3.235842259629874,0.009194969986832087,0.00023581985793952044,9.661116365883178e-05,55.18313333333334,58.9061
TRN-0511,18.3138,67.2527,31.9498,12.166,12.4674,13.1687,15.4053,43.7563,22.7241,Valid,0,0,0,0,0,1231.65249726,14984.284281665161,55025.91354659015,3004.614582553897,222.8056908,818.1963482000001,3.6722414969999946,13.680466666666666,1.25279499342692,15.4053,12.4674,2.937900000000001,13.1687,-0.7012999999999998,-2.937900000000001,-2.236600000000001,0.7012999999999998,2.937900000000001,2.236600000000001,0.21475143040309816,0.09157545077785866,-1.2130666666666663,-0.5117666666666665,1.7248333333333346,30.075833333333335,30.075833333333335,3.1984505987770455,0.011107407881682175,0.000912987661512346,0.0002486186195679399,45.630266666666664,47.3551
TRN-0449,21.696,104.8557,37.7763,13.4195,16.5054,17.709,20.0948,50.7071,47.5433,Valid,0,0,0,0,0,2274.9492672,30528.6816911904,147543.61581890454,6800.498203282002,291.149472,1407.11106615,4.832950551578606,18.103066666666667,1.4916242809620501,20.0948,16.5054,3.5893999999999977,17.709,-1.203599999999998,-3.5893999999999977,-2.3857999999999997,1.203599999999998,3.5893999999999977,2.3857999999999997,0.19827578762295578,0.08239621639975366,-1.5976666666666652,-0.39406666666666723,1.9917333333333325,32.604033333333334,32.604033333333334,2.8010225081005142,0.007957569392740917,0.000592985535674069,0.00012269637399129303,55.87936666666667,57.8711
TRN-0038,27.7592,101.5552,34.2606,17.1922,19.2427,19.2265,23.8862,59.3814,45.698,Valid,0,0,0,0,0,2819.09110784,48466.37814420684,177311.04375164106,6387.469284567703,477.24171824,1745.95730944,3.658433828841111,20.785133333333334,2.1927952425056816,23.8862,19.2265,4.659699999999997,19.2427,0.016199999999997772,-4.6434999999999995,-4.659699999999997,0.016199999999997772,4.6434999999999995,4.659699999999997,0.22418426194759725,0.10549824732135953,-1.542433333333335,-1.5586333333333329,3.1010666666666644,38.596266666666665,38.596266666666665,2.856916825635783,0.007372990985696097,0.00042885674830209924,0.00011722413276371985,55.04573333333333,58.1468
TRN-0891,31.2092,24.7295,37.9771,7.605,16.1873,13.7588,21.489,46.4701,20.3503,Valid,0,0,0,0,0,771.7879114,5869.447066197,4650.8238347512515,149.0209196560736,237.345966,188.06784750000003,0.7923785040187348,17.145033333333334,3.227686257298803,21.489,13.7588,7.7302,16.1873,2.4284999999999997,-5.3017,-7.7302,2.4284999999999997,5.3017,7.7302,0.4508710714548389,0.18825778908027865,-0.9577333333333335,-3.386233333333333,4.343966666666667,29.325066666666668,29.325066666666668,2.7104116035307637,0.02221469532998783,0.002921064477973234,0.0036864508179256547,55.12213333333334,59.4661
TRN-0313,28.2726,86.4153,41.69,52.7211,18.8426,18.6702,23.9336,60.1178,37.4216,Valid,0,0,0,0,0,2443.18521078,128807.41181605346,393700.30115050636,13925.153230525424,1490.56257186,4555.90967283,3.0565033616822164,20.482133333333334,2.4415701305148323,23.9336,18.6702,5.263399999999997,18.8426,0.17239999999999966,-5.0909999999999975,-5.263399999999997,0.17239999999999966,5.0909999999999975,5.263399999999997,0.2569751723302663,0.11920486853468862,-1.6395333333333326,-1.8119333333333323,3.451466666666665,39.635666666666665,39.635666666666665,2.9351335667280636,0.008383373161632282,0.0001590136238621449,5.202468292106097e-05,62.172133333333335,65.6236
TRN-0255,17.4922,39.68,34.5857,26.5506,10.8434,10.4393,14.1841,51.656,17.2442,Valid,0,0,0,0,0,694.090496,18428.5191230976,41803.98342144,2389.864112665982,464.42840532,1053.527808,2.2684395177027747,11.822266666666666,1.67819679484327,14.1841,10.4393,3.7448000000000015,10.8434,0.40410000000000146,-3.3407,-3.7448000000000015,0.40410000000000146,3.3407,3.7448000000000015,0.31675818088255675,0.14195219074382912,-0.978866666666665,-1.3829666666666665,2.361833333333335,39.833733333333335,39.833733333333335,4.369381700403051,0.017032745323217795,0.000641520167033257,0.00028280239581954714,46.40796666666667,48.769800000000004
TRN-0647,21.852,64.5289,34.5926,11.2937,14.1639,13.9786,17.7505,39.2504,23.9903,Valid,0,0,0,0,0,1410.0855227999998,15925.082868846357,47026.72890058116,2152.0559559090793,246.7899324,728.7700379299998,2.9529973021692606,15.297666666666666,1.7360640432375243,17.7505,13.9786,3.7718999999999987,14.1639,0.1852999999999998,-3.586599999999999,-3.7718999999999987,0.1852999999999998,3.586599999999999,3.7718999999999987,0.2465669984594383,0.11348553786538164,-1.1337666666666664,-1.3190666666666662,2.4528333333333325,23.952733333333335,23.952733333333335,2.565776748146117,0.010848750950539094,0.0009606020132951594,0.0003252972729334853,49.89026666666666,52.34309999999999
TRN-0423,18.2339,55.7219,24.4936,48.8595,12.3715,12.2858,15.7123,45.9793,18.5143,Valid,0,0,0,0,0,1016.0275524099999,49642.59819697639,151705.3341562748,8319.960394447398,890.8992370499999,2722.5441730499997,3.05595056153919,13.456533333333333,1.5954515689574817,15.7123,12.2858,3.4265000000000008,12.3715,0.08569999999999922,-3.3408000000000015,-3.4265000000000008,0.08569999999999922,3.3408000000000015,3.4265000000000008,0.25463465667472635,0.1185633335773068,-1.0850333333333335,-1.1707333333333327,2.255766666666668,32.52276666666667,32.52276666666667,3.41687531581621,0.01324426024488254,0.00027106827244755027,8.870178104207448e-05,37.95013333333333,40.2059
TRN-0398,23.6081,38.436,51.5397,28.3981,20.9822,13.0628,17.4497,57.6559,26.8098,Invalid,0,0,0,0,0,907.4009316,25768.46239566996,41953.2542068176,1777.070261043766,670.42518461,1091.5093716,1.6280852068533593,17.1649,3.239347400326183,20.9822,13.0628,7.9193999999999996,17.4497,7.9193999999999996,3.532499999999999,-4.386900000000001,7.9193999999999996,3.532499999999999,4.386900000000001,0.461371725942375,0.18871925916299678,3.8172999999999995,-4.1021,0.2848000000000006,40.491,40.491,3.3589415983232294,0.018916555387282836,0.0006661204590235158,0.0004091434698956316,68.7046,72.5219
TRN-0289,12.2869,55.9791,39.0557,27.4659,9.2859,10.2734,11.2989,58.2312,17.4577,Valid,0,0,0,0,0,687.80960379,18891.30979673576,86068.78221865979,7004.9219260950995,337.47076671,1537.51636269,4.555998294443816,10.286066666666667,0.8218526158759989,11.2989,9.2859,2.013,10.2734,-0.9875000000000007,-2.013,-1.0254999999999992,0.9875000000000007,2.013,1.0254999999999992,0.1957016097146033,0.07989959258573796,-1.0001666666666669,-0.01266666666666616,1.012833333333333,47.94513333333333,47.94513333333333,5.661172168709889,0.01495481684907145,0.0005444866860369583,0.00011950984319047481,49.34176666666667,50.354600000000005
TRN-0579,25.8539,97.7032,34.2355,28.4083,18.1987,18.5238,22.5244,42.8963,41.4578,Valid,0,0,0,0,0,2526.00876248,71759.61472716059,271183.225339725,10489.064119945573,734.46534737,2775.58181656,3.7790505966585077,19.748966666666664,1.9670104462243092,22.5244,18.1987,4.325700000000001,18.5238,-0.3251000000000026,-4.325700000000001,-4.000599999999999,0.3251000000000026,4.325700000000001,4.000599999999999,0.21903423373876613,0.09960067176292621,-1.5502666666666656,-1.225166666666663,2.7754333333333356,23.147333333333332,23.147333333333332,2.172078091575521,0.007818249466189166,0.00027521004316257276,7.282517803914054e-05,53.98446666666666,56.7599
TRN-0275,17.8668,47.0833,25.1341,36.193,11.1437,10.8196,14.0121,38.2814,17.1723,Valid,0,0,0,0,0,841.2279044400001,30446.561545396922,80233.98656784577,4490.674439584666,646.6530924,1704.0858769,2.6352395148969308,11.9918,1.4346821413353785,14.0121,10.8196,3.192500000000001,11.1437,0.3241000000000014,-2.8683999999999994,-3.192500000000001,0.3241000000000014,2.8683999999999994,3.192500000000001,0.26622356391671287,0.11963858817665325,-0.8480999999999987,-1.1722000000000001,2.0203000000000007,26.2896,26.2896,3.1922978041413463,0.014255114366097672,0.00039386385164465713,0.0001494603535586542,37.1259,39.1462
TRN-0885,9.8693,34.1735,47.1174,41.4493,7.4965,8.2213,9.6744,50.7342,17.5958,Valid,0,0,0,0,0,337.26852355,13979.544213181016,48405.65735859092,4904.669272787497,409.07557649000006,1416.46765355,3.462605913022614,8.464066666666668,0.9055436096008237,9.6744,7.4965,2.1779,8.2213,-0.7247999999999992,-2.1779,-1.453100000000001,0.7247999999999992,2.1779,1.453100000000001,0.2573112699201405,0.10698681121927353,-0.9675666666666674,-0.24276666666666813,1.2103333333333328,42.270133333333334,42.270133333333334,5.99406833664649,0.025095928171654427,0.0006054608460038789,0.00017485697185743576,55.58146666666667,56.7918
TRN-0201,13.0583,62.9442,42.9019,15.9798,9.9293,11.3912,12.1505,38.707,23.7241,Valid,0,0,0,0,0,821.94424686,13134.504675973427,63311.525177504474,4848.373856407849,208.66902233999997,1005.83572716,4.820244226258838,11.156999999999998,0.9217988175301591,12.1505,9.9293,2.2211999999999996,11.3912,-1.4619,-2.2211999999999996,-0.7592999999999996,1.4619,2.2211999999999996,0.7592999999999996,0.19908575790214594,0.08262066280447222,-1.2276999999999987,0.2342000000000013,0.9935000000000009,27.550000000000004,27.550000000000004,3.469301472680697,0.013573913351237839,0.0008494420059524389,0.00017622383868566197,54.058899999999994,55.0524
TRN-0171,15.6952,76.0224,22.3138,52.257,12.0119,20.1057,14.6344,67.6222,22.1384,Invalid,0,0,0,0,0,1193.1867724800002,62352.36116948737,302014.3828540724,19242.46671667807,820.1840664,3972.7025568,4.843671642051606,15.583999999999998,3.371815013707997,20.1057,12.0119,8.093799999999998,14.6344,-8.093799999999998,-2.6224999999999987,5.471299999999999,8.093799999999998,2.6224999999999987,5.471299999999999,0.5193659831002321,0.21636388586653696,-3.572099999999997,4.521700000000001,-0.9495999999999984,52.03820000000001,52.03820000000001,4.339206600410256,0.013060821948728391,0.0002499344003571788,5.160019152954808e-05,37.8978,42.4195
TRN-0689,31.6492,35.4878,43.8532,18.733,17.3536,15.3904,23.1375,33.0242,22.6997,Valid,0,0,0,0,0,1123.16047976,21040.16526734408,23592.03951361972,745.4229101587657,592.8844636,664.7929574,1.1212858106591694,18.627166666666668,3.2884513724379274,23.1375,15.3904,7.7471,17.3536,1.9632000000000005,-5.783899999999999,-7.7471,1.9632000000000005,5.783899999999999,7.7471,0.41590327303830743,0.17654060087313295,-1.2735666666666674,-3.236766666666668,4.510333333333332,14.397033333333333,14.397033333333333,1.7729050702161677,0.01658459942791289,0.0008853146555218422,0.0007895530462774795,62.48036666666667,66.9907
TRN-0769,8.373,78.0065,31.6603,24.9763,8.6715,10.7605,10.2026,45.9541,23.1383,Valid,0,0,0,0,0,653.1484244999999,16313.230994839347,151981.13622344867,18151.333819672145,209.12655989999996,1948.3137459499999,9.316432662554323,9.878200000000001,0.8831408985358264,10.7605,8.6715,2.0890000000000004,10.2026,-2.0890000000000004,-1.5311000000000003,0.5579000000000001,2.0890000000000004,1.5311000000000003,0.5579000000000001,0.21147575353042525,0.08940300956984236,-1.2067000000000014,0.882299999999999,0.3243999999999989,36.0759,36.0759,4.652071768938494,0.015123974297936974,0.000605533018107781,6.499622417226625e-05,41.5385,42.4208
TRN-0575,29.1671,81.9158,28.8445,36.8917,18.8973,18.0038,23.9664,39.8755,31.127,Valid,0,0,0,0,0,2389.2463301800003,88143.35883910152,247550.622241912,8487.323517065066,1076.02390307,3022.0131188600003,2.8084998917101838,20.289166666666667,2.6256579243221227,23.9664,18.0038,5.962600000000002,18.8973,0.8935000000000031,-5.069099999999999,-5.962600000000002,0.8935000000000031,5.069099999999999,5.962600000000002,0.29388095647689055,0.12941181064986956,-1.3918666666666653,-2.2853666666666683,3.6772333333333336,19.586333333333336,19.586333333333336,1.9653590849619706,0.008491868921965138,0.00023018372494146378,8.195966741201595e-05,49.13366666666667,52.810900000000004
TRN-0428,20.4699,69.9818,34.8688,27.8474,14.2195,14.1737,17.3693,40.4876,25.319,Valid,0,0,0,0,0,1432.52044782,39891.96991862267,136381.3140489728,6662.529244717539,570.03349326,1948.8111773200003,3.4187659236847314,15.254166666666668,1.4957419949829431,17.3693,14.1737,3.195599999999999,14.2195,0.04579999999999984,-3.149799999999999,-3.195599999999999,0.04579999999999984,3.149799999999999,3.195599999999999,0.20949028946253215,0.0980546449775448,-1.0346666666666682,-1.080466666666668,2.115133333333331,25.23343333333333,25.23343333333333,2.654199225072982,0.01064848091992814,0.00038238689885212253,0.00011184938914048915,50.12296666666667,52.2381
TRN-0272,30.9147,51.0044,42.4644,18.3643,17.8293,16.553,23.1521,40.4619,23.6436,Valid,0,0,0,0,0,1576.78572468,28956.566083740923,47773.78655337284,1545.3420220164135,567.72682521,936.66010292,1.6498429016020564,19.178133333333335,2.8579180911207995,23.1521,16.553,6.5991,17.8293,1.276299999999999,-5.322800000000001,-6.5991,1.276299999999999,5.322800000000001,6.5991,0.3440949930426843,0.149019609595365,-1.348833333333335,-2.625133333333334,3.9739666666666658,21.283766666666665,21.283766666666665,2.1097933353023577,0.012162802479114674,0.0006623068936146931,0.00040143632557796316,61.64253333333333,65.6165
TRN-0763,20.5583,61.5323,30.8158,8.7893,13.3374,13.3175,16.9269,36.3166,19.1371,Valid,0,0,0,0,0,1264.99948309,11118.459956722938,33278.2581047588,1618.7260856215114,180.69306619,540.82584439,2.9930634832129366,14.527266666666668,1.6968164511487056,16.9269,13.3175,3.609399999999999,13.3374,0.019899999999999807,-3.5894999999999992,-3.609399999999999,0.019899999999999807,3.5894999999999992,3.609399999999999,0.24845690757677,0.11680217437186151,-1.189866666666667,-1.2097666666666669,2.399633333333332,21.78933333333333,21.78933333333333,2.499891984735005,0.01148400995366185,0.0013065898264602693,0.0004365392749974712,45.343066666666665,47.7427
TRN-0727,15.8896,19.4607,45.5969,8.0754,8.3908,8.3681,11.4267,74.0864,16.6021,Valid,0,0,0,0,0,309.22273872,2497.097304259488,3058.306156794546,192.4721808177906,128.31487584,157.15293678,1.2247444098816578,9.3952,1.4365173186100706,11.4267,8.3681,3.0586,8.3908,0.022700000000000387,-3.0359,-3.0586,0.022700000000000387,3.0359,3.0586,0.3255491819706678,0.15289905118688474,-1.0044000000000004,-1.0271000000000008,2.0314999999999994,64.6912,64.6912,7.885557743788557,0.030383276496765144,0.0037624484957840647,0.0030720272972197186,54.9921,57.0236
TRN-0042,19.2353,48.7693,27.1839,20.7282,12.089,11.6227,15.3121,57.8987,17.8278,Valid,0,0,0,0,0,938.0921162899999,19444.961004882378,49300.87582389722,2563.0415569736715,398.71314546,1010.8998042600001,2.535406126475484,13.007933333333334,1.640375352032441,15.3121,11.6227,3.689399999999999,12.089,0.4663000000000004,-3.2230999999999987,-3.689399999999999,0.4663000000000004,3.2230999999999987,3.689399999999999,0.28362689305294,0.1261057528426259,-0.9189333333333334,-1.3852333333333338,2.3041666666666654,44.890766666666664,44.890766666666664,4.4510295421489285,0.01386637100300043,0.0006689616569248068,0.0002638479157963408,40.191833333333335,42.496
TRN-0773,18.149,40.6311,31.4089,53.4559,3.9127,10.9356,14.7335,61.6319,17.8539,Invalid,0,0,0,0,0,737.4138339000001,39419.12016357502,88249.61228046905,4862.50522992803,970.1711291,2171.97201849,2.238751323006704,9.8606,4.4824953548962725,14.7335,3.9127,10.820799999999998,10.9356,-7.022900000000001,-10.820799999999998,-3.7978999999999985,7.022900000000001,10.820799999999998,3.7978999999999985,1.0973773302458947,0.4545864247925936,-5.9479,1.075000000000001,4.8729,51.771300000000004,51.771300000000004,6.250318819309291,0.013371867373951813,0.0002501476430430701,0.00011173533509189777,41.2695,46.142399999999995
TRN-0764,30.7478,51.1431,43.5796,43.3897,17.9541,16.5559,23.4592,46.5817,23.6919,Valid,0,0,0,0,0,1572.53781018,68231.94382236715,113490.82295649461,3691.022423245636,1334.13781766,2219.08376607,1.6633091907938389,19.323066666666666,2.979870245870148,23.4592,16.5559,6.903299999999998,17.9541,1.3981999999999992,-5.505099999999999,-6.903299999999998,1.3981999999999992,5.505099999999999,6.903299999999998,0.3572569386541332,0.15421310411341077,-1.3689666666666653,-2.7671666666666646,4.136133333333333,27.258633333333332,27.258633333333332,2.4106783044783278,0.01228782324296993,0.0002831967782815703,0.00017026104986394961,62.90266666666666,67.0388
TRN-0620,24.1614,59.8066,29.9794,21.2834,15.3065,14.6956,19.4732,54.2948,20.9953,Valid,0,0,0,0,0,1445.01118524,30754.751059937018,76127.0909277289,3150.7730419990503,514.23674076,1272.8877904400001,2.4752952032872595,16.491766666666667,2.1228924047681312,19.4732,14.6956,4.777599999999998,15.3065,0.6108999999999991,-4.166699999999999,-4.777599999999998,0.6108999999999991,4.166699999999999,4.777599999999998,0.2896960529984019,0.12872437010248108,-1.1852666666666671,-1.7961666666666662,2.9814333333333316,37.80303333333333,37.80303333333333,3.292236532639325,0.011412898961411618,0.0005362347636626978,0.00021663466271299475,46.47116666666666,49.4526
TRN-0914,14.1881,60.8325,37.1535,41.5068,11.1654,11.9085,13.8926,32.8292,19.2031,Valid,0,0,0,0,0,863.09759325,35824.4191835091,153599.7758671575,10825.957319246423,588.90262908,2524.962411,4.28757167713988,12.322166666666668,1.151157401149913,13.8926,11.1654,2.7272,11.9085,-0.7431000000000001,-2.7272,-1.9840999999999998,0.7431000000000001,2.7272,1.9840999999999998,0.22132469495424004,0.09342166348409367,-1.1567666666666678,-0.41366666666666774,1.570433333333332,20.507033333333332,20.507033333333332,2.6642390274243684,0.014276678267622998,0.0003439599844788249,8.022255629619805e-05,49.47566666666667,51.0461
TRN-0982,12.4416,18.6756,38.7164,37.5457,7.2086,7.2314,9.6382,80.5135,14.96,Valid,0,0,0,0,0,232.35434496,8723.90652956467,13095.11548221595,1052.526558456259,467.1285811199999,701.1884749199999,1.5010608361415867,8.026066666666667,1.139988413196477,9.6382,7.2086,2.4295999999999998,7.2314,-0.022800000000000153,-2.4295999999999998,-2.4067999999999996,0.022800000000000153,2.4295999999999998,2.4067999999999996,0.3027136202813806,0.14203573412805895,-0.8174666666666672,-0.7946666666666671,1.6121333333333325,72.48743333333333,72.48743333333333,10.031500274335256,0.03454235656107918,0.0009200083286709819,0.0006129053750578757,46.742466666666665,48.3546
TRN-0113,31.1611,31.5237,42.6012,33.9683,17.1963,15.0119,22.7454,49.4543,22.1831,Valid,1,0,0,0,1,982.3131680700001,33367.508386952184,33755.78282338443,1083.2666927713633,1058.48959313,1070.8064987100001,1.011636270489929,18.31786666666667,3.255271560953948,22.7454,15.0119,7.733499999999999,17.1963,2.1844,-5.549099999999999,-7.733499999999999,2.1844,5.549099999999999,7.733499999999999,0.42218341898346484,0.1777101800379102,-1.12156666666667,-3.30596666666667,4.427533333333329,31.136433333333333,31.136433333333333,2.699784762065555,0.018647685120631148,0.0005489731643637078,0.0005426586242116196,60.919066666666666,65.3466
TRN-0258,14.7553,71.7787,35.4516,36.6047,11.449,12.6512,14.0301,53.4391,24.268,Valid,0,0,0,0,0,1059.11625211,38768.63267361092,188594.06817139036,12781.44499874251,540.1133299100001,2627.43777989,4.864604253074878,12.710099999999999,1.0545524200658145,14.0301,11.449,2.5810999999999993,12.6512,-1.2021999999999995,-2.5810999999999993,-1.3788999999999998,1.2021999999999995,2.5810999999999993,1.3788999999999998,0.20307470412705608,0.08296963337001136,-1.261099999999999,-0.05889999999999951,1.3200000000000003,40.729000000000006,40.729000000000006,4.204459114841024,0.012000665614070153,0.00032784493863059766,6.739395423816793e-05,48.161699999999996,49.4817
TRN-0002,18.4463,56.7764,23.0633,12.8259,11.8108,11.7818,14.6466,34.3554,17.3604,Valid,0,0,0,0,0,1047.31450732,13432.75113943559,41345.053034649274,2241.373651804189,236.59039917,728.2084287600001,3.0779287402932436,12.7464,1.3436964637397337,14.6466,11.7818,2.864799999999999,11.8108,0.028999999999999915,-2.835799999999999,-2.864799999999999,0.028999999999999915,2.835799999999999,2.864799999999999,0.22475363830150952,0.10541771467410557,-0.9355999999999991,-0.964599999999999,1.9002,21.609,21.609,2.695301991519018,0.012170556121146963,0.0009489046485518875,0.0003082932313331312,35.8097,37.709900000000005
TRN-0283,28.9197,27.591,41.9035,37.8014,15.9737,14.1276,21.1828,66.5722,21.6272,Valid,0,0,0,0,0,797.9234427,30162.62322687978,28776.8177903934,995.0593123488172,1093.20514758,1042.9784274,0.9540555070054147,17.0947,2.9873558553789117,21.1828,14.1276,7.055200000000001,15.9737,1.8460999999999999,-5.209100000000001,-7.055200000000001,1.8460999999999999,5.209100000000001,7.055200000000001,0.41271268798442284,0.17475332592122622,-1.1210000000000004,-2.9671000000000003,4.088100000000001,49.47749999999999,49.47749999999999,3.8943178941825303,0.021423985139139734,0.0005667511035379411,0.000594044140805336,58.9982,63.0863
TRN-0677,21.058,68.7623,28.9605,26.7195,14.1566,14.0598,17.9396,38.7286,23.3267,Valid,0,0,0,0,0,1447.9965134,38689.742839791295,126336.58011551815,5999.457408873623,562.659231,1837.29427485,3.2653764239065235,15.385333333333334,1.806571562072449,17.9396,14.0598,3.8797999999999995,14.1566,0.0968,-3.7829999999999995,-3.8797999999999995,0.0968,3.7829999999999995,3.8797999999999995,0.2521752154318908,0.11742166422463719,-1.2287333333333343,-1.3255333333333343,2.554266666666665,23.343266666666665,23.343266666666665,2.517241365115606,0.010625255779506132,0.00039765922964761345,0.00012178051138588439,44.34583333333333,46.900099999999995
TRN-0486,17.1442,103.7046,38.9918,21.6489,14.2967,16.3271,17.2076,33.04,45.6002,Valid,0,0,0,0,0,1777.93240332,38490.280806234354,232826.2138156467,13580.464543996344,371.15307138000003,2245.09051494,6.048960811880354,15.943800000000001,1.2188857944860956,17.2076,14.2967,2.9109,16.3271,-2.030400000000002,-2.9109,-0.8804999999999978,2.030400000000002,2.9109,0.8804999999999978,0.1825725245818108,0.07644888408266608,-1.6471000000000018,0.3833000000000002,1.263799999999998,17.096199999999996,17.096199999999996,2.072278749590515,0.008967607520544615,0.000414229246075111,6.847940246348689e-05,54.9356,56.1994
TRN-0554,10.2715,99.3761,29.1666,35.7966,10.8652,13.1476,12.3766,44.9502,36.6035,Valid,0,0,0,0,0,1020.7416111499999,36539.07915769208,353513.2341218638,34416.90110548242,367.6847769,3557.3265012599995,9.674934559223622,12.129799999999998,0.9479873838822965,13.1476,10.8652,2.282400000000001,12.3766,-2.282400000000001,-1.5114,0.7710000000000008,2.282400000000001,1.5114,0.7710000000000008,0.18816466980785598,0.07815358091054393,-1.264599999999998,1.017800000000003,0.24680000000000213,32.82040000000001,32.82040000000001,3.705765659304717,0.011883320769544075,0.00033196786233499005,3.431215250002289e-05,41.2964,42.3142
TRN-0341,21.6849,99.1059,37.2354,56.2871,16.3468,17.5527,19.8958,75.1837,42.9304,Valid,0,0,0,0,0,2149.10153091,120966.69278048426,552850.737519352,25494.731911358598,1220.58013479,5578.38370389,4.570272190774586,17.931766666666668,1.4734582684585567,19.8958,16.3468,3.5489999999999995,17.5527,-1.2058999999999997,-3.5489999999999995,-2.3430999999999997,1.2058999999999997,3.5489999999999995,2.3430999999999997,0.19791690735527592,0.08217027433372147,-1.5849666666666664,-0.37906666666666666,1.964033333333333,57.251933333333334,57.251933333333334,4.192765676958823,0.008343843415685405,0.00014823722344016495,3.243509585805074e-05,55.16716666666667,57.1312
TRN-0757,12.9334,15.2952,32.5392,39.5942,7.6572,7.2149,10.2342,59.5475,14.0025,Valid,0,0,0,0,0,197.81893968,7832.482661477856,9262.791594154369,716.191479267856,512.08762628,605.60120784,1.1826123693218822,8.368766666666666,1.3313623256733014,10.2342,7.2149,3.0192999999999994,7.6572,0.44229999999999947,-2.577,-3.0192999999999994,0.44229999999999947,2.577,3.0192999999999994,0.36078191201627735,0.15908702197292468,-0.7115666666666662,-1.1538666666666657,1.8654333333333337,51.178733333333334,51.178733333333334,7.115444277080542,0.04230518391160695,0.0010684692232716866,0.0009034821285458486,40.90796666666667,42.7734
TRN-0910,22.2869,17.8971,31.6443,8.5715,11.595,10.1133,15.6096,37.8492,16.575,Valid,0,0,0,0,0,398.87087798999994,3418.9217306912847,2745.5044939563145,123.18915464991362,191.03216335,153.40499265,0.803032238533298,12.439300000000001,2.3219187884161667,15.6096,10.1133,5.4963,11.595,1.4817,-4.0146,-5.4963,1.4817,4.0146,5.4963,0.4418495862428282,0.18665990865693874,-0.8443000000000005,-2.3260000000000005,3.1702999999999992,25.4099,25.4099,3.04271116198571,0.031186282717600614,0.003638369338699802,0.004530788429904913,44.083600000000004,47.2539
TRN-0106,19.2836,88.3661,34.5776,29.6362,14.6148,15.6203,17.6864,63.2426,32.9814,Valid,0,0,0,0,0,1704.01652596,50500.574566655756,231416.27197279342,12000.677257986898,571.49262632,2618.83541282,4.582448060401167,15.973833333333333,1.2786505916612065,17.6864,14.6148,3.0715999999999983,15.6203,-1.0054999999999996,-3.0715999999999983,-2.0660999999999987,1.0054999999999996,3.0715999999999983,2.0660999999999987,0.19228946137186045,0.08004656646482101,-1.3590333333333326,-0.35353333333333303,1.7125666666666657,47.26876666666667,47.26876666666667,3.9591370913387256,0.009374224416608784,0.0003163099325124142,6.902640508849904e-05,50.55143333333333,52.263999999999996
TRN-0712,17.6549,68.982,18.0,22.2576,12.4869,12.6826,15.3412,36.2488,19.2082,Valid,0,0,0,0,0,1217.8703118,27106.87025191968,105913.1529330624,5999.079401978091,392.95570224000005,1535.3737632,3.9072436599899367,13.503566666666666,1.3018568337400067,15.3412,12.4869,2.8543000000000003,12.6826,-0.19570000000000043,-2.8543000000000003,-2.6586,0.19570000000000043,2.8543000000000003,2.6586,0.21137376954431034,0.09640836154386213,-1.0166666666666657,-0.8209666666666653,1.8376333333333346,22.74523333333334,22.74523333333334,2.6843868890648483,0.011087852725156487,0.0004981603018228265,0.00012749659785006576,31.503566666666664,33.3412
TRN-0153,22.4912,79.1664,32.2276,32.3848,14.9495,15.17,18.2547,47.7372,28.3823,Valid,0,0,0,0,0,1780.5473356799998,57662.66935652966,202965.8687551918,9024.234355257053,728.3730137599999,2563.78803072,3.519883175647223,16.124733333333335,1.5088016355888387,18.2547,14.9495,3.3051999999999992,15.17,-0.22049999999999947,-3.3051999999999992,-3.0846999999999998,0.22049999999999947,3.3051999999999992,3.0846999999999998,0.20497702049995523,0.09357063529845681,-1.1752333333333347,-0.9547333333333352,2.1299666666666646,31.612466666666666,31.612466666666666,2.9604952871264874,0.009056054282386806,0.0002796390370579982,7.944554142106921e-05,48.352333333333334,50.4823
TRN-0911,25.7853,107.8744,42.3302,30.393,18.8495,19.658,23.141,55.7069,53.2861,Valid,0,0,0,0,0,2781.57376632,84540.37147976375,353679.88152771647,13716.337130511545,783.6926229,3278.6266391999998,4.183561789718879,20.5495,1.8619563636132823,23.141,18.8495,4.291499999999999,19.658,-0.8085000000000022,-4.291499999999999,-3.482999999999997,0.8085000000000022,4.291499999999999,3.482999999999997,0.20883718782271157,0.09060834925447982,-1.6999999999999993,-0.8914999999999971,2.5915,35.157399999999996,35.157399999999996,2.7108638793710855,0.007387724259349448,0.000243073216264206,5.8101976033181616e-05,62.8797,65.4712
TRN-0174,27.0115,19.8225,30.4787,8.767,14.3092,12.2228,19.1565,43.2094,18.0087,Valid,0,0,0,0,0,535.4354587500001,4694.162666861251,3444.83051529375,127.53199147628818,236.8098205,173.7838575,0.7338540720117701,15.229500000000002,2.90450948124923,19.1565,12.2228,6.933700000000002,14.3092,2.086400000000001,-4.847300000000001,-6.933700000000002,2.086400000000001,4.847300000000001,6.933700000000002,0.45528083947070896,0.19071599793382787,-0.920300000000001,-3.006700000000002,3.9269999999999996,27.9799,27.9799,2.837217056553593,0.028443203980384118,0.003244348583032562,0.00442097221560416,45.708200000000005,49.6352
TRN-0798,21.3849,49.8346,40.9968,7.0434,13.0234,12.6558,16.9012,45.477,19.6213,Valid,0,0,0,0,0,1065.7079375399999,7506.207287269235,17492.194851420743,817.9694098850747,150.62240466,351.00502164,2.3303638394210946,14.193466666666666,1.9205289711141793,16.9012,12.6558,4.2454,13.0234,0.36760000000000126,-3.877799999999999,-4.2454,0.36760000000000126,3.877799999999999,4.2454,0.299109428344302,0.1353107652208585,-1.1700666666666653,-1.5376666666666665,2.7077333333333335,31.28353333333333,31.28353333333333,3.2040795856253403,0.013318345630521857,0.0018908972429855936,0.0008114171369810937,55.190266666666666,57.897999999999996
TRN-0857,25.8889,64.2977,19.4549,21.4721,15.9859,15.0523,29.8671,25.7966,21.1871,Invalid,0,0,0,0,0,1664.5967255300002,35742.38735025272,88769.83182484943,3428.8760200693505,555.88904969,1380.6066441700002,2.4836009840664928,20.30176666666667,6.774442342280942,29.8671,15.0523,14.8148,15.9859,0.9336000000000002,-13.8812,-14.8148,0.9336000000000002,13.8812,14.8148,0.7297295606591103,0.33368731499197735,-4.315866666666668,-5.2494666666666685,9.565333333333331,5.494833333333332,5.494833333333332,1.270657827611497,0.012196207251342794,0.0005680025362367161,0.00022870119554236753,39.75666666666667,49.322
TRN-0912,15.3119,79.2943,26.7302,8.6535,11.6835,12.8236,13.7694,48.9846,24.2523,Valid,0,0,0,0,0,1214.1463921700001,10506.615804643096,54409.62555908222,3553.420673179785,132.50152665,686.17322505,5.17860584391187,12.758833333333333,0.8527956939124134,13.7694,11.6835,2.0858999999999988,12.8236,-1.1401000000000003,-2.0858999999999988,-0.9457999999999984,1.1401000000000003,2.0858999999999988,0.9457999999999984,0.16348672186693744,0.06683962434439845,-1.075333333333333,0.0647666666666673,1.0105666666666657,36.225766666666665,36.225766666666665,3.839269224777405,0.010508480200662994,0.0012143618429904493,0.00023449588564516586,39.48903333333333,40.4996
TRN-0380,15.1884,71.8888,38.7611,15.9947,11.6315,12.6786,14.3525,73.3601,25.6345,Valid,0,0,0,0,0,1091.87584992,17464.226656715426,82660.60264934319,5442.350557464422,242.93390148,1149.83978936,4.733138136134278,12.887533333333332,1.1206248564479049,14.3525,11.6315,2.7209999999999983,12.6786,-1.0470999999999986,-2.7209999999999983,-1.6738999999999997,1.0470999999999986,2.7209999999999983,1.6738999999999997,0.21113425808396802,0.08695417039933176,-1.2560333333333311,-0.20893333333333253,1.4649666666666672,60.47256666666667,60.47256666666667,5.692330131005407,0.011803112343289273,0.0007379389643709084,0.0001559090173567689,51.64863333333333,53.1136
TRN-0218,8.8571,87.1286,18.0,17.6708,9.0364,10.8602,10.0128,70.0394,23.7821,Valid,0,0,0,0,0,771.7067230600002,13636.67516184865,134145.98632810358,15145.58616053984,156.51204268,1539.6320648800001,9.83714648845034,9.9698,0.7451838073030485,10.8602,9.0364,1.8238000000000003,10.0128,-1.8238000000000003,-0.9763999999999999,0.8474000000000004,1.8238000000000003,0.9763999999999999,0.8474000000000004,0.18293243766851522,0.07474410043922126,-0.9333999999999989,0.8904000000000014,0.04300000000000104,60.0696,60.0696,7.025155266388969,0.012919156577447221,0.0007311019644408209,7.432052402627126e-05,27.9698,28.8602
TRN-0254,13.266,83.9721,38.084,37.6982,2.2307,13.2155,13.7599,62.2599,29.6875,Invalid,0,0,0,0,0,1113.9738786,41994.81007023852,265821.82954161585,20037.826737810126,500.1043212,3165.59702022,6.329872883320301,9.735366666666666,5.31125278211794,13.7599,2.2307,11.5292,13.2155,-10.9848,-11.5292,-0.5443999999999996,10.9848,11.5292,0.5443999999999996,1.1842593310035237,0.5455626293707798,-7.504666666666665,3.4801333333333346,4.024533333333334,52.52453333333334,52.52453333333334,6.39522842195003,0.008739313232517077,0.00023182309076173776,3.662365383391478e-05,47.81936666666667,51.843900000000005
TRN-0441,27.9046,55.7218,18.2324,29.9988,16.6567,15.1526,21.3154,66.3078,20.3549,Valid,0,0,0,0,0,1554.89454028,46644.970334951664,93143.84395440572,3337.9385698582723,837.1045144799999,1671.58713384,1.9968678283556178,17.708233333333336,2.623524057869915,21.3154,15.1526,6.162800000000001,16.6567,1.504100000000001,-4.6587,-6.162800000000001,1.504100000000001,4.6587,6.162800000000001,0.3480188868067648,0.14815277505852115,-1.0515333333333352,-2.5556333333333363,3.6071666666666644,48.59956666666666,48.59956666666666,3.744461404330109,0.011388703775855945,0.0003796386449770061,0.00019011705531297882,35.94063333333334,39.547799999999995
TRN-0932,29.9543,57.0808,34.5208,8.0607,17.8131,16.3751,22.8791,57.4385,22.5047,Valid,0,0,0,0,0,1709.8154074400002,13782.309054751611,26263.515645248455,876.7861298198363,241.45262601000002,460.1112045600001,1.9055961279149862,19.022433333333332,2.789548270877484,22.8791,16.3751,6.504000000000001,17.8131,1.4379999999999988,-5.0660000000000025,-6.504000000000001,1.4379999999999988,5.0660000000000025,6.504000000000001,0.34191207529116985,0.1466451781089506,-1.2093333333333334,-2.647333333333332,3.856666666666669,38.416066666666666,38.416066666666666,3.0195136433905065,0.011125430990640681,0.001380206557289101,0.0007242912026536151,53.54323333333333,57.3999
TRN-0509,22.5729,70.2702,32.0218,35.5626,15.1305,15.0361,18.9293,63.9696,25.2925,Valid,0,0,0,0,0,1586.20219758,56409.47427165852,175604.59838852333,7779.443075948604,802.7510135400001,2498.99101452,3.1130336326730887,16.3653,1.8134313404887072,18.9293,15.0361,3.893200000000002,15.1305,0.09440000000000026,-3.7988000000000017,-3.893200000000002,0.09440000000000026,3.7988000000000017,3.893200000000002,0.2378935773928021,0.11080953173355669,-1.2348000000000017,-1.329200000000002,2.564,47.604299999999995,47.604299999999995,3.908855694129915,0.01031728490519717,0.00029011615887248584,9.31940288015622e-05,48.387100000000004,50.9511
TRN-0673,17.8631,28.0256,37.8335,24.0583,10.3804,9.9369,13.4418,45.0497,16.9981,Valid,0,0,0,0,0,500.62409536,12044.164673399488,18896.21294572749,1057.83497197533,429.75581873,674.24829248,1.5689101237237588,11.253033333333335,1.5582463868792458,13.4418,9.9369,3.504900000000001,10.3804,0.4435000000000002,-3.061400000000001,-3.504900000000001,0.4435000000000002,3.061400000000001,3.504900000000001,0.3114626594195943,0.13847344109343596,-0.8726333333333347,-1.316133333333335,2.188766666666666,33.79666666666667,33.79666666666667,4.003338003382376,0.022478009778501055,0.0009343141378041978,0.0005955179148889817,49.086533333333335,51.2753
TRN-0645,23.6417,78.9457,29.811,36.3288,15.8612,15.8629,19.7284,46.3918,27.7197,Valid,0,0,0,0,0,1866.4105556900001,67804.45579555088,226416.46860838353,9576.995691146907,858.87459096,2868.0025461600003,3.339256342003479,17.150833333333335,1.8226150010965627,19.7284,15.8612,3.8672000000000004,15.8629,-0.0016999999999995907,-3.8672000000000004,-3.865500000000001,0.0016999999999995907,3.8672000000000004,3.865500000000001,0.22548174186977843,0.10626975724173589,-1.2896333333333345,-1.287933333333335,2.577566666666666,29.24096666666667,29.24096666666667,2.704929631897597,0.009189207204094264,0.0002529455200524709,7.574905411550324e-05,46.96183333333333,49.5394
TRN-0263,23.5221,42.8011,25.1528,20.0814,13.8833,12.4467,17.9983,60.1067,18.5921,Valid,0,0,0,0,0,1006.7717543099999,20217.38630700083,36787.802664922485,1563.9675497066562,472.35669893999994,859.5060095399999,1.8196121171318838,14.7761,2.35271255079465,17.9983,12.4467,5.5516000000000005,13.8833,1.4366000000000003,-4.115,-5.5516000000000005,1.4366000000000003,4.115,5.5516000000000005,0.37571481137006313,0.1592241790168225,-0.8927999999999994,-2.3293999999999997,3.222200000000001,45.3306,45.3306,4.067832238017322,0.014676712891543348,0.0007308610408335772,0.00040165758564556756,39.9289,43.1511
TRN-0071,30.2423,98.8025,43.3388,15.5553,20.1578,20.141,25.167,47.3509,46.5089,Valid,0,0,0,0,0,2988.01484575,46479.46733009498,151849.81204742062,5021.106431267271,470.42804919,1536.90252825,3.2670298467037937,21.821933333333334,2.3653292671892903,25.167,20.141,5.026000000000003,20.1578,0.01680000000000348,-5.0092,-5.026000000000003,0.01680000000000348,5.0092,5.026000000000003,0.2303187207525738,0.10839228232742934,-1.6641333333333321,-1.6809333333333356,3.3450666666666677,25.52896666666667,25.52896666666667,2.169876385691015,0.007303154252084318,0.00046949620093288716,0.00014370734503362396,65.16073333333333,68.5058
TRN-0013,25.5181,41.4926,31.1854,32.5279,15.1001,13.589,19.881,38.7659,20.3992,Valid,0,0,0,0,0,1058.81231606,34440.94113556808,56001.19892004782,2194.5676490600854,830.0502049900001,1349.66714354,1.6260065747055394,16.190033333333332,2.6818254980930845,19.881,13.589,6.292,15.1001,1.511099999999999,-4.780900000000001,-6.292,1.511099999999999,4.780900000000001,6.292,0.3886341356945444,0.16564668381039369,-1.0899333333333328,-2.6010333333333318,3.690966666666668,22.57586666666667,22.57586666666667,2.394429758569794,0.015290748957556643,0.00047008103724968686,0.00028910154863217354,47.37543333333333,51.0664
TRN-0260,9.4712,109.8657,19.471,23.7437,10.8498,13.3049,11.9584,71.8086,43.5279,Valid,0,0,0,0,0,1040.56001784,24706.74489558761,286597.66689280764,30259.907575903802,224.88133144,2608.61822109,11.599975546923776,12.0377,1.0038576824762893,13.3049,10.8498,2.4551,11.9584,-2.4551,-1.1085999999999991,1.3465000000000007,2.4551,1.1085999999999991,1.3465000000000007,0.20395090391429394,0.08339280751999815,-1.187899999999999,1.2672000000000008,-0.07929999999999993,59.7709,59.7709,5.965308492045118,0.011568482146199925,0.00048722322792358594,4.2002086515450594e-05,31.508699999999997,32.7759
TRN-0045,10.8096,60.4465,51.1121,18.1745,8.4859,10.3638,10.0525,49.4543,23.4447,Valid,0,0,0,0,0,653.4024863999999,11875.263489076797,66405.61301921261,6143.20667517817,196.45907519999997,1098.5849142499999,5.59192702857395,9.634066666666667,0.8217631221275922,10.3638,8.4859,1.8778999999999986,10.0525,-1.8778999999999986,-1.5665999999999993,0.31129999999999924,1.8778999999999986,1.5665999999999993,0.31129999999999924,0.19492285761054254,0.08529762822518326,-1.1481666666666666,0.729733333333332,0.41843333333333277,39.820233333333334,39.820233333333334,5.133273058804549,0.014744459735686444,0.000811271823544554,0.00014507910142677607,60.74616666666667,61.475899999999996
TRN-0504,9.4822,31.9074,19.7147,20.1489,6.807,7.0154,8.5534,57.7914,12.6076,Valid,0,0,0,0,0,302.55234828,6096.097010258892,20513.235931021765,2163.3411832360193,191.05589958000002,642.89901186,3.3649782365929597,7.4586,0.7788016093118109,8.5534,6.807,1.7463999999999995,7.0154,-0.20839999999999925,-1.7463999999999995,-1.5380000000000003,0.20839999999999925,1.7463999999999995,1.5380000000000003,0.23414578685734758,0.1044165801752649,-0.6515999999999993,-0.44320000000000004,1.0948000000000002,50.332800000000006,50.332800000000006,7.748289525073134,0.02465226271668235,0.0012235041512995443,0.0003635993864993726,27.1733,28.2681
TRN-0876,31.8671,88.8569,30.5366,41.2199,20.6748,19.8194,26.0335,56.0319,36.1658,Valid,0,0,0,0,0,2831.6117179899998,116718.751854376,325453.72693621647,10212.843864781313,1313.55867529,3662.67253231,2.7883584390057945,22.175900000000002,2.749998255757022,26.0335,19.8194,6.214099999999998,20.6748,0.8553999999999995,-5.358699999999999,-6.214099999999998,0.8553999999999995,5.358699999999999,6.214099999999998,0.2802186030682585,0.12400841146238079,-1.501100000000001,-2.3565000000000005,3.857599999999998,33.855999999999995,33.855999999999995,2.526702297236987,0.007831546907112628,0.00018999432094234304,6.813841159139029e-05,52.712500000000006,56.5701
TRN-0372,19.0343,99.0386,36.3031,15.1434,14.7003,15.9507,17.6891,28.0867,41.0583,Valid,0,0,0,0,0,1885.1304239800002,28547.284062498733,148536.22394058027,7803.608020099096,288.24401862,1499.78113524,5.203164539638203,16.113366666666668,1.2255819551906304,17.6891,14.7003,2.9887999999999995,15.9507,-1.250399999999999,-2.9887999999999995,-1.7384000000000004,1.250399999999999,2.9887999999999995,1.7384000000000004,0.18548574462077577,0.07605995100117785,-1.4130666666666674,-0.1626666666666683,1.575733333333332,11.973333333333333,11.973333333333333,1.7430682760440124,0.008547613710514284,0.000564444821820007,0.00010848105761059404,52.416466666666665,53.9922
TRN-0009,31.2031,56.1702,38.3074,25.3805,18.4606,16.8161,16.9269,45.1049,23.3409,Invalid,1,0,0,1,0,1752.68436762,44484.00559237941,80077.79646653924,2566.3409693331196,791.95027955,1425.6277611,1.800148004520448,17.4012,0.7504733750551493,18.4606,16.8161,1.6445000000000007,16.9269,1.6445000000000007,1.5336999999999996,-0.11080000000000112,1.6445000000000007,1.5336999999999996,0.11080000000000112,0.09450497123733015,0.04312767693765214,1.0594000000000001,-0.5851000000000006,-0.4742999999999995,27.7037,27.7037,2.59205672068267,0.00992831356948831,0.00039117880163628594,0.00021730368176469298,55.708600000000004,56.768
TRN-0835,27.2126,65.3667,41.2269,58.2999,17.458,16.772,22.0848,54.2976,29.4849,Valid,0,0,0,0,0,1778.7978604199998,103703.73738269995,249104.13155574008,9153.999338605674,1586.49185874,3810.8720733299997,2.4020746859148083,18.7716,2.3594659960818833,22.0848,16.772,5.312800000000003,17.458,0.6859999999999999,-4.626800000000003,-5.312800000000003,0.6859999999999999,4.626800000000003,5.312800000000003,0.2830232754254686,0.12569338097916546,-1.313600000000001,-1.999600000000001,3.313200000000002,35.526,35.526,2.8925396400658636,0.0105529697371093,0.00018101179835540334,7.535643781855248e-05,59.9985,63.3117
TRN-0083,11.6948,29.2545,30.4575,44.9411,7.7985,7.861,10.2782,33.2364,14.7517,Valid,0,0,0,0,0,342.1255266,15375.497503483259,38461.75152338227,3288.7905936477473,525.57717628,1314.72940995,2.5014961776604836,8.6459,1.154492393507496,10.2782,7.7985,2.4797000000000002,7.861,-0.0625,-2.4797000000000002,-2.4172000000000002,0.0625,2.4797000000000002,2.4172000000000002,0.28680643000654304,0.1335306052553107,-0.8473999999999995,-0.7848999999999995,1.6323000000000008,24.590500000000006,24.590500000000006,3.844180033983735,0.025271133845669806,0.0005623167638952163,0.0002247921547337504,39.1034,40.7357
TRN-0365,21.4091,106.9215,33.4044,41.3117,16.4731,17.6444,20.1669,52.7348,48.6475,Valid,0,0,0,0,0,2289.09308565,94566.32682644711,472283.9126247233,22059.960043381703,884.4463164699999,4417.10893155,4.994207837124969,18.0948,1.5412515974579444,20.1669,16.4731,3.6937999999999995,17.6444,-1.1713000000000022,-3.6937999999999995,-2.5224999999999973,1.1713000000000022,3.6937999999999995,2.5224999999999973,0.20413598358998253,0.08517648784631256,-1.6217000000000006,-0.45039999999999836,2.072099999999999,34.64,34.64,2.914361976127839,0.007904789938656906,0.00019134506549056457,3.831339479551532e-05,51.4992,53.5713
TRN-0695,26.8977,53.7919,36.2464,6.1602,16.2587,15.1159,21.0038,49.4543,21.5556,Valid,1,0,0,0,1,1446.87838863,8913.060249638525,17824.960708258717,662.6945815279423,165.69521154,331.36886238,1.9998698029991484,17.459466666666668,2.549277288871407,21.0038,15.1159,5.887899999999998,16.2587,1.1428000000000011,-4.745099999999997,-5.887899999999998,1.1428000000000011,4.745099999999997,5.887899999999998,0.33723250401506116,0.1460111692716981,-1.2007666666666665,-2.3435666666666677,3.5443333333333307,31.994833333333336,31.994833333333336,2.8325204951361345,0.012066989728923557,0.0019588633057221715,0.0009794953801832392,53.705866666666665,57.2502
TRN-0407,17.9833,30.1194,35.4344,48.3623,10.9072,10.3113,14.3367,43.036,17.5448,Valid,0,0,0,0,0,541.64620602,26195.256309401047,43873.226987559225,2439.6648305869553,869.7137495899999,1456.6434586199998,1.6748537990883874,11.851733333333334,1.7738975361866003,14.3367,10.3113,4.025400000000001,10.9072,0.5959000000000003,-3.429500000000001,-4.025400000000001,0.5959000000000003,3.429500000000001,4.025400000000001,0.33964649280725534,0.14967408872788043,-0.9445333333333341,-1.5404333333333344,2.4849666666666668,31.184266666666666,31.184266666666666,3.6311985056026823,0.021880949556609217,0.0004524381511253815,0.00027013589258943494,47.28613333333333,49.7711
TRN-0816,18.5243,67.6262,18.4807,35.1027,13.309,13.2316,27.0815,57.4387,19.8088,Invalid,0,0,0,0,0,1252.7280166599999,43974.13575041098,160535.28063594535,8666.199099007586,650.25294561,2373.8622107399997,3.650674862171587,17.874033333333333,6.510738795934674,27.0815,13.2316,13.849899999999998,13.309,0.07739999999999903,-13.772499999999999,-13.849899999999998,0.07739999999999903,13.772499999999999,13.849899999999998,0.7748614409994325,0.3642568137956846,-4.565033333333334,-4.642433333333333,9.207466666666665,39.56466666666667,39.56466666666667,3.213527451543629,0.014268087790293586,0.0004064669612696099,0.00011134021918680864,36.35473333333333,45.5622
TRN-0545,13.0916,55.2408,37.3928,30.0299,9.4873,10.4214,11.8915,40.6875,17.7183,Valid,0,0,0,0,0,723.19045728,21717.337113072674,91637.62076414074,6999.726065905977,393.13943884,1658.87569992,4.219560311989344,10.600066666666667,0.9896079167472792,11.8915,9.4873,2.4042000000000012,10.4214,-0.9341000000000008,-2.4042000000000012,-1.4701000000000004,0.9341000000000008,2.4042000000000012,1.4701000000000004,0.22680987288037135,0.09335864146030257,-1.1127666666666673,-0.17866666666666653,1.2914333333333339,30.087433333333333,30.087433333333333,3.8384188931120975,0.014657365214520853,0.0004880923757359691,0.00011567374379823454,47.99286666666667,49.2843
TRN-0491,14.7563,30.7739,25.3571,45.6422,9.1825,8.7127,11.9573,61.1466,15.6403,Valid,0,0,0,0,0,454.10890057,20726.529261596057,43224.66599645107,2929.2345010074728,673.50999586,1404.58849858,2.0854752149607143,9.950833333333334,1.4316911616065187,11.9573,8.7127,3.2446,9.1825,0.46979999999999933,-2.774800000000001,-3.2446,0.46979999999999933,2.774800000000001,3.2446,0.32606311102288477,0.14387649453781334,-0.7683333333333344,-1.2381333333333338,2.0064666666666664,51.195766666666664,51.195766666666664,6.144871671229713,0.021912878824727096,0.0004801012850371921,0.00023021191959979813,35.30793333333333,37.3144
TRN-0165,17.3457,64.932,40.8922,31.1934,12.3965,13.0648,15.3959,33.2196,25.6903,Valid,0,0,0,0,0,1126.2909924,35132.84544233016,131516.5095822816,7582.080976853088,541.07135838,2025.4498488000002,3.7434059309566097,13.619066666666667,1.2856927428001172,15.3959,12.3965,2.9993999999999996,13.0648,-0.6683000000000003,-2.9993999999999996,-2.3310999999999993,0.6683000000000003,2.9993999999999996,2.3310999999999993,0.22023534014308319,0.09440387361808276,-1.2225666666666672,-0.5542666666666669,1.7768333333333324,19.60053333333333,19.60053333333333,2.4391978080339958,0.012091960911055497,0.0003876448518419733,0.00010355404587469316,54.51126666666667,56.2881
TRN-0829,8.6911,18.8487,44.6416,43.601,5.6547,6.384,7.4265,34.5325,18.1979,Invalid,0,0,0,0,0,163.81593657000002,7142.538650388571,15490.27951117569,1782.314980711384,378.9406511,821.8221687,2.168735583673461,6.4883999999999995,0.7270916173358072,7.4265,5.6547,1.7717999999999998,6.384,-0.7293000000000003,-1.7717999999999998,-1.0424999999999995,0.7293000000000003,1.7717999999999998,1.0424999999999995,0.27307190169041645,0.11206021596627694,-0.8336999999999994,-0.10439999999999916,0.9381000000000004,28.0441,28.0441,5.322189550245122,0.039607867807291024,0.0009084165052069544,0.0004188691362799476,51.129999999999995,52.068099999999994
TRN-0965,23.7163,15.6778,47.902,40.2774,12.5306,11.3406,16.9444,35.9469,21.424,Valid,0,0,0,0,0,371.81940814,14975.919029418037,9899.919606321815,417.43101533083995,955.23090162,631.46102172,0.6610558703905807,13.605200000000002,2.410631657194162,16.9444,11.3406,5.6038000000000014,12.5306,1.1899999999999995,-4.413800000000002,-5.6038000000000014,1.1899999999999995,4.413800000000002,5.6038000000000014,0.41188660130783816,0.17718456766600965,-1.074600000000002,-2.2646000000000015,3.3392,22.341699999999996,22.341699999999996,2.642143985965367,0.036590881663407945,0.0009084717921061186,0.0013742737860151736,61.507200000000005,64.8464
TRN-0930,12.9705,95.971,30.5851,47.6831,12.1861,13.7774,14.3621,57.4774,35.4494,Valid,0,0,0,0,0,1244.7918554999999,59355.53452499205,439181.99020068714,33860.0637092343,618.47364855,4576.1947901,7.3991744806156685,13.441866666666668,0.9194857125347603,14.3621,12.1861,2.176,13.7774,-1.5913000000000004,-2.176,-0.5846999999999998,1.5913000000000004,2.176,0.5846999999999998,0.16188226621186547,0.06840460978610241,-1.255766666666668,0.33553333333333235,0.9202333333333321,44.03553333333333,44.03553333333333,4.275998055131376,0.010798485382497091,0.0002264635770532976,3.060659809955711e-05,44.02696666666667,44.9472
TRN-0949,10.0241,35.5307,34.6749,46.0995,7.1086,7.7959,8.8038,42.2024,15.0201,Valid,0,0,0,0,0,356.16328987,16418.949581362067,58197.42140346777,5805.749702987607,462.10599795,1637.9475046500002,3.5445273346707102,7.902766666666667,0.6961758031480908,8.8038,7.1086,1.6952000000000007,7.7959,-0.6872999999999996,-1.6952000000000007,-1.0079000000000011,0.6872999999999996,1.6952000000000007,1.0079000000000011,0.21450712857854068,0.08809265721988926,-0.7941666666666674,-0.10686666666666778,0.9010333333333334,34.29963333333333,34.29963333333333,5.340205074989972,0.02218860525283945,0.00048131986927812693,0.00013579238522860014,42.577666666666666,43.4787
TRN-0446,27.5543,78.7111,47.544,31.2291,18.1674,17.9768,23.2678,56.1777,36.2413,Valid,0,0,0,0,0,2168.82926273,67730.58592872144,193477.9298365114,7021.696171371264,860.49599013,2458.07681301,2.856581264754275,19.804,2.4505121804771077,23.2678,17.9768,5.291,18.1674,0.19059999999999988,-5.1004000000000005,-5.291,0.19059999999999988,5.1004000000000005,5.291,0.26716823534799866,0.1237382375650813,-1.6365999999999978,-1.8271999999999977,3.4638000000000027,36.3737,36.3737,2.8366843649422155,0.009131193649582469,0.0002923937498569555,0.00010235792793850954,67.348,70.8118
TRN-0333,23.6659,83.0057,25.2352,48.7404,16.4982,16.3492,20.4081,37.4559,28.5206,Valid,0,0,0,0,0,1964.4045956300001,95745.86575284446,335818.7353500556,14189.983104807867,1153.48543236,4045.7310202800004,3.5073965702805907,17.751833333333334,1.8792489108388197,20.4081,16.3492,4.058900000000001,16.4982,0.1490000000000009,-3.9099000000000004,-4.058900000000001,0.1490000000000009,3.9099000000000004,4.058900000000001,0.22864679355295928,0.10586223798348987,-1.2536333333333332,-1.402633333333334,2.656266666666667,19.704066666666666,19.704066666666666,2.1099734988889316,0.009036750048226919,0.00018540574252022521,5.2861354846018516e-05,42.98703333333333,45.643299999999996
TRN-0056,20.2038,105.4205,45.8627,19.0142,15.9943,17.8119,19.4455,50.8786,51.0559,Valid,0,0,0,0,0,2129.8946979,40498.243764810184,211313.96602659757,10459.119352175245,384.15909396,2004.4864711,5.217854798708421,17.750566666666668,1.4096138226084785,19.4455,15.9943,3.4511999999999983,17.8119,-1.8176000000000005,-3.4511999999999983,-1.6335999999999977,1.8176000000000005,3.4511999999999983,1.6335999999999977,0.19442758478541042,0.07941232354250595,-1.7562666666666669,0.061333333333333684,1.6949333333333314,33.128033333333335,33.128033333333335,2.8663083319607634,0.008334011383677361,0.00043830460326411047,8.40009157953547e-05,63.61326666666666,65.3082
TRN-0221,10.0402,19.6325,30.7168,12.1244,6.0946,6.2903,8.1025,68.7331,12.8904,Valid,0,0,0,0,0,197.1142265,2389.8917277766,4673.1687959975,465.44574117564974,121.73140088,238.032283,1.9553891401178125,6.829133333333334,0.9039438121673021,8.1025,6.0946,2.0078999999999994,6.2903,-0.19570000000000043,-2.0078999999999994,-1.812199999999999,0.19570000000000043,2.0078999999999994,1.812199999999999,0.29401969590777305,0.13236579748550395,-0.7345333333333341,-0.5388333333333337,1.2733666666666652,61.90396666666666,61.90396666666666,10.064687066486657,0.034645562727496845,0.0028575074138731836,0.001461349595957466,37.54593333333333,38.8193
TRN-0627,11.916,67.3207,42.1577,50.8565,10.1217,11.6624,12.2225,46.2937,24.863,Valid,0,0,0,0,0,802.1934612,40796.7517595178,230485.5560739317,19342.525741138466,606.006054,3423.69517955,5.649605098220452,11.335533333333336,0.8882460332337855,12.2225,10.1217,2.1007999999999996,11.6624,-1.5406999999999993,-2.1007999999999996,-0.5601000000000003,1.5406999999999993,2.1007999999999996,0.5601000000000003,0.18532871395593373,0.07835943212855916,-1.2138333333333353,0.326866666666664,0.8869666666666642,34.95816666666666,34.95816666666666,4.083945109130718,0.014130672795868786,0.0002778538203206564,4.918110065711933e-05,53.493233333333336,54.3802
TRN-0649,29.9515,24.049,37.3554,42.2616,16.174,3.8193,21.58,44.283,21.0209,Invalid,0,0,0,0,0,720.3036235,30441.1836149076,24442.1823533016,816.0586794398585,1265.7983124,1016.3492184,0.8029313789649474,13.857766666666665,7.433452260483609,21.58,3.8193,17.7607,16.174,12.3547,-5.405999999999999,-17.7607,12.3547,5.405999999999999,17.7607,1.2816422115894908,0.5364105128103684,2.3162333333333347,-10.038466666666665,7.7222333333333335,30.42523333333334,30.42523333333334,3.1955363277245503,0.019238785139094723,0.00045523087543235453,0.0005669611029731895,51.213166666666666,58.9354
TRN-0758,28.164,17.0954,24.7318,26.3672,14.91,12.0903,19.8602,43.4537,18.4735,Valid,0,0,0,0,0,481.4748456000001,12695.143548904323,7705.885422025954,273.6076249260875,742.6058208000001,450.75783088000003,0.6069947235124725,15.620166666666668,3.2115509257816366,19.8602,12.0903,7.7699,14.91,2.819700000000001,-4.950199999999999,-7.7699,2.819700000000001,4.950199999999999,7.7699,0.49742743905245745,0.20560284590510924,-0.7101666666666677,-3.5298666666666687,4.240033333333331,27.833533333333328,27.833533333333328,2.7818971554786764,0.03244233167520711,0.0012304048871337409,0.0020270437216717567,40.35196666666667,44.592
TRN-0823,15.4117,91.4093,29.4443,39.8646,12.9836,14.5008,15.509,31.7263,32.5492,Valid,0,0,0,0,0,1408.77270881,56160.16052762713,333095.0486784733,21613.1268494291,614.38125582,3643.9951807800003,5.9311623032395975,14.331133333333334,1.0379471320298015,15.509,12.9836,2.525400000000001,14.5008,-1.5172000000000008,-2.525400000000001,-1.0082000000000004,1.5172000000000008,2.525400000000001,1.0082000000000004,0.17621773275309247,0.07242602768823404,-1.3475333333333346,0.1696666666666662,1.1778666666666666,17.395166666666665,17.395166666666665,2.213802429177332,0.010172778925612606,0.00025518326868079677,4.3024155988351915e-05,43.77543333333333,44.9533
TRN-0265,29.1382,24.8276,29.5091,55.8176,16.0754,13.6475,21.5425,55.5081,19.6328,Valid,0,0,0,0,0,723.4315743200001,40380.214242764036,34406.511285310975,1180.8042399498504,1626.42439232,1385.81704576,0.8520635848452003,17.088466666666665,3.3017656189109217,21.5425,13.6475,7.895,16.0754,2.4278999999999975,-5.467100000000002,-7.895,2.4278999999999975,5.467100000000002,7.895,0.4620074868035271,0.19321601464310667,-1.013066666666667,-3.4409666666666645,4.454033333333335,38.41963333333334,38.41963333333334,3.2482783759643907,0.02362140007381875,0.0004231891035423532,0.000496663742640641,46.597566666666665,51.0516
TRN-0508,18.5872,24.0757,43.6181,36.0944,10.8484,9.9679,1.0,68.1033,17.6239,Invalid,0,0,0,0,0,447.49985104,16152.238623378176,20921.733850438257,1125.5989457712465,670.89383168,868.99794608,1.2952837815656053,7.272099999999999,4.4495879112565015,10.8484,1.0,9.8484,9.9679,0.8804999999999996,9.8484,8.9679,0.8804999999999996,9.8484,8.9679,1.3542716197148528,0.6118710275416283,3.5763000000000007,2.695800000000001,-6.272099999999999,60.8312,60.8312,9.36501019444037,0.01625050816631327,0.00045022242235973395,0.00034758591480218455,50.8902,54.466499999999996
TRN-0618,18.5828,33.833,44.6905,28.3275,8.0392,6.6552,14.4279,52.7081,18.4418,Invalid,0,0,0,0,0,628.7118724,17809.835565411,32425.6929356475,1744.9303221644304,526.404267,958.4043075,1.8206620196815324,9.707433333333332,3.3853575058215375,14.4279,6.6552,7.7726999999999995,8.0392,1.3839999999999995,-6.3887,-7.7726999999999995,1.3839999999999995,6.3887,7.7726999999999995,0.800695604327721,0.3487386460289426,-1.6682333333333332,-3.0522333333333327,4.720466666666667,43.00066666666667,43.00066666666667,5.429663306504298,0.015440194060335895,0.0005450602447807751,0.0002993747381836826,54.397933333333334,59.1184
TRN-0588,15.6295,19.4763,27.2332,41.9181,8.9486,8.2676,11.985,70.159,14.962,Valid,0,0,0,0,0,304.40483085,12760.072140053386,15900.636170147587,1017.3476536549432,655.1589439500001,816.40949103,1.2461242364679461,9.733733333333333,1.6159809102282803,11.985,8.2676,3.7173999999999996,8.9486,0.6810000000000009,-3.0363999999999987,-3.7173999999999996,0.6810000000000009,3.0363999999999987,3.7173999999999996,0.381908923409765,0.16601859624361506,-0.7851333333333326,-1.4661333333333335,2.251266666666666,60.42526666666667,60.42526666666667,7.207819486067065,0.03197627736122722,0.0007628274531471247,0.0006121599933841406,36.96693333333333,39.218199999999996
TRN-0136,18.1556,100.6376,28.4831,53.8012,14.7216,15.9798,17.5126,49.0068,39.9339,Valid,0,0,0,0,0,1827.1360105600002,98302.10993134069,544894.6010281285,30012.47940115717,976.79306672,5414.42364512,5.543060788789091,16.07133333333333,1.1412577895559886,17.5126,14.7216,2.7909999999999986,15.9798,-1.2581999999999987,-2.7909999999999986,-1.5328,1.2581999999999987,2.7909999999999986,1.5328,0.17366324053200885,0.07101201218799372,-1.3497333333333312,-0.09153333333333258,1.4412666666666674,32.93546666666667,32.93546666666667,3.0493298803669133,0.008795915154456237,0.00016348920022566047,2.949438901207649e-05,44.554433333333336,45.9957
TRN-0166,29.5716,82.2388,22.4663,23.6958,19.115,18.1846,23.8408,44.7835,29.6963,Valid,0,0,0,0,0,2431.93289808,57626.59556632406,160259.91381798114,5419.385775493898,700.72271928,1948.71415704,2.7810060064045903,20.380133333333333,2.476364455316616,23.8408,18.1846,5.656200000000002,19.115,0.9303999999999988,-4.725800000000003,-5.656200000000002,0.9303999999999988,4.725800000000003,5.656200000000002,0.27753497143288386,0.1215087405614557,-1.2651333333333348,-2.1955333333333336,3.4606666666666683,24.403366666666663,24.403366666666663,2.197409460974603,0.008380220252393943,0.00035365846503154275,0.00012716925179651203,42.84643333333334,46.307100000000005
TRN-0410,19.3576,55.501,32.4643,47.3989,13.627749999999999,12.8351,16.3875,35.6131,19.4256,Invalid,1,1,0,0,0,1074.3661576,50923.774067466635,146005.72305029887,7542.552563734465,917.5289466400001,2630.6863488999998,2.867142472871509,14.28345,1.5225731088084622,16.3875,12.8351,3.5523999999999987,13.627749999999999,0.7926499999999983,-2.7597500000000004,-3.5523999999999987,0.7926499999999983,2.7597500000000004,3.5523999999999987,0.24870740271381186,0.10659700578021812,-0.6557000000000013,-1.4483499999999996,2.104049999999999,21.32965,21.32965,2.4933120154226036,0.013294769093074074,0.00028048687005790277,9.78280145565358e-05,46.74775,48.8518
TRN-0503,12.742,61.7987,39.8282,57.112,9.9839,11.3075,12.0489,69.2968,18.5584,Valid,0,0,0,0,0,787.4390354,44972.2181897648,218115.25822035928,17117.818325423086,727.7211040000001,3529.4473543999998,4.849999619369045,11.113433333333333,0.8541282703565207,12.0489,9.9839,2.0649999999999995,11.3075,-1.323599999999999,-2.0649999999999995,-0.7414000000000005,1.323599999999999,2.0649999999999995,0.7414000000000005,0.1858111487469085,0.0768554746208984,-1.1295333333333328,0.19406666666666617,0.9354666666666667,58.18336666666667,58.18336666666667,6.235408238491415,0.014113388871526529,0.0002471177491444155,5.095211322655204e-05,50.941633333333336,51.8771
TRN-0587,31.1799,52.9067,38.1,36.6261,18.0144,16.465,23.3782,48.7188,23.4365,Valid,0,0,0,0,0,1649.62561533,60419.352749638114,102520.80892239163,3288.0415150257095,1141.99813539,1937.76608487,1.696820653792326,19.285866666666667,2.962043683375082,23.3782,16.465,6.9132,18.0144,1.5493999999999986,-5.363800000000001,-6.9132,1.5493999999999986,5.363800000000001,6.9132,0.35845937136386374,0.15358622876452804,-1.2714666666666687,-2.8208666666666673,4.0923333333333325,29.432933333333335,29.432933333333335,2.526139909390992,0.011691056731752773,0.0003192001534055325,0.00018811660646452736,57.38586666666667,61.4782
TRN-0975,21.1463,103.6017,31.7853,34.3651,16.2591,17.3119,19.9779,72.0292,44.8108,Valid,0,0,0,0,0,2190.79262871,75286.80776488202,368851.34855813906,17442.830713425436,726.69471413,3560.2827806699997,4.899282385132038,17.849633333333333,1.565084920663697,19.9779,16.2591,3.7188000000000017,17.3119,-1.0528000000000013,-3.7188000000000017,-2.6660000000000004,1.0528000000000013,3.7188000000000017,2.6660000000000004,0.2083404024168339,0.08768162369247957,-1.5905333333333331,-0.5377333333333318,2.1282666666666685,54.17956666666667,54.17956666666667,4.03533196562402,0.008147568643087926,0.00023708846028961682,4.839248494836789e-05,49.634933333333336,51.7632
TRN-0143,31.0604,20.7146,49.4232,47.9427,13.4898,20.8227,22.3117,38.437,25.9811,Invalid,0,0,0,0,0,643.40376184,30846.51353276657,20571.956228053932,662.32101214836,1489.1194390800001,993.11385342,0.6669134761009685,18.874733333333335,3.8559400499604353,22.3117,13.4898,8.821899999999998,20.8227,-7.3329,-8.821899999999998,-1.4889999999999972,7.3329,8.821899999999998,1.4889999999999972,0.46739200903189737,0.204291089975806,-5.3849333333333345,1.947966666666666,3.436966666666663,19.562266666666662,19.562266666666662,2.036426013801907,0.029335752172197128,0.0006118919505334644,0.0009174982254082577,68.29793333333333,71.7349
TRN-0226,16.165,84.7277,19.8908,13.1586,12.7716,13.5427,15.1689,45.6281,25.3231,Valid,0,0,0,0,0,1369.6232705,18022.3247672013,94462.73592193019,5843.657907718669,212.708769,1114.89791322,5.241428689054829,13.827733333333333,0.999231312337417,15.1689,12.7716,2.3973000000000013,13.5427,-0.7711000000000006,-2.3973000000000013,-1.6262000000000008,0.7711000000000006,2.3973000000000013,1.6262000000000008,0.1733689657474136,0.07226283700928907,-1.0561333333333334,-0.2850333333333328,1.341166666666668,31.80036666666667,31.80036666666667,3.2997524323278515,0.010096012254661323,0.0007672558069606576,0.00014638294347746862,33.71853333333333,35.0597
TRN-0322,19.8459,44.1289,43.3522,13.0739,11.9391,11.8223,15.5497,85.2779,18.7618,Valid,0,0,0,0,0,875.7777365100001,11449.83054935809,25459.58748807402,1282.8637756519101,259.46331201,576.93682571,2.223577553873719,13.103700000000002,1.7302403609518149,15.5497,11.8223,3.7273999999999994,11.9391,0.11679999999999957,-3.6106,-3.7273999999999994,0.11679999999999957,3.6106,3.7273999999999994,0.284453987465068,0.132042112449896,-1.1646000000000019,-1.2814000000000014,2.445999999999998,72.1742,72.1742,6.507924745840889,0.014962357957689439,0.0011444448843472349,0.000514686265267395,56.45590000000001,58.901900000000005
TRN-0717,28.2051,24.1533,26.3389,43.9544,15.3975,13.0615,20.2903,40.4418,19.068,Valid,0,0,0,0,0,681.24624183,29943.769811892555,25642.20142447942,909.1334728593745,1239.7382474400001,1061.64380952,0.8563450987110451,16.24976666666667,3.012048717327718,20.2903,13.0615,7.228799999999998,15.3975,2.3360000000000003,-4.892799999999998,-7.228799999999998,2.3360000000000003,4.892799999999998,7.228799999999998,0.4448555910635274,0.185359494308732,-0.8522666666666687,-3.188266666666669,4.040533333333329,24.19203333333333,24.19203333333333,2.4887617367575485,0.023853000053494135,0.0005426760480796305,0.0006337118407673087,42.58866666666667,46.6292
TRN-0921,12.3228,83.6693,38.3193,59.0536,11.4682,12.9508,13.5388,25.1946,29.9729,Valid,0,0,0,0,0,1031.04005004,60886.62669904215,413407.78356137953,33548.199273962106,727.70570208,4940.9733744800005,6.789795599231052,12.6526,0.8712207986498028,13.5388,11.4682,2.0706000000000007,12.9508,-1.4825999999999997,-2.0706000000000007,-0.588000000000001,1.4825999999999997,2.0706000000000007,0.588000000000001,0.16365014592651747,0.06885705149872369,-1.1844000000000001,0.2981999999999996,0.8862000000000005,12.542000000000002,12.542000000000002,1.9912585562446807,0.01227168623298139,0.0002078058957401764,3.060561630207148e-05,50.9719,51.8581
TRN-0659,21.4314,77.2592,34.8314,8.8744,14.3967,14.8306,17.5491,35.5696,27.4947,Valid,0,0,0,0,0,1655.7728188800002,14693.990303868673,52971.151473289225,2471.660694197697,190.19081616,685.6290444800001,3.604953311265092,15.592133333333331,1.3950761516450951,17.5491,14.3967,3.1524,14.8306,-0.4339000000000013,-3.1524,-2.718499999999999,0.4339000000000013,3.1524,2.718499999999999,0.20217886356075737,0.08947307160269007,-1.195433333333332,-0.7615333333333307,1.956966666666668,19.977466666666672,19.977466666666672,2.281252793208576,0.00941683131050753,0.0010611231537404151,0.0002943514139182218,50.42353333333333,52.3805
TRN-0276,30.1002,30.3395,35.0458,22.7598,16.1821,13.8584,21.6219,65.4609,20.5299,Valid,0,0,0,0,0,913.2250179,20784.81876240042,20950.06042623795,696.0106487740048,685.07453196,690.5209520999999,1.0079500798017926,17.2208,3.2534244860864177,21.6219,13.8584,7.7635000000000005,16.1821,2.3236999999999988,-5.439800000000002,-7.7635000000000005,2.3236999999999988,5.439800000000002,7.7635000000000005,0.4508210738861682,0.18892410905197832,-1.0387000000000022,-3.362400000000001,4.4011,48.2401,48.2401,3.8012691744129667,0.018857126823729423,0.0008285277921366228,0.0008219928558110792,52.2666,56.667699999999996
TRN-0573,12.713,94.2479,33.3957,5.1753,11.3106,13.3547,13.2436,56.797,33.8011,Valid,0,0,0,0,0,1198.1735526999998,6200.9075872883095,45970.46473656808,3616.0199103711298,65.79358889999999,487.76115687000004,7.413505276999508,12.6363,0.9385080962179633,13.3547,11.3106,2.0440999999999985,13.2436,-2.0440999999999985,-1.9329999999999998,0.11109999999999864,2.0440999999999985,1.9329999999999998,0.11109999999999864,0.1617641111904503,0.07427079302858988,-1.3256999999999994,0.718399999999999,0.6073000000000004,44.1607,44.1607,4.49474889843159,0.010546301878370362,0.0020378145973125373,0.0002748786655113655,46.032,46.7504
TRN-0877,21.4959,97.0943,19.1262,42.5876,16.2871,16.5927,20.0402,45.6363,35.4263,Valid,0,0,0,0,0,2087.12936337,88885.83047545623,401486.2131817272,18677.338213537885,915.45879084,4135.01321068,4.516875100978554,17.64,1.7017770848929261,20.0402,16.2871,3.7531,16.5927,-0.30560000000000187,-3.7531,-3.447499999999998,0.30560000000000187,3.7531,3.447499999999998,0.21276075891378915,0.0964726183911739,-1.3529000000000018,-1.0473,2.400199999999998,27.996299999999998,27.996299999999998,2.5870916900741667,0.0084518000183111,0.0001984568283318501,4.3936751551594525e-05,36.7662,39.166399999999996
TRN-0468,11.3447,90.8143,31.9713,16.691,10.7875,12.9436,6.04,44.117,31.1116,Invalid,0,0,0,0,0,1030.26098921,17196.08617090411,137654.6341772226,12133.826548379071,189.3543877,1515.7814813,8.00499722293254,9.923699999999998,2.883809525610178,12.9436,6.04,6.9036,10.7875,-2.1561000000000003,4.7475,6.9036,2.1561000000000003,4.7475,6.9036,0.6956678763296075,0.2905981876731452,0.8638000000000012,3.0199000000000016,-3.8836999999999984,34.1933,34.1933,4.445619633239656,0.009632219500009635,0.0005770906182253189,7.209128889298199e-05,41.894999999999996,44.9149
TRN-0181,18.6267,109.8992,25.7139,51.4145,15.5329,16.8204,6.878,45.3994,48.7663,Invalid,0,0,0,0,0,2047.0594286399999,105248.53699381127,620975.8044522252,33337.938073533536,957.6824671499999,5650.412418399999,5.900089339491732,13.0771,4.41482688750835,16.8204,6.878,9.9424,15.5329,-1.2874999999999996,8.6549,9.9424,1.2874999999999996,8.6549,9.9424,0.7602908320429734,0.3375998157013814,2.4558,3.7432999999999996,-6.1991,32.3223,32.3223,3.4716715883742126,0.006388236614263693,0.00012424970810420575,2.1058952548907285e-05,38.791,42.5343
TRN-0353,19.5255,108.769,34.6151,11.8696,15.5531,16.9552,18.7414,46.8337,49.4057,Valid,0,0,0,0,0,2123.7691095,25208.2898221212,140425.62165692562,7191.908758547379,231.7598748,1291.0445224,5.570612503105554,17.083233333333336,1.3047627174658567,18.7414,15.5531,3.188299999999998,16.9552,-1.4021000000000008,-3.188299999999998,-1.7861999999999973,1.4021000000000008,3.188299999999998,1.7861999999999973,0.18663327668454963,0.07637679680597503,-1.5301333333333353,-0.12803333333333455,1.6581666666666628,29.750466666666664,29.750466666666664,2.7415007653800445,0.008043827951387533,0.000677683153169101,0.00012165325053677024,51.69833333333334,53.3565
TRN-0147,8.861,75.9485,36.5575,14.8645,8.6741,10.6902,10.3391,58.0673,23.809,Valid,0,0,0,0,0,672.9796585,10003.50613377325,85741.03211837012,9676.224178100207,131.7143345,1128.93647825,8.571097102911962,9.901133333333334,0.8794035491298766,10.6902,8.6741,2.0161000000000016,10.3391,-2.0161000000000016,-1.665000000000001,0.35110000000000063,2.0161000000000016,1.665000000000001,0.35110000000000063,0.203623133686063,0.08881846458433162,-1.2270333333333348,0.7890666666666668,0.43796666666666617,48.16616666666667,48.16616666666667,5.864711864832457,0.014712381263780728,0.0009897663079263721,0.00011547718855948467,46.45863333333333,47.247699999999995
TRN-0144,21.5592,95.6797,38.3352,5.2788,16.0257,17.0131,19.5681,40.2086,40.0378,Valid,0,0,0,0,0,2062.77778824,10888.991388561313,48325.32883224469,2241.517616179036,113.80670496,505.07400036,4.437998421184532,17.535633333333333,1.4926330768886984,19.5681,16.0257,3.5424000000000007,17.0131,-0.9874000000000009,-3.5424000000000007,-2.5549999999999997,0.9874000000000009,3.5424000000000007,2.5549999999999997,0.2020115116831721,0.08511999329567253,-1.5099333333333327,-0.5225333333333317,2.032466666666668,22.672966666666664,22.672966666666664,2.292965240702346,0.008500980292110901,0.0016104001468991696,0.00036286630131050356,55.87083333333334,57.9033
TRN-0019,8.2185,21.3276,46.7842,33.5716,6.2229,6.6093,8.3971,71.8081,15.9881,Valid,0,0,0,0,0,175.28088060000002,5884.45961115096,15270.596921918015,1858.0756906786305,275.9081946,716.0016561599999,2.5950717776879264,7.076433333333334,0.9470820356348346,8.3971,6.2229,2.1742,6.6093,-0.3864000000000001,-2.1742,-1.7877999999999998,0.3864000000000001,2.1742,1.7877999999999998,0.30724513188209707,0.13383605231431778,-0.8535333333333339,-0.46713333333333384,1.320666666666666,64.73166666666665,64.73166666666665,10.147497541487818,0.04037196338093574,0.0012025629878945959,0.0004634025355428685,53.86063333333333,55.1813
TRN-0476,13.8624,81.0334,36.4075,9.6282,11.1898,12.5515,13.5137,34.8156,27.4893,Valid,0,0,0,0,0,1123.31740416,10815.524630733313,63222.72720539479,4560.734262801574,133.46995968,780.20578188,5.8455530178358,12.418333333333335,0.953389680152991,13.5137,11.1898,2.3239,12.5515,-1.3617000000000008,-2.3239,-0.9621999999999993,1.3617000000000008,2.3239,0.9621999999999993,0.18713459773443045,0.07677275023864506,-1.2285333333333348,0.133166666666666,1.0953666666666653,22.397266666666667,22.397266666666667,2.803564396438245,0.011055052896260006,0.001148195187582237,0.00019642198117763665,48.825833333333335,49.9212
TRN-0796,29.2093,62.3251,41.0718,47.5542,18.2781,17.4134,23.4021,46.8724,29.0277,Valid,0,0,0,0,0,1820.4725434299999,86571.11542477891,184720.39473595354,6324.026539900888,1389.02489406,2963.8202704200003,2.1337415777255333,19.697866666666666,2.642969915749243,23.4021,17.4134,5.9887000000000015,18.2781,0.8646999999999991,-5.124000000000002,-5.9887000000000015,0.8646999999999991,5.124000000000002,5.9887000000000015,0.30402783191270305,0.1341754326140467,-1.4197666666666677,-2.284466666666667,3.7042333333333346,27.174533333333333,27.174533333333333,2.3795672096690397,0.010820194309952737,0.00022753393634571435,0.00010663612263668514,60.769666666666666,64.4739
TRN-0870,10.7956,108.3219,24.6777,48.043,11.5524,13.9552,13.1178,55.7297,44.2781,Valid,0,0,0,0,0,1169.39990364,56181.47957057652,563718.9792041231,52217.47072757906,518.6530108000001,5204.1090417,10.033892508624579,12.875133333333332,0.9958337523011668,13.9552,11.5524,2.402799999999999,13.1178,-2.402799999999999,-1.5654000000000003,0.8373999999999988,2.402799999999999,1.5654000000000003,0.8373999999999988,0.18662329555500037,0.07734550386188853,-1.322733333333332,1.0800666666666672,0.24266666666666836,42.85456666666667,42.85456666666667,4.32847522652385,0.01101003453330787,0.00022917042113371384,2.2839630752698847e-05,37.55283333333333,38.6329
TRN-0854,8.6289,26.2498,23.3529,56.0306,6.2386,6.4568,8.0669,52.8494,13.2914,Valid,0,0,0,0,0,226.50689922,12691.317467436133,38607.99699344123,4474.265841436961,483.48244434,1470.79204388,3.042079170916436,6.920766666666666,0.8153195787883153,8.0669,6.2386,1.8283000000000005,6.4568,-0.2182000000000004,-1.8283000000000005,-1.6101,0.2182000000000004,1.8283000000000005,1.6101,0.2641758960939931,0.1178076794450474,-0.6821666666666664,-0.46396666666666597,1.1461333333333341,45.92863333333334,45.92863333333334,7.636349397270622,0.030554330397637837,0.0005453150694464085,0.00017925733540807924,30.273666666666667,31.419800000000002
TRN-0134,22.2438,41.4757,24.1234,53.4966,13.6413,12.3822,17.6506,70.0693,18.4064,Valid,0,0,0,0,0,922.5771756600001,49354.74213541276,92026.65364666736,4137.182024181359,1189.96767108,2218.80893262,1.864595893480615,14.558033333333332,2.246376288356181,17.6506,12.3822,5.2684000000000015,13.6413,1.2591,-4.009300000000001,-5.2684000000000015,1.2591,4.009300000000001,5.2684000000000015,0.3618895160823339,0.1543049176091503,-0.9167333333333332,-2.1758333333333333,3.0925666666666682,55.511266666666664,55.511266666666664,4.813101713846304,0.015779745805156033,0.0002949672656195029,0.00015819366190441005,38.68143333333333,41.774
TRN-0527,14.7369,57.4826,37.9908,20.1469,10.8502,11.6163,13.5462,51.1441,18.5575,Valid,0,0,0,0,0,847.11532794,17066.747800474386,66570.38027777543,4517.25775166539,296.90285061,1158.09619394,3.90058941157303,12.004233333333334,1.134305427220651,13.5462,10.8502,2.6960000000000015,11.6163,-0.7661000000000016,-2.6960000000000015,-1.9299,0.7661000000000016,2.6960000000000015,1.9299,0.2245874185006331,0.09449210967757553,-1.1540333333333344,-0.3879333333333328,1.5419666666666672,39.13986666666667,39.13986666666667,4.260504966816848,0.014170719054693881,0.0007033697030606086,0.00018032394111410285,49.99503333333333,51.537
TRN-0770,15.7032,98.3867,38.3044,32.4798,13.1948,15.1165,15.3287,46.7966,40.2031,Valid,0,0,0,0,0,1544.98602744,50180.83717404571,314402.60410563985,20021.561470533292,510.03679536,3195.58033866,6.26539136829491,14.546666666666667,0.9598315210957015,15.3287,13.1948,2.133899999999999,15.1165,-1.9216999999999995,-2.133899999999999,-0.21219999999999928,1.9216999999999995,2.133899999999999,0.21219999999999928,0.14669339046562385,0.06598291396284058,-1.351866666666666,0.5698333333333334,0.7820333333333327,32.24993333333333,32.24993333333333,3.216997945669252,0.009415403375106695,0.00028988489402684856,4.6267640524162745e-05,52.85106666666667,53.6331
TRN-0251,30.3515,109.3207,33.6619,8.9928,20.9797,21.2055,25.9842,48.8242,53.6774,Valid,0,0,0,0,0,3318.04722605,29838.535094422445,107473.09172518089,3540.948163492174,272.94496920000006,983.0991909600001,3.60182186706351,22.723133333333333,2.307764179652871,25.9842,20.9797,5.0045,21.2055,-0.22579999999999956,-5.0045,-4.778700000000001,0.22579999999999956,5.0045,4.778700000000001,0.22023810300935157,0.1015601169187093,-1.743433333333332,-1.5176333333333325,3.261066666666668,26.101066666666664,26.101066666666664,2.148656047347224,0.006848345360513736,0.0007615364916764733,0.00021143090766595937,56.38503333333334,59.646100000000004
TRN-0132,9.7487,72.7897,36.5709,25.4378,9.0643,10.8287,10.8578,77.4383,23.3231,Valid,0,0,0,0,0,709.6049483899999,18050.78875615514,134778.1240907922,13825.23928991075,247.98548085999997,1851.60983066,7.466605037943005,10.250266666666667,0.8386892167079665,10.8578,9.0643,1.7934999999999999,10.8287,-1.7644000000000002,-1.7934999999999999,-0.02909999999999968,1.7644000000000002,1.7934999999999999,0.02909999999999968,0.17497104059363913,0.08182120155118874,-1.1859666666666673,0.5784333333333329,0.6075333333333326,67.18803333333334,67.18803333333334,7.554758813940566,0.014445032655815237,0.0005678569953129373,7.605289608932086e-05,46.82116666666667,47.4287
TRN-0780,12.6266,68.5622,35.0442,17.9569,9.9021,11.2444,12.2991,43.9458,22.3588,Valid,0,0,0,0,0,865.70747452,15545.42254920819,84411.351425033,6685.199874854128,226.73459354000002,1231.1645691800002,5.429980720860666,11.148533333333333,0.9809162598758814,12.2991,9.9021,2.3969999999999985,11.2444,-1.3422999999999998,-2.3969999999999985,-1.0546999999999986,1.3422999999999998,2.3969999999999985,1.0546999999999986,0.21500584097706343,0.0879861182239006,-1.2464333333333322,0.09586666666666765,1.1505666666666663,32.797266666666665,32.797266666666665,3.941845509557714,0.012877945089519761,0.0007171585910467276,0.0001320738638227163,46.19273333333333,47.3433
TRN-0425,14.8763,108.8282,36.4889,20.9661,13.3401,15.6721,15.4704,25.5252,48.8125,Valid,0,0,0,0,0,1618.96095166,33943.29720859873,248313.62215583335,16691.892840554472,311.89799343000004,2281.70292402,7.31554167934623,14.827533333333333,1.054992626619837,15.6721,13.3401,2.3320000000000007,15.4704,-2.3320000000000007,-2.1303,0.20170000000000066,2.3320000000000007,2.1303,0.20170000000000066,0.15727496882320494,0.0711509144341106,-1.4874333333333336,0.8445666666666671,0.6428666666666665,10.697666666666668,10.697666666666668,1.7214729992307332,0.009158672609719995,0.000436832439753092,5.971292756532042e-05,51.316433333333336,52.161
TRN-0273,14.7494,46.7725,41.9781,18.1946,9.8595,10.6273,12.2165,33.6728,17.7087,Valid,0,0,0,0,0,689.8663115,12551.841591217903,39803.721563266256,2698.6669874435074,268.35943324,851.0069285000001,3.171145729918117,10.9011,0.9815250310953186,12.2165,9.8595,2.3569999999999993,10.6273,-0.7677999999999994,-2.3569999999999993,-1.5892,0.7677999999999994,2.3569999999999993,1.5892,0.21621669224053602,0.09003907321795465,-1.041599999999999,-0.2737999999999996,1.3154000000000003,22.771700000000003,22.771700000000003,3.088935695577906,0.015801757242639672,0.000868486103804771,0.0002738713761324883,52.8792,54.194599999999994
TRN-0970,21.6393,46.0109,37.6075,53.7777,13.5387,12.9017,17.5589,27.2276,20.1454,Valid,0,0,0,0,0,995.6436683699999,53543.426504501345,113847.54786688853,5261.147200036107,1163.7117836099999,2474.3603769300003,2.1262655387990583,14.666433333333336,2.061749227126218,17.5589,12.9017,4.657200000000001,13.5387,0.6370000000000005,-4.020200000000001,-4.657200000000001,0.6370000000000005,4.020200000000001,4.657200000000001,0.31754139378071516,0.14057603779265898,-1.1277333333333353,-1.7647333333333357,2.8924666666666656,12.561166666666663,12.561166666666663,1.8564566806887826,0.014730604717864191,0.00027391659986172954,0.0001288252018423148,52.27393333333334,55.1664
TRN-0318,25.1775,66.3148,37.9414,36.4763,16.4199,15.8983,20.8264,62.0508,27.6115,Valid,0,0,0,0,0,1669.640877,60902.32152171511,160410.09914599278,6371.168415244737,918.38204325,2418.9185392400004,2.6338912666511267,17.714866666666666,2.210466979823243,20.8264,15.8983,4.928099999999999,16.4199,0.5215999999999976,-4.406500000000001,-4.928099999999999,0.5215999999999976,4.406500000000001,4.928099999999999,0.2781900544068416,0.12478032697825833,-1.2949666666666673,-1.8165666666666649,3.111533333333334,44.33593333333334,44.33593333333334,3.502752668977507,0.010609986195286879,0.0002908734219607613,0.00011043485890768972,55.65626666666667,58.7678
TRN-0767,27.0091,89.3887,31.1747,24.0991,18.2747,18.1538,23.0462,65.1731,35.2858,Valid,0,0,0,0,0,2414.30833717,58182.658048293546,192559.99516761006,7129.448520615701,650.89500181,2154.18722017,3.309577019983005,19.8249,2.278337766881811,23.0462,18.1538,4.8923999999999985,18.2747,0.1208999999999989,-4.7715,-4.8923999999999985,0.1208999999999989,4.7715,4.8923999999999985,0.2467805513883776,0.11492303375849448,-1.5502000000000002,-1.6710999999999991,3.2212999999999994,45.348200000000006,45.348200000000006,3.2874363407918157,0.008211420093519165,0.00034073555015661086,0.00010295440640534318,50.9996,54.2209
TRN-0437,25.3163,24.303,33.4231,57.0072,14.28,12.2727,18.7394,78.7804,19.2354,Valid,0,0,0,0,0,615.2620389,35074.36610398008,33670.4936908248,1329.9926277075313,1443.21137736,1385.4459816,0.959974365923363,15.097366666666668,2.7025442855863724,18.7394,12.2727,6.4666999999999994,14.28,2.007299999999999,-4.4594000000000005,-6.4666999999999994,2.007299999999999,4.4594000000000005,6.4666999999999994,0.42833294801965804,0.17900764856865042,-0.8173666666666684,-2.8246666666666673,3.642033333333332,63.683033333333334,63.683033333333334,5.218154696857419,0.024538108460454473,0.00043043876036074816,0.00044838566386486665,48.520466666666664,52.162499999999994
TRN-0502,31.4814,15.7485,22.313,54.752,16.6856,13.4554,22.2083,63.0366,19.7031,Valid,0,0,0,0,0,495.7848279,27145.2108971808,13579.331091192002,431.3445609104881,1723.6696128,862.261872,0.5002477494568935,17.449766666666665,3.613980042679939,22.2083,13.4554,8.752900000000002,16.6856,3.2302000000000017,-5.5227,-8.752900000000002,3.2302000000000017,5.5227,8.752900000000002,0.5016055323601922,0.20710763098488277,-0.7641666666666644,-3.994366666666666,4.758533333333336,45.58683333333333,45.58683333333333,3.6124607045866495,0.03519624976299202,0.0006428303958336939,0.001285024022773856,39.762766666666664,44.5213
TRN-0413,23.8614,99.6453,27.3515,52.786,17.422,17.7966,21.1059,58.3409,40.8523,Valid,0,0,0,0,0,2377.67636142,125508.02441391612,524122.0022769828,21965.265253158555,1259.5478604,5259.8768058000005,4.176003747642479,18.774833333333333,1.6553922281105722,21.1059,17.422,3.6838999999999977,17.7966,-0.37460000000000093,-3.6838999999999977,-3.309299999999997,0.37460000000000093,3.6838999999999977,3.309299999999997,0.19621478062576056,0.08817080346597495,-1.3528333333333329,-0.978233333333332,2.331066666666665,39.566066666666664,39.566066666666664,3.1073989236975597,0.007896294731308302,0.0001495907008404956,3.5821494330962226e-05,46.126333333333335,48.4574
TRN-0735,26.086,76.1449,37.1549,29.5568,16.9605,16.7213,21.3601,54.0255,29.7533,Valid,0,0,0,0,0,1986.3158614000001,58709.14065222752,171371.6799835084,6569.488362110712,771.0186848,2250.5995803200003,2.9189947512460805,18.3473,2.1326082684512566,21.3601,16.7213,4.6388,16.9605,0.2392000000000003,-4.3995999999999995,-4.6388,0.2392000000000003,4.3995999999999995,4.6388,0.2528328281091589,0.11623553068929629,-1.386800000000001,-1.6260000000000012,3.0127999999999986,35.678200000000004,35.678200000000004,2.944602042556559,0.00923684915743036,0.0003125118132518835,0.00010706144680182019,55.5022,58.515
TRN-0249,15.2693,100.304,34.0973,32.5533,12.9218,14.867,15.5072,30.5176,40.5863,Valid,0,0,0,0,0,1531.5718672,49857.718464521764,327515.24908577284,21449.262745280408,497.06610369,3265.2262032,6.568997493729412,14.432,1.0993913588890902,15.5072,12.9218,2.5854,14.867,-1.9452000000000016,-2.5854,-0.6401999999999983,1.9452000000000016,2.5854,0.6401999999999983,0.17914355743184884,0.07617733389078135,-1.510200000000001,0.4350000000000005,1.0751999999999988,16.0856,16.0856,2.1145785674488247,0.009422998880856565,0.0002894637068076069,4.4065123807949304e-05,48.5293,49.604499999999994
TRN-0941,26.4406,81.4135,28.2367,48.9851,17.6256,17.3812,22.0976,32.9076,29.618,Valid,0,0,0,0,0,2152.6217881,105446.3935522573,324680.9815763145,12279.636971047461,1295.1954350600001,3988.0484388500004,3.0791092834841387,19.0348,2.1680237883073765,22.0976,17.3812,4.7164,17.6256,0.24439999999999884,-4.472000000000001,-4.7164,0.24439999999999884,4.472000000000001,4.7164,0.2477777414116386,0.11389789619063401,-1.409200000000002,-1.6536000000000008,3.0627999999999993,13.872800000000002,13.872800000000002,1.728812399982537,0.008842612342021473,0.00018051636816185834,5.862616254123696e-05,47.2715,50.3343
TRN-0644,22.3928,21.7817,18.0,17.6499,12.3418,10.3495,16.293,43.2368,15.8306,Valid,0,0,0,0,0,487.75325176000007,8608.796118238824,8373.861884563012,373.9533024279996,395.23068072,384.44482683,0.9727099347687678,12.994766666666665,2.469962504888597,16.293,10.3495,5.9434999999999985,12.3418,1.9922999999999984,-3.9512,-5.9434999999999985,1.9922999999999984,3.9512,5.9434999999999985,0.4573763958278284,0.190073617955047,-0.652966666666666,-2.6452666666666644,3.298233333333334,30.24203333333334,30.24203333333334,3.327246866514454,0.026642091248258195,0.0015094754814353347,0.0015518248144348239,30.994766666666663,34.293
TRN-0004,15.8587,26.0792,30.945,29.2205,9.2522,8.8999,12.1474,35.7616,15.4348,Valid,0,0,0,0,0,413.58220904,12085.07893925332,19873.58299687712,1253.1658801611254,463.39914335000003,762.0472636000001,1.6444726462779014,10.099833333333335,1.454974401454846,12.1474,8.8999,3.2474999999999987,9.2522,0.3522999999999996,-2.895199999999999,-3.2474999999999987,0.3522999999999996,2.895199999999999,3.2474999999999987,0.3215399275691088,0.14405923438297116,-0.8476333333333343,-1.199933333333334,2.0475666666666648,25.661766666666665,25.661766666666665,3.5408105538892833,0.024420376621993773,0.000835727543300733,0.0005082039476430692,41.04483333333334,43.0924
TRN-0102,15.3713,82.2769,40.7093,24.3331,12.0642,13.5868,14.6883,31.9827,29.6686,Valid,0,0,0,0,0,1264.70291297,30774.14245159031,164722.6351105795,10716.245496108591,374.03138003000004,2002.0520353900001,5.352630854083204,13.446433333333333,1.0758724532004507,14.6883,12.0642,2.6241000000000003,13.5868,-1.5226000000000006,-2.6241000000000003,-1.1014999999999997,1.5226000000000006,2.6241000000000003,1.1014999999999997,0.1951521076107835,0.08001172850213481,-1.3822333333333336,0.14036666666666697,1.2418666666666667,18.53626666666667,18.53626666666667,2.3785264708217695,0.010632088520397206,0.0004369393348343822,8.163075660017832e-05,54.15573333333333,55.3976
TRN-0310,17.7259,93.4655,30.4254,9.3407,13.8355,15.1421,16.6845,43.4387,34.339,Valid,0,0,0,0,0,1656.76010645,15475.299126317515,81598.48416671819,4603.347619210905,165.57231413,873.0331958500001,5.272820828684534,15.220699999999999,1.1644265312447442,16.6845,13.8355,2.849,15.1421,-1.3065999999999995,-2.849,-1.5424000000000007,1.3065999999999995,2.849,1.5424000000000007,0.18717928957411362,0.07650281884157269,-1.3851999999999993,-0.07859999999999978,1.4638000000000009,28.217999999999996,28.217999999999996,2.8539224310365205,0.009187027096775597,0.0009835480319169993,0.0001865316513566018,45.6461,47.109899999999996
TRN-0653,11.3197,81.8708,23.3696,20.6582,9.9817,11.3997,11.2124,36.3911,23.001,Valid,0,0,0,0,0,926.75289476,19145.046650531032,138468.35917173568,12232.510308508652,233.84462653999998,1691.30336056,7.232593864449248,10.864600000000001,0.6289698614931136,11.3997,9.9817,1.4179999999999993,11.2124,-1.4179999999999993,-1.2307000000000006,0.1872999999999987,1.4179999999999993,1.2307000000000006,0.1872999999999987,0.13051560752208013,0.05789166684474778,-0.8829000000000011,0.5350999999999981,0.34779999999999944,25.5265,25.5265,3.349510948446243,0.011723297601449948,0.0005674888234932119,7.846269042913042e-05,34.2342,34.7693
TRN-0115,28.8054,58.7016,35.5128,57.6561,17.5856,16.3149,22.4877,65.3874,23.0506,Valid,0,0,0,0,0,1690.9230686399999,97492.0295378147,198675.87747842362,6897.174508295288,1660.80702294,3384.50531976,2.0378678290227588,18.796066666666665,2.6614265752704043,22.4877,16.3149,6.172799999999999,17.5856,1.270699999999998,-4.902100000000001,-6.172799999999999,1.270699999999998,4.902100000000001,6.172799999999999,0.32840911777238224,0.14159486029039112,-1.2104666666666652,-2.481166666666663,3.6916333333333355,46.59133333333334,46.59133333333334,3.4787808364809925,0.011115861510286434,0.00019279593168365985,9.460668756131869e-05,54.30886666666666,58.0005
TRN-0772,29.2843,55.6198,36.0893,55.5212,17.8595,16.5567,22.9917,15.8876,23.1953,Valid,0,0,0,0,0,1628.78690914,90432.20373974377,171758.28295584323,5865.200024949997,1625.89947716,3088.0780397599997,1.8993043405748353,19.13596666666667,2.7778086823169734,22.9917,16.5567,6.435000000000002,17.8595,1.3028000000000013,-5.132200000000001,-6.435000000000002,1.3028000000000013,5.132200000000001,6.435000000000002,0.3362777421080858,0.1451616521674885,-1.2764666666666677,-2.579266666666669,3.8557333333333332,-3.2483666666666675,3.2483666666666675,0.8302480583553103,0.011748600475320533,0.0002116056656268906,0.00011141219123315793,55.22526666666667,59.081
TRN-0831,18.7826,102.8008,35.3483,23.859,14.421,15.9943,16.9964,53.0225,43.4195,Valid,0,0,0,0,0,1930.8663060799997,46068.539196762715,252142.01890358975,13424.233358499696,448.1340534,2452.7242872,5.4731929832295325,15.8039,1.0599875502413547,16.9964,14.421,2.575400000000002,15.9943,-1.5733000000000015,-2.575400000000002,-1.0021000000000004,1.5733000000000015,2.575400000000002,1.0021000000000004,0.1629597654401911,0.06707125982637797,-1.3829000000000011,0.19040000000000035,1.1925000000000008,37.2186,37.2186,3.3550260786877875,0.00818487532878433,0.0003430519021268967,6.26785653127501e-05,51.1522,52.3447
TRN-0705,8.2692,25.6949,31.0763,11.3228,5.3401,6.1135,6.6989,39.6231,12.5064,Valid,0,0,0,0,0,212.47626707999999,2405.826276893424,7475.628307714029,904.0327242878761,93.63049776,290.93821372,3.1073014188432477,6.050833333333333,0.5564947998159753,6.6989,5.3401,1.3588000000000005,6.1135,-0.7734000000000005,-1.3588000000000005,-0.5853999999999999,0.7734000000000005,1.3588000000000005,0.5853999999999999,0.2245640725138567,0.09196992830398792,-0.7107333333333337,0.06266666666666687,0.6480666666666668,33.572266666666664,33.572266666666664,6.548369665604793,0.028477690181640043,0.002515074919969504,0.0008094079966870649,37.12713333333333,37.7752
TRN-0991,31.3945,56.8214,40.6793,37.536,18.3479,16.9601,23.7599,53.2477,24.1357,Valid,0,0,0,0,0,1783.8794423,66959.6987461728,121191.41334742655,3860.2751911051732,1178.423952,2132.8480704,1.8099156919232446,19.6893,2.9335797790412985,23.7599,16.9601,6.799799999999998,18.3479,1.3877999999999986,-5.411999999999999,-6.799799999999998,1.3877999999999986,5.411999999999999,6.799799999999998,0.34535507380378805,0.14899359703228157,-1.3414000000000001,-2.7291999999999987,4.070599999999999,33.558400000000006,33.558400000000006,2.7043976827821363,0.0110373490058144,0.000294047021841348,0.0001624644804116036,60.3686,64.4392
TRN-0862,16.9245,33.0504,36.7006,42.7713,10.4439,10.0715,13.4578,57.3797,17.5038,Valid,0,0,0,0,0,559.3614948,23924.618302539235,46720.328798265415,2760.514404428551,723.8828668499999,1413.60857352,1.9528138525324914,11.324399999999999,1.516183170552512,13.4578,10.0715,3.3863000000000003,10.4439,0.37239999999999895,-3.0139000000000014,-3.3863000000000003,0.37239999999999895,3.0139000000000014,3.3863000000000003,0.299026853605767,0.13388639015454434,-0.8804999999999996,-1.2528999999999986,2.1334000000000017,46.0553,46.0553,5.066908174657539,0.02024522618204855,0.00047333670515967017,0.00024238699279398163,48.025,50.1584
TRN-0229,14.9486,51.2987,47.6404,16.062,10.0847,11.0032,13.0154,40.751,20.6136,Valid,0,0,0,0,0,766.84374682,12317.044261422841,42268.062457584776,2827.55974673381,240.10441320000004,823.9597194,3.43167230164214,11.367766666666666,1.223909654436234,13.0154,10.0847,2.9307,11.0032,-0.9184999999999999,-2.9307,-2.0122,0.9184999999999999,2.9307,2.0122,0.25780787274476025,0.1076649075108268,-1.2830666666666666,-0.3645666666666667,1.6476333333333333,29.38323333333333,29.38323333333333,3.5847847347806754,0.01482409773696819,0.0009229297568855658,0.0002689445885485067,59.00816666666667,60.6558
TRN-0696,19.9703,69.0999,46.7115,35.8717,14.0227,14.7328,17.7988,55.6225,30.0941,Valid,0,0,0,0,0,1379.9457329700003,49500.999349379956,171280.05613046474,8576.738834856056,716.36861051,2478.73088283,3.4601331246834985,15.518099999999999,1.638547094227078,17.7988,14.0227,3.7760999999999996,14.7328,-0.7100999999999988,-3.7760999999999996,-3.0660000000000007,0.7100999999999988,3.7760999999999996,3.0660000000000007,0.24333518643808286,0.10558940776497576,-1.4953999999999983,-0.7852999999999994,2.2807000000000013,40.104400000000005,40.104400000000005,3.5843625453913472,0.01124544220688707,0.0003134906406668512,9.060074097645785e-05,62.2296,64.5103
TRN-0371,8.4715,19.0963,37.7212,24.6285,5.5421,6.063,7.3369,59.883,13.5288,Valid,0,0,0,0,0,161.77430545,3984.258481775325,8981.242429974165,1060.1713238272846,208.64033775000001,470.31322455,2.254181401855468,6.314,0.7539131293900292,7.3369,5.5421,1.7948000000000004,6.063,-0.5209000000000001,-1.7948000000000004,-1.2739000000000003,0.5209000000000001,1.7948000000000004,1.2739000000000003,0.2842571611882862,0.11940339087529907,-0.7719000000000005,-0.25100000000000033,1.0229,53.569,53.569,9.484160677199766,0.039029683628725574,0.0015847365393828166,0.0007030207734093134,44.0352,45.0581
TRN-0819,17.2999,23.0813,37.999,20.686,10.0065,9.4349,13.3861,60.0238,16.4621,Valid,0,0,0,0,0,399.30418187,8260.006306162819,11020.39223084734,637.0205373341349,357.8657314,477.4597718,1.3341868256933953,10.9425,1.7435724552385732,13.3861,9.4349,3.9512,10.0065,0.5716000000000001,-3.3796,-3.9512,0.5716000000000001,3.3796,3.9512,0.3610874698572109,0.15933948328984143,-0.9359999999999999,-1.5076,2.4436,49.0813,49.0813,5.4853821809109276,0.027403920292922428,0.0013247568576928333,0.0009929319909665064,48.941500000000005,51.3851
TRN-0107,16.1498,53.7524,24.6296,36.9404,11.0133,10.8826,13.8872,35.324,16.8455,Valid,0,0,0,0,0,868.09050952,32067.610657872603,106732.6552109767,6608.914574921184,596.5800719199999,1985.63515696,3.328362993451127,11.9277,1.3866027573413617,13.8872,10.8826,3.0046,11.0133,0.13069999999999915,-2.873900000000001,-3.0046,0.13069999999999915,2.873900000000001,3.0046,0.25190101596275766,0.11625063013747258,-0.9144000000000005,-1.0450999999999997,1.9595000000000002,23.396299999999997,23.396299999999997,2.9615095147002766,0.013740157109717878,0.00037195474670326874,0.00011175305229979481,36.5573,38.5168
TRN-0017,15.8688,16.7878,29.9819,37.0965,8.8732,8.0324,11.9012,45.7346,15.0326,Valid,0,0,0,0,0,266.40224064,9882.59071990176,10454.91508416306,658.8345952641955,588.6769392,622.7686227,1.0579123148623517,9.602266666666667,1.661436529700193,11.9012,8.0324,3.8687999999999985,8.8732,0.8407999999999998,-3.0279999999999987,-3.8687999999999985,0.8407999999999998,3.0279999999999987,3.8687999999999985,0.402904827724201,0.17302543392616596,-0.7290666666666663,-1.569866666666666,2.2989333333333324,36.132333333333335,36.132333333333335,4.762895764587275,0.03604424124794938,0.0009716345579664444,0.0009184452086362312,39.58416666666667,41.8831
TRN-0196,28.5086,20.9697,30.8619,45.7868,15.5239,12.9922,20.4713,56.8221,19.7101,Valid,0,0,0,0,0,597.81678942,27372.117773815655,20133.75255472321,706.2343239755331,1305.31756648,960.1354599599999,0.7355569640193849,16.329133333333335,3.1059657374514322,20.4713,12.9922,7.479099999999999,15.5239,2.531699999999999,-4.9474,-7.479099999999999,2.531699999999999,4.9474,7.479099999999999,0.4580218306326627,0.1902100671136679,-0.8052333333333355,-3.3369333333333344,4.1421666666666646,40.49296666666666,40.49296666666666,3.4797986739570574,0.027314611424448614,0.0005965608312688661,0.0008110327813029381,47.19103333333334,51.3332
TRN-0548,11.0253,69.5239,28.2345,57.4589,9.5924,11.0881,11.7175,55.009,21.1399,Valid,0,0,0,0,0,766.5218546699999,44043.50259529806,277731.76875778823,25190.402398790586,633.5016101699999,3994.76681771,6.305850516008588,10.799333333333335,0.8912733001473541,11.7175,9.5924,2.1250999999999998,11.0881,-1.4957000000000011,-2.1250999999999998,-0.6293999999999986,1.4957000000000011,2.1250999999999998,0.6293999999999986,0.19678064725162223,0.08253039239616287,-1.2069333333333354,0.28876666666666573,0.9181666666666644,44.209666666666664,44.209666666666664,5.093739882671163,0.014088748094330429,0.00024519696883147163,3.888404045960123e-05,39.033833333333334,39.952
TRN-0525,9.5113,33.9672,37.9995,40.471,6.9494,7.6298,8.9024,47.3362,15.1242,Valid,0,0,0,0,0,323.07222936,13075.056194428558,46694.25302192064,4909.344475789447,384.93182229999996,1374.6865511999997,3.5712464572407074,7.8272,0.8094349139986489,8.9024,6.9494,1.9530000000000003,7.6298,-0.6804000000000006,-1.9530000000000003,-1.2725999999999997,0.6804000000000006,1.9530000000000003,1.2725999999999997,0.24951448161354234,0.10341307371545062,-0.8778000000000006,-0.19740000000000002,1.0751999999999997,39.509,39.509,6.0476535609600415,0.024227399523871603,0.0005986360504314031,0.00016762662411920137,45.826699999999995,46.9019
TRN-0687,29.9997,106.7406,47.4892,50.5266,20.7767,21.1299,26.0691,55.6824,57.2566,Valid,0,0,0,0,0,3202.18597782,161795.57002692003,575677.6308434904,19189.445616257653,1515.78284202,5393.23959996,3.5580554619527707,22.658566666666662,2.415918151667302,26.0691,20.7767,5.292399999999997,21.1299,-0.3531999999999975,-5.292399999999997,-4.9392,0.3531999999999975,5.292399999999997,4.9392,0.23357169252078194,0.10662272157747169,-1.8818666666666601,-1.5286666666666626,3.410533333333337,33.02383333333334,33.02383333333334,2.4574545407790787,0.007075968359281963,0.00014004441940379837,3.9359817808844984e-05,70.14776666666666,73.5583
TRN-0637,28.1778,101.9614,46.7242,5.1181,19.2773,19.9162,23.9894,55.4093,50.626,Valid,0,0,0,0,0,2873.04793692,14704.546645950253,53208.41805912428,1888.3098102341014,144.21679818,521.84864134,3.6185009610934507,21.06096666666667,2.087077644831537,23.9894,19.2773,4.7120999999999995,19.9162,-0.6388999999999996,-4.7120999999999995,-4.0732,0.6388999999999996,4.7120999999999995,4.0732,0.2237361584984469,0.09909694928855374,-1.7836666666666687,-1.1447666666666692,2.928433333333331,34.34833333333333,34.34833333333333,2.6309000078707996,0.00733053089323465,0.0014322758240924583,0.00039582019978245297,67.78516666666667,70.7136
TRN-0790,11.0441,36.6588,49.2146,45.1862,7.7952,8.7153,10.2325,51.3039,20.4399,Valid,0,0,0,0,0,404.86345308,18294.240963563494,60724.270935167326,5498.344404417103,499.04091142,1656.4718685599998,3.3193104626623753,8.914333333333333,1.0049273682986026,10.2325,7.7952,2.4372999999999996,8.7153,-0.9200999999999988,-2.4372999999999996,-1.5172000000000008,0.9200999999999988,2.4372999999999996,1.5172000000000008,0.2734135728885795,0.11273162198335797,-1.119133333333333,-0.19903333333333428,1.3181666666666665,42.38956666666667,42.38956666666667,5.7552138030272815,0.022018123007891653,0.00048727538631423246,0.00014680017060565421,58.12893333333333,59.4471
TRN-0337,24.7539,95.1678,30.4097,7.7587,17.2067,17.6076,21.1211,62.9772,37.6123,Valid,0,0,0,0,0,2355.77420442,18277.745319833455,70269.84883387451,2838.7383804223223,192.05808393,738.37840986,3.8445576719402728,18.645133333333334,1.7584061728988793,21.1211,17.2067,3.914399999999997,17.6076,-0.40090000000000003,-3.914399999999997,-3.513499999999997,0.40090000000000003,3.914399999999997,3.513499999999997,0.20994217204442042,0.09430911794264962,-1.4384333333333323,-1.0375333333333323,2.4759666666666647,44.33206666666667,44.33206666666667,3.3776747796024638,0.007914652130257611,0.0010201002916963243,0.0002653361810574988,49.054833333333335,51.5308
TRN-0776,20.4738,40.3826,41.5696,36.864,12.6427,12.2225,16.7908,53.4398,19.2865,Valid,0,0,0,0,0,826.78527588,30478.612410040318,60116.12956606463,2936.2466483905273,754.7461632,1488.6641663999997,1.972403658705093,13.885333333333335,2.0616246705504433,16.7908,12.2225,4.568300000000001,12.6427,0.42019999999999946,-4.148100000000001,-4.568300000000001,0.42019999999999946,4.148100000000001,4.568300000000001,0.3290018007728682,0.14847497518308056,-1.2426333333333357,-1.6628333333333352,2.9054666666666655,39.55446666666666,39.55446666666666,3.848650577444984,0.01679436453649943,0.00045557629547149684,0.00023097517144451342,55.45493333333334,58.3604
TRN-0882,16.6046,62.6201,20.6738,56.6195,12.4968,12.4027,15.5819,36.5569,19.8233,Valid,0,0,0,0,0,1039.78171246,58871.920668628976,222020.7387989842,13371.037268464577,940.1441497000001,3545.51875195,3.7712499083838265,13.4938,1.4770093454906323,15.5819,12.4027,3.1792,12.4968,0.09410000000000096,-3.085099999999999,-3.1792,0.09410000000000096,3.085099999999999,3.1792,0.23560448238417034,0.10945836132388735,-0.9969999999999999,-1.0911000000000008,2.088099999999999,23.0631,23.0631,2.7091625258146315,0.01297753155813612,0.0002292060433313028,6.0777205196837045e-05,34.1676,36.2557
TRN-0235,14.5684,107.6301,39.9672,6.4811,13.4309,15.8185,15.7473,46.4148,49.1812,Valid,0,0,0,0,0,1567.99834884,10162.354098666923,75078.6076628134,5153.524238028141,94.41925724,697.5614411099999,7.387914432064301,14.9989,1.1091243873735113,15.8185,13.4309,2.387600000000001,15.7473,-2.387600000000001,-2.3164,0.07120000000000104,2.387600000000001,2.3164,0.07120000000000104,0.15918499628739471,0.07394704367830092,-1.5680000000000014,0.8195999999999994,0.7483999999999984,31.4159,31.4159,3.0945467271235407,0.009565635066854821,0.0014759277085701628,0.0001997759477261752,54.9661,55.7857
TRN-0112,8.0142,60.8575,28.5069,33.4378,7.7383,9.1334,9.0903,64.7652,15.6204,Valid,0,0,0,0,0,487.72417650000006,16308.423468971703,123841.41664332627,15452.746523742826,267.97721676000003,2034.9409135000003,7.593707719584273,8.654,0.6477367109147563,9.1334,7.7383,1.3951000000000002,9.0903,-1.3951000000000002,-1.3519999999999994,0.043100000000000804,1.3951000000000002,1.3519999999999994,0.043100000000000804,0.16120867099506925,0.07484823619904322,-0.9157000000000002,0.47940000000000005,0.43629999999999924,56.1112,56.1112,7.483844755737837,0.01774363543829032,0.0005306460195821132,6.987969158051842e-05,37.1609,37.6403
TRN-0296,14.8834,47.7957,30.2891,13.1237,9.9603,10.1437,12.5896,65.077,16.4399,Valid,0,0,0,0,0,711.36252138,9335.708321834705,29980.16006006121,2014.3353028021763,195.32527657999998,627.25642809,3.2113426225632167,10.897866666666667,1.1985769738411558,12.5896,9.9603,2.6293000000000006,10.1437,-0.18340000000000067,-2.6293000000000006,-2.4459,0.18340000000000067,2.6293000000000006,2.4459,0.24126738187895663,0.10998270583769759,-0.9375666666666671,-0.7541666666666664,1.6917333333333335,54.17913333333333,54.17913333333333,5.971535165457292,0.015319708761442423,0.0011673315285580415,0.00036350261788031677,41.18696666666667,42.8787
TRN-0809,27.2252,27.563,26.0366,22.9568,15.0208,12.9747,19.8833,80.3398,18.8413,Valid,0,0,0,0,0,750.4081876,17226.97068109568,17440.7164275392,640.6092806271365,625.00347136,632.7582784,1.0124075851634666,15.9596,2.8974928898388455,19.8833,12.9747,6.908599999999998,15.0208,2.046099999999999,-4.862499999999999,-6.908599999999998,2.046099999999999,4.862499999999999,6.908599999999998,0.4328804961978685,0.18155171234160838,-0.9388000000000005,-2.9848999999999997,3.9236999999999984,64.3802,64.3802,5.033947903835441,0.02126789158547836,0.0009264310188086125,0.0009150770878818047,41.9962,45.9199
TRN-0853,19.4248,90.8578,42.6535,7.9696,14.7149,16.0781,17.7581,53.2609,36.753,Valid,0,0,0,0,0,1764.89459344,14065.503951879424,65790.16231616645,3386.9156402769036,154.80788608,724.1003228799999,4.677412139254347,16.183699999999998,1.244623123680417,17.7581,14.7149,3.043199999999999,16.0781,-1.363199999999999,-3.043199999999999,-1.6799999999999997,1.363199999999999,3.043199999999999,1.6799999999999997,0.18804104203358668,0.0769059638262235,-1.468799999999998,-0.10559999999999903,1.5744000000000007,37.077200000000005,37.077200000000005,3.291021009347615,0.00916978274565744,0.0011505951051748093,0.00024598966517182816,58.837199999999996,60.4116
TRN-0529,31.0312,81.3554,30.7886,32.5102,19.8275,25.595,25.174,47.8984,31.6224,Invalid,0,0,0,0,0,2524.55568848,82073.81034362249,215175.29679901345,6934.15948673767,1008.8305182399998,2644.8803250799997,2.621729013968876,23.532166666666665,2.625227175354967,25.595,19.8275,5.767499999999998,25.174,-5.767499999999998,-5.346499999999999,0.4209999999999994,5.767499999999998,5.346499999999999,0.4209999999999994,0.24509004362439873,0.11155908850137948,-3.7046666666666646,2.0628333333333337,1.6418333333333344,24.366233333333337,24.366233333333337,2.0354435969725015,0.009321310187264575,0.00028671955850297017,0.00010936277080420504,54.320766666666664,56.3836
TRN-0874,21.7457,52.85,38.0608,53.9387,14.0088,13.5919,1.0,63.0673,20.8285,Invalid,0,0,0,0,0,1149.260245,61989.60357698149,150657.39659075,6928.146238686441,1172.93478859,2850.660295,2.4303654317697094,9.533566666666667,6.036542688401109,14.0088,1.0,13.0088,13.5919,0.41690000000000005,13.0088,12.5919,0.41690000000000005,13.0088,12.5919,1.3645258999402918,0.6331882144716278,4.475233333333334,4.058333333333334,-8.533566666666667,53.53373333333334,53.53373333333334,6.6152884423854905,0.008295394102291664,0.00015379299296008016,6.32797783735812e-05,47.594366666666666,52.0696
TRN-0293,23.6339,86.7762,33.2134,26.0206,16.5715,16.8931,20.2296,47.5054,33.6492,Valid,0,0,0,0,0,2050.8600331800003,53364.60857936352,195937.9512905007,8290.546333865945,614.96825834,2257.96878972,3.6716833162667473,17.89806666666667,1.6538626310012037,20.2296,16.5715,3.658100000000001,16.8931,-0.3216000000000001,-3.658100000000001,-3.336500000000001,0.3216000000000001,3.658100000000001,3.336500000000001,0.2043851921966325,0.09240453560701162,-1.3265666666666682,-1.0049666666666681,2.331533333333333,29.607333333333333,29.607333333333333,2.6542194880888723,0.008727102956015666,0.00033539207243904695,9.134558439900888e-05,51.11146666666667,53.443
TRN-0386,24.1553,87.6288,31.6699,9.5358,16.7324,16.8579,20.8384,37.0967,33.0113,Valid,0,0,0,0,0,2116.69995264,20184.427408384512,73223.56387558195,3031.3662361558627,230.34010974,835.61071104,3.627725442129659,18.1429,1.9066948278806097,20.8384,16.7324,4.106000000000002,16.8579,-0.1255000000000024,-4.106000000000002,-3.9804999999999993,0.1255000000000024,4.106000000000002,3.9804999999999993,0.22631441355492163,0.10509316166585539,-1.4105000000000025,-1.2850000000000001,2.695499999999999,18.953799999999998,18.953799999999998,2.0446950573119476,0.00857131402530643,0.0008988563129397802,0.00024777406396907686,49.812799999999996,52.5083
TRN-0001,28.6557,37.7881,19.8451,49.0661,16.5184,14.4007,21.5919,60.3044,20.1476,Valid,0,0,0,0,0,1082.84445717,53130.95441994893,70063.47144604642,2445.0098584587554,1406.0234417699999,1854.11469341,1.3186939659930148,17.503666666666664,3.0173279750283837,21.5919,14.4007,7.1911999999999985,16.5184,2.1176999999999992,-5.073499999999999,-7.1911999999999985,2.1176999999999992,5.073499999999999,7.1911999999999985,0.4108396101289476,0.1723826133179203,-0.9852666666666643,-3.1029666666666635,4.088233333333335,42.80073333333334,42.80073333333334,3.44524365683893,0.01616452532457685,0.00032944385918588293,0.00024982585511618333,37.34876666666666,41.437
TRN-0483,28.1686,30.8848,47.1226,31.0161,15.6773,13.958,20.8884,49.9856,22.8391,Valid,0,0,0,0,0,869.98157728,26983.43559907421,29585.354323263742,1050.295480533937,873.6801144600001,957.92604528,1.0964264785460944,16.841233333333335,2.9465987899422093,20.8884,13.958,6.930400000000001,15.6773,1.7193000000000005,-5.2111,-6.930400000000001,1.7193000000000005,5.2111,6.930400000000001,0.4115137799776869,0.17496335076284147,-1.1639333333333344,-2.883233333333335,4.047166666666666,33.14436666666666,33.14436666666666,2.968048482115414,0.01935814936062135,0.0006241322855599239,0.0005692422388709195,63.96383333333333,68.011
TRN-0127,31.9221,26.6474,39.91,58.3026,17.1866,14.5966,22.8735,43.6359,22.4999,Valid,0,0,0,0,0,850.64096754,49594.580074097605,41399.739148317574,1296.8989462290585,1861.14142746,1553.61270324,0.8347633509461047,18.2189,3.4569737121746624,22.8735,14.5966,8.2769,17.1866,2.589999999999998,-5.686900000000001,-8.2769,2.589999999999998,5.686900000000001,8.2769,0.45430292419943435,0.18974655563333168,-1.0323000000000029,-3.622300000000001,4.6545999999999985,25.416999999999998,25.416999999999998,2.3950895830654106,0.02141784921465758,0.0003673566743061922,0.00044007282109409903,58.1289,62.7835
TRN-0207,16.4512,87.7723,18.0,18.5651,13.0139,13.8086,15.8387,34.7912,26.7392,Valid,0,0,0,0,0,1443.95966176,26807.25551654058,143025.0968546036,8693.900029219969,305.41817312,1629.50152673,5.33531260118942,14.220399999999998,1.1894139144973879,15.8387,13.0139,2.8247999999999998,13.8086,-0.7947000000000006,-2.8247999999999998,-2.030099999999999,0.7947000000000006,2.8247999999999998,2.030099999999999,0.1986441873193309,0.08364137653343166,-1.2064999999999984,-0.4117999999999977,1.6183000000000014,20.570800000000006,20.570800000000006,2.446569544698494,0.00984819754093336,0.0005304683275277947,9.942590714940569e-05,32.2204,33.8387
TRN-0471,27.1316,40.1931,50.0495,59.2364,15.9906,14.7284,21.0562,65.685,26.8539,Valid,0,0,0,0,0,1090.50311196,64597.478541307355,95695.53269098101,3527.087571831128,1607.17831024,2380.8945488400004,1.4814127629254168,17.258399999999998,2.734440934938377,21.0562,14.7284,6.3278,15.9906,1.2622,-5.0656,-6.3278,1.2622,5.0656,6.3278,0.36665042143823173,0.15844115193165215,-1.2677999999999976,-2.5299999999999976,3.7978000000000023,48.42660000000001,48.42660000000001,3.805972523178712,0.015826089623123377,0.00026716832281149815,0.00018034697665094036,67.3079,71.1057
TRN-0059,30.7887,106.5889,44.7605,54.8665,21.3848,21.588,35.7555,55.686,55.6198,Invalid,0,0,0,0,0,3281.7336654299997,180057.24015431508,623348.9288305214,20246.028854238488,1689.26820855,5848.15988185,3.461948589516654,26.242766666666665,6.7270297637383925,35.7555,21.3848,14.3707,21.588,-0.2032000000000025,-14.3707,-14.167499999999997,0.2032000000000025,14.3707,14.167499999999997,0.547606113140785,0.25633842623554554,-4.857966666666666,-4.654766666666664,9.512733333333333,29.443233333333335,29.443233333333335,2.1219560645172297,0.007996616829425585,0.00014574680053981717,4.209964187451031e-05,71.00326666666666,80.51599999999999
TRN-0063,27.5392,38.1989,35.1752,12.4804,15.2211,13.532,20.2284,69.7442,19.9811,Valid,0,0,0,0,0,1051.9671468800002,13128.970779921154,18210.850058285287,661.2700948834821,343.70023168,476.73755156,1.387073648215139,16.327166666666667,2.843469810323687,20.2284,13.532,6.696400000000001,15.2211,1.6890999999999998,-5.007300000000001,-6.696400000000001,1.6890999999999998,5.007300000000001,6.696400000000001,0.410138496566755,0.17415573039829058,-1.106066666666667,-2.795166666666667,3.9012333333333338,53.417033333333336,53.417033333333336,4.271665571389265,0.015520605086927234,0.001243598370284523,0.0008965625774477137,51.50236666666666,55.4036
TRN-0698,13.6327,45.7725,28.7424,15.8314,9.2535,9.6527,11.532,46.4299,16.0087,Valid,0,0,0,0,0,624.00276075,9878.83730653755,33168.710571896256,2433.0256030625374,215.82472678,724.6427565,3.3575518160341082,10.146066666666666,0.9934614783115089,11.532,9.2535,2.2784999999999993,9.6527,-0.39919999999999867,-2.2784999999999993,-1.8793000000000006,0.39919999999999867,2.2784999999999993,1.8793000000000006,0.22456976188771718,0.09791591293791316,-0.8925666666666654,-0.49336666666666673,1.385933333333334,36.283833333333334,36.283833333333334,4.576147284384693,0.016259650258938402,0.0010270506893483528,0.0003058927070549889,38.888466666666666,40.2744
TRN-0960,24.9995,20.1043,45.4578,57.462,14.2425,12.5571,19.3371,44.5012,20.9081,Valid,0,0,0,0,0,502.59744785,28880.2545483567,23225.156563792378,929.0248058868206,1436.521269,1155.2332866,0.8041880515935097,15.3789,2.8822044479876854,19.3371,12.5571,6.779999999999999,14.2425,1.6853999999999996,-5.0946,-6.779999999999999,1.6853999999999996,5.0946,6.779999999999999,0.4408637522278087,0.18741290083001935,-1.1364,-2.8217999999999996,3.9581999999999997,29.122299999999996,29.122299999999996,2.8936528039292275,0.03059884214531663,0.0005325056942873296,0.0006621656115469755,60.8367,64.7949
TRN-0899,14.9915,18.5185,35.0207,17.393,8.2577,7.9147,10.9201,35.7485,14.8891,Valid,0,0,0,0,0,277.62009275,4828.64627320075,5964.66571125425,397.8698137867749,260.7471595,322.0922705,1.2352665687044946,9.030833333333334,1.343232085514471,10.9201,7.9147,3.0054,8.2577,0.34299999999999997,-2.6624,-3.0054,0.34299999999999997,2.6624,3.0054,0.3327931716017527,0.1487384261448052,-0.7731333333333339,-1.1161333333333339,1.889266666666666,26.717666666666666,26.717666666666666,3.9584936098373786,0.032529465757855765,0.00187026193688792,0.001514055232765136,44.05153333333333,45.940799999999996
TRN-0100,21.3697,98.1157,35.5882,6.5734,15.6299,16.7153,19.2324,49.4543,40.8155,Valid,1,0,0,0,1,2096.70307429,13782.467988537888,63280.08790123337,2961.2060506243565,140.47158598000001,644.9537423800001,4.591346411444877,17.192533333333333,1.508932360607621,19.2324,15.6299,3.602499999999999,16.7153,-1.0854,-3.602499999999999,-2.5170999999999992,1.0854,3.602499999999999,2.5170999999999992,0.20953862473988946,0.08776672079590171,-1.5626333333333342,-0.4772333333333343,2.039866666666665,32.261766666666674,32.261766666666674,2.8764985453085132,0.008199794017546043,0.001247420516150227,0.0002716894666754493,52.78073333333333,54.8206
TRN-0292,17.4334,47.8325,29.7571,5.9921,17.1563,11.1729,14.0808,78.7172,16.7479,Invalid,0,0,0,0,0,833.8831055,4996.71095646655,13709.613547855626,786.399254388494,104.46267613999999,286.61712325,2.74372740006382,14.136666666666665,2.443032228377041,17.1563,11.1729,5.983400000000001,14.0808,5.983400000000001,3.0755000000000017,-2.9078999999999997,5.983400000000001,3.0755000000000017,2.9078999999999997,0.42325391960005304,0.17281528334556176,3.0196333333333367,-2.9637666666666647,-0.055866666666664955,64.58053333333334,64.58053333333334,5.568299535371409,0.016952815756157383,0.0028291944014777045,0.0010311499019494015,43.893766666666664,46.9134
TRN-0789,8.159,75.9748,31.6705,28.6888,8.5246,10.3218,9.8852,59.4848,22.5855,Valid,0,0,0,0,0,619.8783932000001,17783.567246836163,165596.63743901555,20296.190359458902,234.07191920000002,2179.62584224,9.311777262927166,9.5772,0.7653452205813183,10.3218,8.5246,1.7972000000000001,9.8852,-1.7972000000000001,-1.3605999999999998,0.4366000000000003,1.7972000000000001,1.3605999999999998,0.4366000000000003,0.1876539920170831,0.07991324611244124,-1.0526,0.7446000000000002,0.30799999999999983,49.9076,49.9076,6.211084010871236,0.015450127137210678,0.0005385421196169355,5.783450768116696e-05,41.2477,41.9923
TRN-0883,20.0684,50.751,37.9395,44.2971,20.5106,12.7888,16.5123,50.9035,19.4832,Invalid,0,0,0,0,0,1018.4913683999999,45116.21399515164,114094.44581869709,5685.27835469787,888.97192164,2248.1221221,2.5289010320254213,16.6039,3.1530769871138045,20.5106,12.7888,7.7218,16.5123,7.7218,3.9983000000000004,-3.7234999999999996,7.7218,3.9983000000000004,3.7234999999999996,0.46505938574314554,0.18989977036804812,3.9067000000000007,-3.8150999999999993,-0.09159999999999968,34.2996,34.2996,3.065755451083453,0.016302445458896198,0.0003680251184511248,0.00014552767999100557,54.543400000000005,58.450100000000006
TRN-0987,8.9208,80.0837,21.4928,31.7022,9.0013,10.7514,10.3396,80.3354,21.0958,Valid,0,0,0,0,0,714.41067096,22648.38997290811,203318.85795818552,22791.54730143465,282.80898576,2538.82947414,8.977187138240165,10.030766666666667,0.7471037515335842,10.7514,9.0013,1.7500999999999998,10.3396,-1.7500999999999998,-1.3383000000000003,0.4117999999999995,1.7500999999999998,1.3383000000000003,0.4117999999999995,0.1744731867148885,0.07448121383733086,-1.029466666666666,0.7206333333333337,0.3088333333333342,70.30463333333334,70.30463333333334,8.008898488095113,0.014040617057339104,0.00044289093742303664,4.933515153169046e-05,31.523566666666667,32.2442
TRN-0845,20.8759,61.2433,21.7204,5.906,13.325,12.9631,16.6578,58.0203,18.2318,Valid,0,0,0,0,0,1278.50900647,7550.87419221182,22151.881040620337,1061.1221542303892,123.2930654,361.7029298,2.933684155716201,14.3153,1.6629737600655847,16.6578,12.9631,3.694700000000001,13.325,0.36189999999999856,-3.3328000000000024,-3.694700000000001,0.36189999999999856,3.3328000000000024,3.694700000000001,0.2580944682895596,0.1161675720311843,-0.9903000000000013,-1.3521999999999998,2.342500000000001,43.705,43.705,4.053026897583222,0.011196870664468827,0.001895846710420543,0.0006462340589994827,36.035700000000006,38.37820000000001
TRN-0519,12.9126,55.1864,41.4512,58.3725,10.086,11.2424,12.5973,57.737,18.5291,Valid,0,0,0,0,0,712.59990864,41596.2381670884,177775.71039017758,13767.614316447756,753.7407435,3221.3681340000003,4.273840723491728,11.30856666666667,1.0263009446009923,12.5973,10.086,2.5113000000000003,11.2424,-1.1563999999999997,-2.5113000000000003,-1.3549000000000007,1.1563999999999997,2.5113000000000003,1.3549000000000007,0.22207056402044195,0.09075428249203786,-1.222566666666669,-0.06616666666666937,1.2887333333333313,46.42843333333333,46.42843333333333,5.105597959163882,0.0158694472363597,0.0002718651292688847,6.361142724044418e-05,52.75976666666667,54.048500000000004
TRN-0170,22.0985,55.2047,44.9647,31.4216,13.6698,13.7222,17.7092,52.3794,21.3338,Valid,0,0,0,0,0,1219.94106295,38332.50010358972,95759.17679791116,4333.288343761921,694.3702276,1734.6200015200002,2.498119668840886,15.033733333333336,1.8919615664407368,17.7092,13.6698,4.039399999999999,13.7222,-0.052400000000000446,-4.039399999999999,-3.9869999999999983,0.052400000000000446,4.039399999999999,3.9869999999999983,0.26868906357109795,0.12584774511052865,-1.3639333333333354,-1.311533333333335,2.6754666666666633,37.34566666666666,37.34566666666666,3.484124359166206,0.012323327558674178,0.00039219287268803216,0.00015699522318266503,59.99843333333334,62.6739
TRN-0803,14.8867,75.4868,18.0,7.5017,11.0816,11.7859,13.2672,44.839,19.2982,Valid,0,0,0,0,0,1123.74934556,8430.030465587452,42746.614343656205,2871.463216978443,111.67555739,566.27932756,5.0707540911851465,12.0449,0.9108686659813628,13.2672,11.0816,2.185600000000001,11.7859,-0.7042999999999999,-2.185600000000001,-1.481300000000001,0.7042999999999999,2.185600000000001,1.481300000000001,0.18145437642036252,0.07562276070026336,-0.9633000000000003,-0.25900000000000034,1.2223000000000006,32.7941,32.7941,3.722654092383159,0.01071849344061611,0.0014288085965691508,0.0002817743623596647,30.0449,31.267200000000003
TRN-0414,14.0512,70.4544,45.052,55.2408,11.3593,12.7422,13.8951,60.6659,27.6443,Valid,0,0,0,0,0,989.96886528,54686.672093159425,274205.52481782995,19514.739332091965,776.19952896,3891.9574195200003,5.014119433634179,12.665533333333334,1.0366544725970923,13.8951,11.3593,2.5358,12.7422,-1.3829000000000011,-2.5358,-1.152899999999999,1.3829000000000011,2.5358,1.152899999999999,0.2002126347979055,0.0818484593949432,-1.306233333333335,0.07666666666666622,1.2295666666666651,48.000366666666665,48.000366666666665,4.7898413445012435,0.012793870357687642,0.00023160182999480821,4.6189927579692514e-05,57.717533333333336,58.9471
TRN-0347,31.3892,61.6279,30.734,59.4728,19.219,17.6853,24.8014,77.0681,23.7916,Valid,0,0,0,0,0,1934.4504786799998,115047.18642843989,225877.5789282062,7196.028306939263,1866.80361376,3665.1837711199996,1.9633472033901085,20.56856666666667,3.057855178970311,24.8014,17.6853,7.116099999999999,19.219,1.5336999999999996,-5.5824,-7.116099999999999,1.5336999999999996,5.5824,7.116099999999999,0.34596964238459443,0.1486664131662341,-1.349566666666668,-2.8832666666666675,4.232833333333332,56.49953333333333,56.49953333333333,3.7468870583971787,0.010632769813817698,0.0001787837434797388,9.106068324343604e-05,51.30256666666667,55.5354
TRN-0022,10.984,63.6764,34.8429,45.5198,9.0669,10.3063,11.1205,29.858,21.5988,Valid,0,0,0,0,0,699.4215776,31837.530328036475,184568.4009632358,16803.38530224422,499.98948319999994,2898.53699272,5.797195393554681,10.164566666666667,0.8443476745722435,11.1205,9.0669,2.0535999999999994,10.3063,-1.2393999999999998,-2.0535999999999994,-0.8141999999999996,1.2393999999999998,2.0535999999999994,0.8141999999999996,0.20203515460224683,0.08306774102563833,-1.097666666666667,0.14173333333333282,0.9559333333333324,19.69343333333333,19.69343333333333,2.9374589238965174,0.014532818228188804,0.0003192636665475392,5.507208500243916e-05,45.007466666666666,45.9634
TRN-0534,9.9767,102.2508,27.3341,52.6467,10.9906,13.3539,12.5827,12.1712,38.8217,Valid,0,0,0,0,0,1020.1255563599999,53706.24412801801,550433.1519525639,55171.86011213165,525.24033189,5383.167192360001,10.248959049689875,12.309066666666666,0.9840234154847238,13.3539,10.9906,2.363299999999999,12.5827,-2.363299999999999,-1.5921000000000003,0.7711999999999986,2.363299999999999,1.5921000000000003,0.7711999999999986,0.19199666977214594,0.07994296904789057,-1.3184666666666658,1.044833333333333,0.2736333333333345,-0.1378666666666657,0.1378666666666657,0.9887995037154589,0.012066227120631608,0.00022919246851626249,2.2362509639871934e-05,39.643166666666666,40.688
TRN-0690,19.3418,107.1489,26.47,17.3647,15.2982,16.7083,16.9269,58.3653,45.6354,Invalid,1,0,0,1,0,2072.4525940199997,35987.517559379085,199362.15451603028,10307.321149464327,335.86455445999997,1860.6085038299998,5.539758164195774,16.311133333333334,0.7217903404421232,16.9269,15.2982,1.6287000000000003,16.7083,-1.4101000000000017,-1.6287000000000003,-0.21859999999999857,1.4101000000000017,1.6287000000000003,0.21859999999999857,0.09985203767659487,0.044251388388548606,-1.0129333333333346,0.3971666666666671,0.6157666666666657,42.05416666666666,42.05416666666666,3.5782489928198937,0.007870449424285109,0.0004532441924055157,8.181659840529048e-05,42.78113333333333,43.3969
TRN-0021,25.4376,105.8126,24.01,17.6411,17.9464,18.4169,21.6122,51.5824,45.8638,Valid,0,0,0,0,0,2691.61859376,47483.11277437954,197515.15939987704,7764.692881214586,448.74724536,1866.6506578600001,4.15969257478329,19.325166666666664,1.6285440662001007,21.6122,17.9464,3.665800000000001,18.4169,-0.4704999999999977,-3.665800000000001,-3.195300000000003,0.4704999999999977,3.665800000000001,3.195300000000003,0.18969046288395294,0.08427063062480548,-1.3787666666666638,-0.9082666666666661,2.287033333333337,32.25723333333333,32.25723333333333,2.6691825338712456,0.007179756710066052,0.0004069903074401423,9.784143518545976e-05,43.335166666666666,45.62220000000001
TRN-0280,27.7531,100.6147,29.6118,29.7973,19.0287,19.2137,23.3513,64.087,43.5179,Valid,0,0,0,0,0,2792.36983057,83205.08155244346,301647.53915327054,10868.9670085253,826.96744663,2998.04640031,3.625349830276624,20.531233333333333,1.9955180201864593,23.3513,19.0287,4.322599999999998,19.2137,-0.18499999999999872,-4.322599999999998,-4.137599999999999,0.18499999999999872,4.322599999999998,4.137599999999999,0.21053775578324935,0.09719425475294735,-1.5025333333333322,-1.3175333333333334,2.8200666666666656,43.55576666666667,43.55576666666667,3.1214392159536177,0.007352619664204623,0.00024675456053902087,6.806365266859716e-05,50.143033333333335,52.9631
TRN-0366,24.3028,79.2742,39.3552,10.3422,16.3572,16.5962,20.5079,46.8445,30.8484,Valid,0,0,0,0,0,1926.58502776,19925.127674099473,64994.509120846,2674.3628901395355,251.34441816,819.86963124,3.2619367619394977,17.820433333333334,1.9028291328673967,20.5079,16.3572,4.1507000000000005,16.5962,-0.23900000000000077,-4.1507000000000005,-3.9116999999999997,0.23900000000000077,4.1507000000000005,3.9116999999999997,0.2329180042618864,0.10677793241594186,-1.463233333333335,-1.2242333333333342,2.6874666666666656,29.024066666666663,29.024066666666663,2.6286957502700594,0.00924975179777195,0.0008943698441442669,0.0002741836744997204,57.17563333333334,59.8631
TRN-0775,29.5407,41.2186,43.8119,6.1275,16.6176,15.0835,21.8808,48.6293,22.324,Valid,0,0,0,0,0,1217.62629702,7461.0051349900505,10410.456971469901,352.4106273398827,181.01063925000003,252.56697150000002,1.3953155681715204,17.860633333333336,2.9108613528568403,21.8808,15.0835,6.7973,16.6176,1.5340999999999987,-5.263200000000001,-6.7973,1.5340999999999987,5.263200000000001,6.7973,0.38057438908058183,0.1629763701854807,-1.2430333333333365,-2.7771333333333352,4.020166666666665,30.768666666666665,30.768666666666665,2.7227084487835373,0.014668403074388893,0.0023938642324715796,0.0017156435476910546,61.672533333333334,65.6927
TRN-0274,30.8093,80.8853,32.2866,32.2677,19.4915,18.5482,24.6741,53.8304,31.928,Valid,0,0,0,0,0,2492.01947329,80411.73675827973,211109.22517598528,6852.126413902908,994.14524961,2609.9825948099997,2.62535329834325,20.9046,2.693114852112079,24.6741,18.5482,6.125899999999998,19.4915,0.9432999999999971,-5.182600000000001,-6.125899999999998,0.9432999999999971,5.182600000000001,6.125899999999998,0.29304075212916036,0.1288288091273342,-1.4131,-2.356399999999997,3.7695000000000007,32.925799999999995,32.925799999999995,2.575050344180212,0.008388618233393187,0.00025996951244294016,9.902267408008552e-05,53.191199999999995,56.9607
TRN-0404,23.7474,48.4547,23.1116,46.5521,14.4691,13.4609,18.3451,48.0412,19.5522,Valid,0,0,0,0,0,1150.67314278,53566.25121000884,109297.7181714889,4602.512846415862,1105.4913395400001,2255.6680398700005,2.040421181248424,15.425033333333332,2.1054229683262107,18.3451,13.4609,4.884199999999998,14.4691,1.0081999999999987,-3.8759999999999994,-4.884199999999998,1.0081999999999987,3.8759999999999994,4.884199999999998,0.31664111044766335,0.1364938918661863,-0.9559333333333324,-1.964133333333331,2.920066666666667,32.61616666666667,32.61616666666667,3.114495498799863,0.013405225816483016,0.0002879617853519532,0.0001411285943681845,38.53663333333333,41.4567
TRN-0139,20.8691,25.8051,33.1449,7.2908,11.1923,10.2307,14.7645,59.8275,16.6329,Valid,0,0,0,0,0,538.52921241,3926.308781838828,4854.966948561708,232.63900771584304,152.15243428,188.13982307999999,1.2365218798835655,12.0625,1.9505164512678856,14.7645,10.2307,4.533799999999999,11.1923,0.9615999999999989,-3.5722000000000005,-4.533799999999999,0.9615999999999989,3.5722000000000005,4.533799999999999,0.3758590361982146,0.16170083229571428,-0.8702000000000005,-1.8317999999999994,2.702,47.765,47.765,4.959792334939496,0.02239897056581111,0.0030722239811404963,0.0024845689219550643,45.2074,47.9094
TRN-0325,26.5393,44.1499,20.0222,45.7095,15.6498,13.8113,20.1295,60.542,19.3421,Valid,0,0,0,0,0,1171.7074410700002,53558.16127758917,89097.5822493221,3357.194006327525,1213.09813335,2018.06985405,1.663566798537761,16.5302,2.6534557254016256,20.1295,13.8113,6.318200000000001,15.6498,1.8385000000000016,-4.479699999999999,-6.318200000000001,1.8385000000000016,4.479699999999999,6.318200000000001,0.38222160758964757,0.1605216854532879,-0.8803999999999998,-2.7189000000000014,3.5992999999999995,44.0118,44.0118,3.6625083990206773,0.014107787837206936,0.00030864016996431584,0.00018552916456877528,36.552400000000006,40.151700000000005
TRN-0155,25.4113,48.2705,35.1281,17.6202,15.2911,14.2782,19.8332,46.3663,20.6212,Valid,0,0,0,0,0,1226.61615665,21613.22200340433,41055.791428039054,1615.650903825784,447.75218826,850.5358641,1.8995682275378185,16.4675,2.415566734053661,19.8332,14.2782,5.5550000000000015,15.2911,1.0129000000000001,-4.542100000000001,-5.5550000000000015,1.0129000000000001,4.542100000000001,5.5550000000000015,0.3373310862407114,0.14668690374171897,-1.176400000000001,-2.189300000000001,3.3657000000000004,29.8988,29.8988,2.8156245443677212,0.013425145182784067,0.0007619178666024095,0.0004011005372643339,51.595600000000005,54.96130000000001
TRN-0756,18.5486,32.1192,32.1721,47.2999,11.1649,10.5368,14.573,52.4955,17.5281,Valid,0,0,0,0,0,595.76619312,28179.68135795669,48796.61114437114,2630.743480026938,877.34692514,1519.23494808,1.7316238566994888,12.091566666666665,1.7732758656101868,14.573,10.5368,4.036200000000001,11.1649,0.6280999999999999,-3.408100000000001,-4.036200000000001,0.6280999999999999,3.408100000000001,4.036200000000001,0.3338028708326021,0.1466539256525563,-0.9266666666666659,-1.5547666666666657,2.481433333333335,40.403933333333335,40.403933333333335,4.341496607153476,0.02029582541944494,0.00042908812603814113,0.0002477952132914393,44.263666666666666,46.7451
TRN-0679,30.3557,91.8033,35.0595,45.8747,19.865,19.5118,24.6688,53.0942,39.1206,Valid,0,0,0,0,0,2786.7534338099995,127841.47775000357,386624.90189081145,12736.484059149596,1392.5586307899998,4211.448846509999,3.0242523471950125,21.348533333333336,2.352206852204023,24.6688,19.5118,5.157,19.865,0.3531999999999975,-4.8038000000000025,-5.157,0.3531999999999975,4.8038000000000025,5.157,0.24156225057323605,0.11018118693662808,-1.4835333333333374,-1.8367333333333349,3.320266666666665,31.745666666666665,31.745666666666665,2.4870185077342466,0.0076607184068255675,0.0001669922290394187,5.521768833014087e-05,56.408033333333336,59.728300000000004
TRN-0837,22.8665,30.6578,36.9534,24.3963,15.1315,16.2079,16.7916,45.8619,18.3588,Invalid,0,0,0,0,0,701.0365836999999,17102.698806920307,22930.099467902895,1002.7812942567338,557.8579939499999,747.9368861400001,1.3407298300688857,16.043666666666667,0.6876105696944705,16.7916,15.1315,1.6600999999999981,16.2079,-1.0763999999999978,-1.6600999999999981,-0.5837000000000003,1.0763999999999978,1.6600999999999981,0.5837000000000003,0.1034738461610699,0.04285868942069235,-0.9121666666666659,0.1642333333333319,0.7479333333333322,29.818233333333332,29.818233333333332,2.8585670653902637,0.02288563395522697,0.0009380780686634556,0.0006996771509179278,52.99706666666667,53.745000000000005
TRN-0160,30.0586,32.3412,37.7249,9.3042,16.3571,14.3251,21.5508,54.612,21.2713,Valid,0,0,0,0,0,972.13119432,9044.903058192143,9731.75792570525,323.7595098223384,279.67122612,300.90899304,1.0759382979933099,17.411,3.0425552890073604,21.5508,14.3251,7.225699999999998,16.3571,2.0319999999999983,-5.1937,-7.225699999999998,2.0319999999999983,5.1937,7.225699999999998,0.4150077298829629,0.1747490158094506,-1.0539000000000023,-3.0859000000000005,4.1397999999999975,37.201,37.201,3.136637577586722,0.01791013402699083,0.0019249515319354994,0.0017890909464796571,55.1359,59.2757
TRN-0058,31.3506,109.6014,35.8066,50.6344,21.7,21.5969,27.0793,57.1371,55.8411,Valid,0,0,0,0,0,3436.06965084,173983.3251284929,608244.0530879154,19401.352244823483,1587.41882064,5549.6011281599995,3.495990395846,23.45873333333333,2.5604732171134996,27.0793,21.5969,5.482399999999998,21.7,0.10309999999999775,-5.379300000000001,-5.482399999999998,0.10309999999999775,5.379300000000001,5.482399999999998,0.23370399792668548,0.10914796939727622,-1.758733333333332,-1.8618333333333297,3.6205666666666687,33.67836666666666,33.67836666666666,2.435642911851894,0.006827199594388688,0.00013483322793074213,3.8567961682814916e-05,59.26533333333333,62.88590000000001
TRN-0964,17.1665,43.9713,47.3783,13.5215,10.8962,11.3229,14.2006,49.4543,19.9834,Valid,1,0,0,0,1,754.83332145,10206.478755986174,26143.485237124332,1522.9361671970503,232.11682975,594.55793295,2.5614596707855606,12.139899999999999,1.4675107245491141,14.2006,10.8962,3.3043999999999993,11.3229,-0.4267000000000003,-3.3043999999999993,-2.877699999999999,0.4267000000000003,3.3043999999999993,2.877699999999999,0.27219332348756387,0.12088325304704826,-1.2436999999999987,-0.8169999999999984,2.0607000000000006,37.314400000000006,37.314400000000006,4.0736987888122,0.016082888286644427,0.0011894307810801476,0.0004643566031623325,59.5182,61.578900000000004
TRN-0594,31.7607,60.7084,33.7976,47.1394,19.2807,17.6694,24.8962,49.0986,24.0277,Valid,0,0,0,0,0,1928.14127988,90891.42304877528,173732.72210670004,5470.053136002887,1497.18034158,2861.75755096,1.9114313629286708,20.615433333333332,3.097611376887395,24.8962,17.6694,7.226800000000001,19.2807,1.6113,-5.615500000000001,-7.226800000000001,1.6113,5.615500000000001,7.226800000000001,0.35055288591785355,0.1502569059085421,-1.3347333333333324,-2.9460333333333324,4.280766666666668,28.483166666666666,28.483166666666666,2.3816427636749764,0.010691868660124577,0.00022681384713322853,0.00011866177587750829,54.41303333333333,58.6938
TRN-0520,20.2427,35.2642,36.7994,8.5725,11.3985,11.1055,14.7262,66.0157,17.8961,Valid,0,0,0,0,0,713.84262134,6119.415871437151,10660.4506895589,526.6318308786412,173.53054575,302.30235450000004,1.7420698947240292,12.410066666666665,1.6421160055110469,14.7262,11.1055,3.620700000000001,11.3985,0.29300000000000104,-3.3277,-3.620700000000001,0.29300000000000104,3.3277,3.620700000000001,0.2917550570433367,0.13232127733853993,-1.0115666666666652,-1.3045666666666662,2.316133333333335,53.60563333333333,53.60563333333333,5.3195278038102565,0.017384877672316695,0.0020279822331676516,0.0011641221395693204,49.209466666666664,51.5256
TRN-0495,22.6527,78.1419,34.0494,41.5444,15.8485,16.0008,20.0946,47.2861,28.8206,Valid,0,0,0,0,0,1770.1250181300002,73538.78180319998,253676.60957799613,11198.514895773185,941.0928298800001,3246.3583503600007,3.4495621515509347,17.314633333333333,1.9667163536096288,20.0946,15.8485,4.2461,16.0008,-0.1523000000000021,-4.2461,-4.093799999999998,0.1523000000000021,4.2461,4.093799999999998,0.24523186099435001,0.1135869412975934,-1.4661333333333335,-1.3138333333333314,2.7799666666666667,29.971466666666664,29.971466666666664,2.7309903916923606,0.00978158782357831,0.00023544900946869443,6.825474907627016e-05,51.36403333333333,54.144
TRN-0328,8.935,70.4062,39.5264,32.159,8.5375,10.6639,10.031,45.449,23.2713,Valid,0,0,0,0,0,629.079397,20230.564328122997,159413.22419683193,17841.43327984316,287.340665,2264.1929858,7.879820047026296,9.744133333333332,0.8914832596421666,10.6639,8.5375,2.1264000000000003,10.031,-2.1264000000000003,-1.493500000000001,0.6328999999999994,2.1264000000000003,1.493500000000001,0.6328999999999994,0.2182235924976815,0.09148922101705084,-1.2066333333333326,0.9197666666666677,0.2868666666666684,35.70486666666667,35.70486666666667,4.664241937277617,0.015489512713836057,0.0004816540544697571,6.11250000266029e-05,49.27053333333333,50.1903
TRN-0152,30.236,74.725,22.1657,13.3417,19.1212,17.8014,23.953,34.737,26.2554,Valid,0,0,0,0,0,2259.3851,30144.038188669998,74497.72634106249,2463.874979401624,403.3996412,996.9585324999999,2.4713916367445545,20.291866666666667,2.644288306688377,23.953,17.8014,6.151599999999998,19.1212,1.3198000000000008,-4.831799999999998,-6.151599999999998,1.3198000000000008,4.831799999999998,6.151599999999998,0.3031559293137514,0.1303127119753562,-1.1706666666666656,-2.4904666666666664,3.661133333333332,14.445133333333334,14.445133333333334,1.7118680532823634,0.0089811456478515,0.0006731635137597606,0.00027238236202665946,42.457566666666665,46.118700000000004
TRN-0962,19.9277,91.0498,37.7678,56.4853,15.2122,16.215,18.7176,44.0866,36.8685,Valid,0,0,0,0,0,1814.4130994600002,102487.66824692796,468266.8695508834,23498.288615976493,1125.62211281,5142.975267940001,4.569006730881801,16.714933333333335,1.4740889374646151,18.7176,15.2122,3.5054000000000016,16.215,-1.0028000000000006,-3.5054000000000016,-2.502600000000001,1.0028000000000006,3.5054000000000016,2.502600000000001,0.2097166480043805,0.08818993291077133,-1.5027333333333353,-0.4999333333333347,2.0026666666666664,27.371666666666663,27.371666666666663,2.6375574752980877,0.009212308558120347,0.0001630921419043141,3.569531483047049e-05,54.482733333333336,56.4854
TRN-0990,26.8625,67.5097,36.0548,44.896,17.1685,16.3352,21.811,34.2837,28.0254,Valid,0,0,0,0,0,1813.47931625,81417.96738236,204616.19553626463,7617.168466043598,1206.0188,3030.9154912,2.5131576542333116,18.438233333333333,2.4090473170022113,21.811,16.3352,5.4758,17.1685,0.8333000000000013,-4.642499999999998,-5.4758,0.8333000000000013,4.642499999999998,5.4758,0.2969807141511724,0.13065498970511752,-1.2697333333333312,-2.1030333333333324,3.372766666666667,15.84546666666667,15.84546666666667,1.8593808593711514,0.0101673248533617,0.00022646393573688863,9.011130954184596e-05,54.49303333333333,57.8658
TRN-0740,28.0295,103.8628,36.1283,6.1492,19.0844,19.44,23.6415,48.6006,48.3109,Valid,0,0,0,0,0,2911.2223526,17901.68849060792,66334.37954163692,2366.591525893983,172.3590014,638.67312976,3.705481592412223,20.721966666666667,2.069519912658221,23.6415,19.0844,4.557100000000002,19.44,-0.3556000000000026,-4.557100000000002,-4.201499999999999,0.3556000000000026,4.557100000000002,4.201499999999999,0.2199163744150874,0.0998708204717088,-1.6375666666666682,-1.2819666666666656,2.9195333333333338,27.878633333333333,27.878633333333333,2.3453660763200044,0.007117960825301444,0.0011575425790914,0.00031238653032621594,56.85026666666667,59.769800000000004
TRN-0812,8.5155,86.0259,29.6979,10.0395,8.8374,11.0558,10.0591,57.7836,26.1854,Valid,0,0,0,0,0,732.5535514499999,7354.471379782274,74296.87269919699,8724.897419329409,85.49136225,863.6570230499999,10.102271140594077,9.9841,0.907209417205678,11.0558,8.8374,2.218399999999999,10.0591,-2.218399999999999,-1.2217000000000002,0.9966999999999988,2.218399999999999,1.2217000000000002,0.9966999999999988,0.22219326507213813,0.09086540863375463,-1.1466999999999992,1.0716999999999999,0.07500000000000107,47.7995,47.7995,5.787561644258207,0.013629174231165114,0.0013575550822169382,0.0001343811608368481,39.682,40.7537
TRN-0079,21.2508,94.7546,38.0479,17.6921,15.5653,16.2966,18.7659,23.5672,38.6996,Valid,0,0,0,0,0,2013.6110536800002,35625.00812281193,158847.35608418484,7474.8879387739225,375.97127868,1676.4078586599999,4.458871926757019,16.875933333333332,1.3693503139161356,18.7659,15.5653,3.200599999999998,16.2966,-0.731300000000001,-3.200599999999998,-2.469299999999997,0.731300000000001,3.200599999999998,2.469299999999997,0.18965468440335034,0.0811421925961987,-1.3106333333333318,-0.5793333333333308,1.8899666666666661,6.691266666666667,6.691266666666667,1.3964974936795105,0.008380930018292548,0.0004737103013333315,0.00010623993844935826,54.923833333333334,56.8138
TRN-0008,16.3568,100.6456,27.8161,43.0531,13.7975,15.3252,16.3612,64.6641,40.05,Valid,0,0,0,0,0,1646.23995008,70875.73319478925,436107.9607765261,26662.179284110996,704.21094608,4333.10508136,6.1531347113656265,15.161300000000002,1.053023212786246,16.3612,13.7975,2.5637000000000008,15.3252,-1.5277000000000012,-2.5637000000000008,-1.0359999999999996,1.5277000000000012,2.5637000000000008,1.0359999999999996,0.1690949872969345,0.06945467363165245,-1.363800000000003,0.16389999999999816,1.1998999999999977,49.5028,49.5028,4.2650759324678,0.00920965378713691,0.0002139138364624458,3.4765015463073174e-05,42.9774,44.1773
TRN-0865,9.9448,45.6114,22.4851,47.8265,7.713,8.1738,9.3757,51.8502,14.7227,Valid,0,0,0,0,0,453.59625072000006,21693.921085060083,99498.24151105197,10005.051032298381,475.62497720000005,2181.4336221000003,4.586456782795352,8.420833333333334,0.7009098483796298,9.3757,7.713,1.6627,8.1738,-0.4607999999999999,-1.6627,-1.2019000000000002,0.4607999999999999,1.6627,1.2019000000000002,0.1974507434991695,0.08323520219429124,-0.7078333333333342,-0.24703333333333433,0.9548666666666659,43.42936666666667,43.42936666666667,6.157370867011871,0.018564600790686035,0.0003881655741222517,8.463298652683566e-05,30.905933333333333,31.860799999999998
TRN-0909,10.9793,47.4117,37.106,33.0558,8.1981,9.362,10.0748,55.9068,16.3132,Valid,0,0,0,0,0,520.5472778100001,17207.1067058318,74305.11790413647,6767.745770348811,362.92954493999997,1567.2316728600001,4.318280371400694,9.211633333333333,0.773502132439781,10.0748,8.1981,1.8766999999999996,9.362,-1.1639,-1.8766999999999996,-0.7127999999999997,1.1639,1.8766999999999996,0.7127999999999997,0.2037314912956271,0.08397012999536649,-1.0135333333333332,0.15036666666666676,0.8631666666666664,46.695166666666665,46.695166666666665,6.069151029768406,0.01769605511029015,0.0005353388858613869,0.0001239703750298008,46.31763333333333,47.180800000000005
TRN-0693,16.6508,72.2498,37.118,36.5301,12.4433,13.3031,15.5018,77.6366,25.539,Valid,0,0,0,0,0,1203.01696984,43946.33020995218,190688.34941282118,11452.202774678597,608.25538908,2639.2924189799996,4.33911858054156,13.7494,1.287890608708674,15.5018,12.4433,3.0584999999999987,13.3031,-0.8597999999999999,-3.0584999999999987,-2.1986999999999988,0.8597999999999999,3.0584999999999987,2.1986999999999988,0.22244605419537905,0.09366885209826042,-1.306099999999999,-0.44629999999999903,1.7523999999999997,63.8872,63.8872,5.646544165814933,0.011429098951446674,0.0003128679899777709,7.210403804042491e-05,50.8674,52.6198
TRN-0427,21.5946,80.6941,19.9261,48.8104,15.272,15.2728,18.9574,48.5895,25.4469,Valid,0,0,0,0,0,1742.5568118600002,85054.89500961135,317830.76340358605,14718.066029725951,1054.04106384,3938.71129864,3.73677198296,16.500733333333333,1.7371256898170095,18.9574,15.272,3.6853999999999996,15.2728,-0.0007999999999999119,-3.6853999999999996,-3.6845999999999997,0.0007999999999999119,3.6853999999999996,3.6845999999999997,0.2233476356597705,0.10527565953884979,-1.2287333333333326,-1.2279333333333327,2.456666666666667,32.08876666666667,32.08876666666667,2.944687128368812,0.009469265628275976,0.0001940009840853336,5.191672812467353e-05,36.426833333333335,38.8835
TRN-0595,8.7473,59.1484,29.0356,9.764,7.646,9.0648,9.2381,55.1136,15.0574,Valid,0,0,0,0,0,517.38879932,5051.784236560479,34159.678385075844,3905.1678209170864,85.40863719999999,577.5249775999999,6.761902900105988,8.649633333333332,0.7131938134585545,9.2381,7.646,1.5920999999999994,9.0648,-1.4188,-1.5920999999999994,-0.17329999999999934,1.4188,1.5920999999999994,0.17329999999999934,0.18406558458367198,0.08245363745726221,-1.0036333333333323,0.4151666666666678,0.5884666666666671,46.463966666666664,46.463966666666664,6.37178380912673,0.016717859621204822,0.0017121937372191224,0.00025321179068416206,37.68523333333333,38.2737
TRN-0086,8.299,38.1623,29.2119,41.8582,6.5322,7.5852,7.9413,57.9677,14.3793,Valid,0,0,0,0,0,316.7089277,13256.86563745214,60960.65592434508,7345.54146027276,347.38120179999993,1597.4051858599998,4.598420942472474,7.352900000000001,0.5982547785016016,7.9413,6.5322,1.4091000000000005,7.5852,-1.0530000000000008,-1.4091000000000005,-0.35609999999999964,1.0530000000000008,1.4091000000000005,0.35609999999999964,0.19163864711356787,0.08136309444416584,-0.8207000000000013,0.2322999999999995,0.5883999999999991,50.6148,50.6148,7.883650276265109,0.023216585746987185,0.0005546484516424894,0.00012061714048819723,36.5648,37.1532
TRN-0338,23.8341,19.4216,36.1564,8.3279,12.4987,11.0045,16.7929,39.7972,17.556,Valid,0,0,0,0,0,462.89635656,3854.954567796024,3141.2717758970243,131.797367809133,198.48800139,161.74114264,0.814866061027433,13.432033333333331,2.453531736542697,16.7929,11.0045,5.788399999999999,12.4987,1.4941999999999993,-4.2942,-5.788399999999999,1.4941999999999993,4.2942,5.788399999999999,0.43093993481205867,0.18266270586086433,-0.9333333333333318,-2.427533333333331,3.3608666666666682,26.365166666666667,26.365166666666667,2.9628572271616442,0.029017366660942647,0.0034843558059176848,0.004275985743137963,49.58843333333333,52.949299999999994
TRN-0256,17.645,28.3906,40.9344,39.962,10.5166,10.0301,14.1336,18.6089,17.3983,Valid,0,0,0,0,0,500.952137,20019.049298794,32210.417740002318,1825.4698733087246,705.12949,1134.5451572,1.6089882907912558,11.5601,1.8305458657642717,14.1336,10.0301,4.1035,10.5166,0.48650000000000126,-3.616999999999999,-4.1035,0.48650000000000126,3.616999999999999,4.1035,0.3549709470531443,0.1583503349810068,-1.0434999999999999,-1.5300000000000011,2.5734999999999992,7.048799999999998,7.048799999999998,1.6097523715406985,0.02307625643869395,0.0005774549943347686,0.0003588932032161926,52.494499999999995,55.068
TRN-0412,30.6871,101.6972,34.5462,27.1574,20.6696,20.5741,25.6762,43.8239,46.3496,Valid,0,0,0,0,0,3120.79214612,84752.60062903928,280870.53441646596,9152.722976877678,833.38184954,2761.8315392799996,3.3140047996061925,22.306633333333338,2.382962400505351,25.6762,20.5741,5.1021,20.6696,0.0954999999999977,-5.006600000000002,-5.1021,0.0954999999999977,5.006600000000002,5.1021,0.22872567522998347,0.10682751888501768,-1.6370333333333384,-1.7325333333333361,3.369566666666664,21.517266666666664,21.517266666666664,1.9646128297585843,0.0071477472006326506,0.0002631970366396885,7.941962790649426e-05,56.852833333333336,60.2224
TRN-0073,25.9467,99.2373,38.3006,24.3131,18.2167,18.773,22.4057,42.8541,44.0862,Valid,0,0,0,0,0,2574.88045191,62603.325915333015,239436.4229307649,9228.01025574561,630.84471177,2412.76639863,3.8246596359205745,19.798466666666666,1.8575282255968248,22.4057,18.2167,4.189,18.773,-0.5563000000000002,-4.189,-3.6327,0.5563000000000002,4.189,3.6327,0.21158203102014478,0.09382181777250462,-1.5817666666666668,-1.0254666666666665,2.6072333333333333,23.055633333333336,23.055633333333336,2.164515997980517,0.0076890818928278554,0.00031625263317681506,8.268778168436335e-05,58.09906666666667,60.7063
TRN-0836,11.3923,89.2344,39.1595,59.9745,10.9529,13.1016,13.2032,58.1531,32.8614,Valid,0,0,0,0,0,1016.58505512,60969.18038829444,477563.63775894424,41919.85778456383,683.24749635,5351.7885228,7.832868882238978,12.419233333333333,1.03768354949324,13.2032,10.9529,2.250300000000001,13.1016,-2.1487,-2.250300000000001,-0.10160000000000124,2.1487,2.250300000000001,0.10160000000000124,0.18119474515109008,0.08355455108114744,-1.466333333333333,0.6823666666666668,0.783966666666668,45.73386666666667,45.73386666666667,4.682502837064325,0.01221662000495445,0.00020369690479739536,2.6005399807210778e-05,51.57873333333333,52.362700000000004
TRN-0907,9.433,32.4186,50.2549,16.8465,11.9059,7.6211,8.2026,50.3169,20.0939,Invalid,0,0,0,0,0,305.8046538,5151.7381002417,17705.092417735137,1876.9310442917517,158.91303449999998,546.1399448999999,3.436721781329187,9.2432,1.8977203921196262,11.9059,7.6211,4.284800000000001,8.2026,4.284800000000001,3.7033000000000005,-0.5815000000000001,4.284800000000001,3.7033000000000005,0.5815000000000001,0.4635623524794063,0.20530986961331105,2.662700000000001,-1.6220999999999997,-1.0405999999999995,41.073699999999995,41.073699999999995,5.443666106579312,0.03022583160496745,0.0017941905854593333,0.0005220644875154139,59.4981,62.1608
TRN-0010,28.6079,69.1926,27.2581,40.2768,17.9159,16.5888,22.8275,53.0851,25.8781,Valid,0,0,0,0,0,1979.45498154,79726.11240049028,192829.84787006956,6740.440267535516,1152.2346667200002,2786.85651168,2.4186535041490806,19.110733333333332,2.683413801277934,22.8275,16.5888,6.2387000000000015,17.9159,1.3271000000000015,-4.9116,-6.2387000000000015,1.3271000000000015,4.9116,6.2387000000000015,0.3264500406516736,0.14041395555363193,-1.1948333333333316,-2.521933333333333,3.7167666666666683,33.97436666666667,33.97436666666667,2.777763484860332,0.00965454304437416,0.00023970481888160029,9.910671788794443e-05,46.36883333333333,50.0856
TRN-0569,27.6118,92.0571,36.6811,42.2679,18.5669,18.6258,22.8757,40.0431,38.7324,Valid,0,0,0,0,0,2541.86223378,107439.17871118967,358199.7268752439,12972.70420264306,1167.09280122,3891.06029709,3.333976657299537,20.0228,2.01744824138481,22.8757,18.5669,4.308799999999998,18.6258,-0.058900000000001285,-4.308799999999998,-4.249899999999997,0.058900000000001285,4.308799999999998,4.249899999999997,0.21519466731952228,0.100757543431851,-1.4558999999999997,-1.3969999999999985,2.852899999999998,20.020300000000002,20.020300000000002,1.999875042457846,0.007877216839697446,0.00018636404559306525,5.5898423414816764e-05,56.703900000000004,59.556799999999996
TRN-0528,8.5617,24.5077,44.9333,6.3482,5.669,6.6036,7.5,61.0969,14.2798,Valid,0,0,0,0,0,209.82757509,1332.027412186338,3812.902602244778,445.3440504690339,54.351383940000005,155.57978114,2.862480247791882,6.590866666666667,0.7475568443640629,7.5,5.669,1.8310000000000004,6.6036,-0.9346000000000005,-1.8310000000000004,-0.8963999999999999,0.9346000000000005,1.8310000000000004,0.8963999999999999,0.2778086425950089,0.11342313063647658,-0.9218666666666673,0.012733333333333263,0.9091333333333331,54.506033333333335,54.506033333333335,9.269932744818675,0.031410869769756516,0.0049479962660082775,0.0017285693741712267,51.52416666666667,52.4333
TRN-0983,29.4688,17.7436,33.5759,43.7144,15.3535,13.0609,20.5369,47.1622,20.0059,Valid,0,0,0,0,0,522.88259968,22857.499115451392,13762.838028861826,467.03081095365314,1288.21091072,775.65082784,0.6021147585882438,16.3171,3.1271965848024323,20.5369,13.0609,7.475999999999999,15.3535,2.2926,-5.183399999999999,-7.475999999999999,2.2926,5.183399999999999,7.475999999999999,0.4581696221651137,0.19165148176765176,-0.9635999999999996,-3.2561999999999998,4.219799999999999,30.8451,30.8451,2.8903541137607713,0.031206048888947322,0.0007138619985007885,0.0011855912250508275,49.893,54.11279999999999
TRN-0760,31.1008,93.8091,38.0847,57.8627,20.76,20.5065,25.8765,55.4406,42.5878,Valid,0,0,0,0,0,2917.53805728,168816.62934697545,509200.2798665422,16372.577666618368,1799.57626016,5428.0478105699995,3.0162920884256326,22.381,2.473857413029296,25.8765,20.5065,5.370000000000001,20.76,0.2535000000000025,-5.1164999999999985,-5.370000000000001,0.2535000000000025,5.1164999999999985,5.370000000000001,0.23993564899085615,0.11053381450763956,-1.6209999999999987,-1.8745000000000012,3.4955,33.0596,33.0596,2.4771278103244803,0.007671193846634671,0.00013257580184157614,4.3953235858043813e-05,60.4657,63.9612
TRN-0547,8.4849,99.8539,44.2752,43.2362,9.9363,12.819,11.4051,50.535,40.8455,Valid,0,0,0,0,0,847.25035611,36631.88584684318,431099.5611217685,50807.84809649147,366.85483337999995,4317.30319118,11.768422519013482,11.3868,1.176928485507935,12.819,9.9363,2.8827000000000016,11.4051,-2.8827000000000016,-1.4687999999999999,1.4139000000000017,2.8827000000000016,1.4687999999999999,1.4139000000000017,0.25316153325240354,0.10335901062185376,-1.4505,1.4322000000000017,0.018299999999999983,39.148199999999996,39.148199999999996,4.4380331227357015,0.013439711065853975,0.000310843947464158,2.6413388058999362e-05,55.662,57.0942
TRN-0376,17.5322,81.2201,46.1176,40.8133,13.0548,14.5056,15.8591,79.6941,32.7707,Valid,0,0,0,0,0,1423.96703722,58116.793880171026,269233.28564737336,15356.502338033504,715.5469382599999,3314.86030733,4.632624278035599,14.473166666666666,1.1450803649623122,15.8591,13.0548,2.8042999999999996,14.5056,-1.4507999999999992,-2.8042999999999996,-1.3535000000000004,1.4507999999999992,2.8042999999999996,1.3535000000000004,0.19375855131275915,0.07911746697991769,-1.4183666666666657,0.032433333333333536,1.385933333333334,65.22093333333333,65.22093333333333,5.506334330911159,0.010163975905480608,0.00024903587586506135,5.375697374049452e-05,60.59076666666667,61.9767
TRN-0600,14.0661,84.1703,25.8325,46.2828,11.8873,13.3135,14.1282,36.08,26.6367,Valid,0,0,0,0,0,1183.94785683,54796.42186809153,327896.9485190511,23311.147027811836,651.0184930800001,3895.63716084,5.983911248753297,13.109666666666667,0.92612786134289,14.1282,11.8873,2.2409,13.3135,-1.4261999999999997,-2.2409,-0.8147000000000002,1.4261999999999997,2.2409,0.8147000000000002,0.17093492047077827,0.07064464827721847,-1.2223666666666677,0.20383333333333198,1.0185333333333322,22.97033333333333,22.97033333333333,2.752167401751832,0.011072841240402876,0.00023924311514327739,3.9981057237149017e-05,38.942166666666665,39.9607
TRN-0029,21.3349,46.1014,34.2588,5.2606,12.5252,12.1878,16.1059,63.5447,18.5534,Valid,0,0,0,0,0,983.56875886,5174.161812858916,11180.558774558776,524.050183057272,112.23437494000001,242.52102484,2.1608443367044448,13.6063,1.7728432549626787,16.1059,12.1878,3.918099999999999,12.5252,0.3374000000000006,-3.5806999999999984,-3.918099999999999,0.3374000000000006,3.5806999999999984,3.918099999999999,0.287962172819784,0.13029575451569672,-1.0810999999999993,-1.4184999999999999,2.499599999999999,49.9384,49.9384,4.6702406480644525,0.013833603257119211,0.0026296626370585713,0.001216960643303804,47.8651,50.3647
TRN-0039,15.0679,82.3924,27.7559,53.5868,10.1403,19.8333,15.3618,57.5077,27.3712,Invalid,0,0,0,0,0,1241.48044396,66526.96425439573,363774.3978679095,24142.340586649032,807.4405437199999,4415.145060319999,5.468074153128561,15.1118,3.961097259598659,19.8333,10.1403,9.693000000000001,15.3618,-9.693000000000001,-5.221500000000001,4.471500000000001,9.693000000000001,5.221500000000001,4.471500000000001,0.6414192457934036,0.26211946938678315,-4.971500000000001,4.721500000000001,0.25,42.3959,42.3959,3.805482880564666,0.012172402764255297,0.00022715300734279853,4.154168102133927e-05,42.8677,47.589200000000005
TRN-0033,20.2632,93.7754,33.5299,33.6812,15.3049,16.2077,18.5165,72.5603,37.2946,Valid,0,0,0,0,0,1900.1896852800003,64000.668827852736,296186.600319763,14616.969960459997,682.48889184,3158.46800248,4.627867038381547,16.676366666666667,1.3523633568271842,18.5165,15.3049,3.2116000000000007,16.2077,-0.9027999999999992,-3.2116000000000007,-2.3088000000000015,0.9027999999999992,3.2116000000000007,2.3088000000000015,0.1925839046124813,0.08109459948705361,-1.3714666666666666,-0.46866666666666745,1.840133333333334,55.88393333333333,55.88393333333333,4.351085407227869,0.008776158920909613,0.0002605655061396583,5.630358243285334e-05,50.206266666666664,52.0464
TRN-0833,9.3932,15.4321,32.6449,7.6237,5.4199,5.5241,7.3907,47.3802,12.4673,Valid,0,0,0,0,0,144.95680172000002,1105.1071692727642,1815.581947252717,193.28681961055844,71.61093884,117.64970077000001,1.6429010728078746,6.111566666666666,0.9054836546779234,7.3907,5.4199,1.9707999999999997,5.5241,-0.10419999999999963,-1.9707999999999997,-1.8666,0.10419999999999963,1.9707999999999997,1.8666,0.32247045398008356,0.14815898376067344,-0.6916666666666655,-0.5874666666666659,1.2791333333333341,41.268633333333334,41.268633333333334,7.752544450815485,0.0421612959998285,0.0055302931978608,0.0033661750561842308,38.75646666666667,40.0356
TRN-0390,19.3037,86.3268,39.0552,48.9097,14.7924,15.7134,17.9805,22.1999,33.9185,Valid,0,0,0,0,0,1666.4266491600001,81504.42748242086,364490.559342999,18881.90038495722,944.13817589,4222.21788996,4.472033627126736,16.1621,1.3396502453998949,17.9805,14.7924,3.1880999999999986,15.7134,-0.9209999999999994,-3.1880999999999986,-2.2670999999999992,0.9209999999999994,3.1880999999999986,2.2670999999999992,0.1972577698901893,0.08288837233475368,-1.3696999999999981,-0.44869999999999877,1.8184000000000005,6.037800000000001,6.037800000000001,1.373577606030305,0.009698656702620672,0.00019829720297449605,4.434161485303801e-05,55.217299999999994,57.0357
TRN-0044,29.26,109.6202,29.7864,22.7548,20.2331,20.4709,24.7869,35.2815,52.5159,Valid,0,0,0,0,0,3207.487052,72985.7263708496,273435.06226650055,9345.0120615683,665.8054480000001,2494.38572696,3.746418190484682,21.830299999999998,2.0928847523613583,24.7869,20.2331,4.553799999999999,20.4709,-0.2378,-4.553799999999999,-4.315999999999999,0.2378,4.553799999999999,4.315999999999999,0.20859996387589888,0.09587063194233365,-1.5971999999999973,-1.3593999999999973,2.9566000000000017,13.451200000000004,13.451200000000004,1.6161710276005816,0.006806044619753606,0.0002991036889703394,7.983723747411549e-05,51.616699999999994,54.5733
TRN-0452,19.0424,94.3785,41.6341,21.8384,14.7669,16.189,17.6107,47.4642,39.034,Valid,0,0,0,0,0,1797.1931484000002,39247.822852018566,194521.20788552042,10215.161832035803,415.85554816,2061.0754344,4.95622899654303,16.188866666666666,1.1609764922493293,17.6107,14.7669,2.8438000000000017,16.189,-1.4221000000000004,-2.8438000000000017,-1.4217000000000013,1.4221000000000004,2.8438000000000017,1.4217000000000013,0.17566392279896548,0.0717144964153245,-1.4219666666666662,0.00013333333333420683,1.4218333333333355,31.275333333333332,31.275333333333332,2.9319036375675687,0.009007861326464204,0.00041247808132678556,8.322417304806636e-05,57.82296666666666,59.2448
TRN-0228,10.1831,25.6679,37.4147,15.7114,6.1981,6.7544,8.0825,60.7987,13.6425,Valid,0,0,0,0,0,261.37879248999997,4106.626760327385,10351.315907867673,1016.5190257729619,159.99075734,403.27864406,2.5206368865436963,7.011666666666667,0.7905190039180304,8.0825,6.1981,1.8843999999999994,6.7544,-0.5563000000000002,-1.8843999999999994,-1.3280999999999992,0.5563000000000002,1.8843999999999994,1.3280999999999992,0.2687520415376217,0.11274336456020906,-0.8135666666666665,-0.2572666666666663,1.0708333333333329,53.787033333333326,53.787033333333326,8.671075540136599,0.026825690688387558,0.0017074029548281335,0.0006773695951700185,44.42636666666667,45.49720000000001
TRN-0432,10.4138,55.6913,32.6882,40.139,10.7131,2.667,10.4162,58.3703,15.8323,Invalid,0,0,0,0,0,579.95805994,23278.93656793166,124491.94723210091,11954.515669360391,417.9995182,2235.3930907,5.347836011077992,7.932100000000001,3.7249604839067314,10.7131,2.667,8.046100000000001,10.4162,8.046100000000001,0.29690000000000083,-7.7492,8.046100000000001,0.29690000000000083,7.7492,1.014371854317034,0.46960578085260524,2.7809999999999997,-5.265100000000001,2.484099999999999,50.4382,50.4382,7.358743919170973,0.01367702345087436,0.00034074151009914574,6.37157677769133e-05,40.6203,43.401300000000006
TRN-0898,26.7175,47.5673,35.3142,45.1466,16.3394,14.9931,21.1996,33.4623,21.6868,Valid,0,0,0,0,0,1270.87933775,57375.88110966415,102150.86551914392,3823.369016404038,1206.2042855,2147.50186618,1.7803798341768566,17.5107,2.665722957598307,21.1996,14.9931,6.2065,16.3394,1.3463000000000012,-4.860199999999999,-6.2065,1.3463000000000012,4.860199999999999,6.2065,0.3544404076113229,0.15223393727060425,-1.1712999999999987,-2.5176,3.6889000000000003,15.9516,15.9516,1.910962902056291,0.013778412683318161,0.0003051926987618039,0.00017141998661329924,52.8249,56.5138
TRN-0204,24.7316,43.7365,37.4064,31.1994,14.6743,13.4906,19.0906,60.7113,20.4819,Valid,0,0,0,0,0,1081.6736234,33747.56804590596,59680.75295734065,2413.137465598796,771.61108104,1364.5525581,1.7684459651439466,15.751833333333332,2.4098144552825813,19.0906,13.4906,5.599999999999998,14.6743,1.1837,-4.416299999999998,-5.599999999999998,1.1837,4.416299999999998,5.599999999999998,0.35551415038371287,0.15298627475931734,-1.0775333333333315,-2.2612333333333314,3.3387666666666664,44.95946666666667,44.95946666666667,3.8542368282483426,0.014562464109329475,0.00046675462099786744,0.000263934896135253,53.15823333333333,56.497
TRN-0121,19.018,17.826,43.742,43.2296,1.7456,10.1924,14.6032,35.4098,18.3173,Invalid,0,0,0,0,0,339.01486800000004,14655.4771376928,13736.909004969599,722.3108782552697,822.1405328,770.6108495999999,0.937322487258256,8.847066666666665,5.3345984399536155,14.6032,1.7456,12.8576,10.1924,-8.4468,-12.8576,-4.4108,8.4468,12.8576,4.4108,1.4533176962626755,0.6029792741444633,-7.101466666666665,1.3453333333333344,5.756133333333334,26.562733333333334,26.562733333333334,4.00243349934063,0.02609639716618643,0.0006036696439796557,0.0006440361993241731,52.58906666666666,58.3452
TRN-0902,28.3028,73.1395,45.6515,57.1996,18.1078,17.6794,23.3092,41.0806,32.6957,Valid,0,0,0,0,0,2070.0526406,118406.18302126374,305982.76577171584,10811.04183899381,1618.90883888,4183.5501441999995,2.5841788591878236,19.698800000000002,2.5589220074085883,23.3092,17.6794,5.6297999999999995,18.1078,0.4283999999999999,-5.2014,-5.6297999999999995,0.4283999999999999,5.2014,5.6297999999999995,0.2857940440131356,0.12990242438656993,-1.591000000000001,-2.019400000000001,3.6103999999999985,21.381799999999995,21.381799999999995,2.085436570479594,0.009516086501440015,0.0001663663121063202,6.437878927675384e-05,65.3503,68.9607
TRN-0183,30.8671,51.742,18.0,17.4126,18.049,15.8019,23.282,26.729,21.0361,Valid,0,0,0,0,0,1597.1254882,27810.107275831324,46617.6145691064,1510.2686374436782,537.4764654600001,900.9627492,1.6762831080249485,19.044299999999996,3.1337879709174117,23.282,15.8019,7.4801,18.049,2.2470999999999997,-5.2330000000000005,-7.4801,2.2470999999999997,5.2330000000000005,7.4801,0.39277367019141324,0.1645525331130511,-0.9952999999999967,-3.2423999999999964,4.237700000000004,7.684700000000003,7.684700000000003,1.4035169891507178,0.011924109989340462,0.0006847977898979862,0.00040852154653602066,37.04429999999999,41.282
TRN-0634,13.8956,58.478,45.3235,55.4579,10.3178,11.3468,12.8722,68.3149,19.5508,Valid,0,0,0,0,0,812.5868968,45064.36286404472,189648.0764820236,13648.065778660715,770.62079524,3243.0670762000004,4.208382206714197,11.512266666666667,1.0493725913876135,12.8722,10.3178,2.5543999999999993,11.3468,-1.029,-2.5543999999999993,-1.5253999999999994,1.029,2.5543999999999993,1.5253999999999994,0.22188504245746193,0.09115255323901407,-1.194466666666667,-0.1654666666666671,1.3599333333333323,56.802633333333326,56.802633333333326,5.934095868688251,0.014167428367150651,0.0002554627633623206,6.070331363311871e-05,56.83576666666667,58.1957
TRN-0378,21.3745,17.0531,38.5025,54.46,11.9475,10.3384,16.2741,42.3971,17.8967,Valid,0,0,0,0,0,364.50148595,19850.750924837,15837.415639960602,740.9490233227245,1164.05527,928.7118260000001,0.7978244731888711,12.853333333333333,2.5064628653853136,16.2741,10.3384,5.935700000000001,11.9475,1.6090999999999998,-4.326600000000001,-5.935700000000001,1.6090999999999998,4.326600000000001,5.935700000000001,0.46180234996351016,0.19500487580760667,-0.9058333333333337,-2.5149333333333335,3.420766666666667,29.54376666666667,29.54376666666667,3.2985293076870357,0.035262773386426464,0.0006474985949576301,0.0008115802239912501,51.35583333333333,54.7766
TRN-0814,30.3615,58.1783,33.7793,29.3668,18.1696,16.7122,23.3428,41.7268,23.0081,Valid,0,0,0,0,0,1766.38045545,51872.941559109066,99398.23644774847,3273.8248496919987,891.6200982,1708.51050044,1.916186554808341,19.408199999999997,2.8450906909973894,23.3428,16.7122,6.630600000000001,18.1696,1.4573999999999998,-5.173200000000001,-6.630600000000001,1.4573999999999998,5.173200000000001,6.630600000000001,0.3416390833957254,0.146592190126091,-1.2385999999999981,-2.695999999999998,3.934600000000003,22.3186,22.3186,2.1499571237952453,0.010987553632135294,0.00037414882241660155,0.00019525698536922452,53.1875,57.1221
TRN-0396,30.3569,41.0262,28.9521,19.2467,16.9297,14.9258,22.1304,37.034,20.9096,Valid,0,0,0,0,0,1245.42825078,23970.383914287428,32395.065521984754,1067.1400721036957,584.27014723,789.6189635400001,1.3514620612953872,17.9953,3.0362468948797083,22.1304,14.9258,7.204600000000001,16.9297,2.0039,-5.200700000000001,-7.204600000000001,2.0039,5.200700000000001,7.204600000000001,0.40036007177651545,0.1687244294985512,-1.0655999999999999,-3.0694999999999997,4.135100000000001,19.0387,19.0387,2.057981691998372,0.014449086066805233,0.000750730570840931,0.0005554950949931582,46.9474,51.0825
TRN-0663,31.9783,109.3958,31.4348,44.0483,21.8455,21.4674,27.2844,44.6375,54.3652,Valid,0,0,0,0,0,3498.2917111399997,154093.80277980803,527145.4339392439,16484.47282859849,1408.58975189,4818.699017139999,3.4209384669936025,23.532433333333334,2.6575277111547786,27.2844,21.4674,5.817,21.8455,0.3780999999999999,-5.4389,-5.817,0.3780999999999999,5.4389,5.817,0.2471907460827505,0.11293042077633383,-1.6869333333333323,-2.065033333333332,3.751966666666668,21.10506666666667,21.10506666666667,1.8968500822191465,0.0067268356299932195,0.00015271498858917274,4.4641254231182284e-05,54.96723333333333,58.7192
TRN-0193,8.8136,104.1247,23.7841,53.9583,10.6197,13.0278,11.8825,66.9895,39.5565,Valid,0,0,0,0,0,917.71345592,49518.257968568134,585013.3606585013,66376.20203802071,475.56687287999995,5618.39180001,11.81409278681892,11.843333333333334,0.9834927294540048,13.0278,10.6197,2.4080999999999992,11.8825,-2.4080999999999992,-1.2628000000000004,1.1452999999999989,2.4080999999999992,1.2628000000000004,1.1452999999999989,0.2033295634678105,0.08304187839111678,-1.2236333333333338,1.1844666666666654,0.03916666666666657,55.14616666666667,55.14616666666667,5.6563040537880065,0.01290526279638695,0.0002391710415300101,2.0244551885074944e-05,35.62743333333333,36.811899999999994
TRN-0163,26.8467,50.4581,37.9266,8.6355,15.6853,14.5305,20.1717,54.5794,20.7763,Valid,0,0,0,0,0,1354.63347327,11697.937358423085,21986.154463120158,818.9518132272624,231.83467785,435.73092255000006,1.879489774181193,16.795833333333334,2.4332074268796373,20.1717,14.5305,5.641200000000001,15.6853,1.1547999999999998,-4.4864000000000015,-5.641200000000001,1.1547999999999998,4.4864000000000015,5.641200000000001,0.33586899513555973,0.14486969677062408,-1.1105333333333345,-2.2653333333333343,3.375866666666667,37.783566666666665,37.783566666666665,3.2495795634088074,0.012398802814454633,0.001435794432580349,0.0007639277419224422,54.722433333333335,58.0983
TRN-0951,16.8647,40.1412,23.5961,19.1775,10.2588,9.7996,13.1537,53.8028,15.8285,Valid,0,0,0,0,0,676.9692956399999,12982.578667136098,30901.011390255593,1832.2893118742866,323.42278424999995,769.8078629999999,2.380190434446481,11.0707,1.4847857106891442,13.1537,9.7996,3.3541000000000007,10.2588,0.45920000000000094,-2.8949,-3.3541000000000007,0.45920000000000094,2.8949,3.3541000000000007,0.3029708778152351,0.13411849084255317,-0.8118999999999996,-1.2711000000000006,2.083,42.732099999999996,42.732099999999996,4.859927117533027,0.016353326590950547,0.0008527350600363753,0.0003582633545493854,34.6668,36.7498
TRN-0453,31.6677,82.2572,33.8737,25.2574,20.0473,19.1506,25.5127,65.8802,33.1281,Valid,0,0,0,0,0,2604.8963324399997,65792.90862697005,170897.8057614036,5396.59654363301,799.8437659800001,2077.60300328,2.5975109465635033,21.5702,2.8117014315179336,25.5127,19.1506,6.362099999999998,20.0473,0.8966999999999992,-5.465399999999999,-6.362099999999998,0.8966999999999992,5.465399999999999,6.362099999999998,0.2949485728018945,0.13035119290348446,-1.5229,-2.419599999999999,3.942499999999999,44.31,44.31,3.054222814149947,0.008280636631521766,0.0003278499225801065,0.00012621695114089815,55.4439,59.386399999999995
TRN-0247,30.139,68.3414,19.0017,23.2784,18.2733,16.743,23.1979,36.1587,22.9371,Valid,0,0,0,0,0,2059.7414545999995,47947.48547676063,108722.86021306245,3607.381021456632,701.5876976000001,1590.87844576,2.2675403209283544,19.404733333333336,2.7539716221405697,23.1979,16.743,6.454900000000002,18.2733,1.5303000000000004,-4.924600000000002,-6.454900000000002,1.5303000000000004,4.924600000000002,6.454900000000002,0.33264562601673003,0.1419226656151542,-1.1314333333333373,-2.6617333333333377,3.7931666666666644,16.753966666666667,16.753966666666667,1.8633957764568208,0.009420955858598656,0.0004047080496501488,0.00017847887091203922,38.40643333333334,42.199600000000004
TRN-0892,20.9863,19.4037,37.8768,46.298,11.6783,10.6496,15.2556,31.9236,17.6804,Valid,0,0,0,0,0,407.21186931,18853.09512531438,17431.36245469962,830.6067112398522,971.6237174,898.3525026000001,0.9245888544150777,12.527833333333334,1.974012692180293,15.2556,10.6496,4.606,11.6783,1.0287000000000006,-3.5772999999999993,-4.606,1.0287000000000006,3.5772999999999993,4.606,0.36766131140037694,0.15757014657576968,-0.8495333333333335,-1.878233333333334,2.727766666666666,19.395766666666667,19.395766666666667,2.5482137734739627,0.03076490212280947,0.0006644974339437505,0.0007186950168222246,50.40463333333334,53.132400000000004
TRN-0841,29.8949,91.0083,27.9446,15.6917,19.3979,18.9882,24.2031,42.8908,35.6834,Valid,0,0,0,0,0,2720.68402767,42692.15755698934,129966.67266302124,4347.452853683016,469.10180233,1428.07494111,3.0442750086377606,20.863066666666665,2.3676754455700966,24.2031,18.9882,5.2149,19.3979,0.40970000000000084,-4.805199999999999,-5.2149,0.40970000000000084,4.805199999999999,5.2149,0.24995844730599942,0.11348644808131349,-1.465166666666665,-1.8748666666666658,3.3400333333333343,22.027733333333334,22.027733333333334,2.0558242289808355,0.0076683166611102305,0.0004886861629873842,0.0001605262813844599,48.80766666666666,52.1477
TRN-0233,15.3672,38.6916,36.452,59.6472,6.9692,3.8644,12.7546,41.3043,17.8643,Invalid,0,0,0,0,0,594.58155552,35465.12495841255,89294.23895315445,5810.702869908088,916.61045184,2307.84560352,2.5178039904599414,7.862733333333334,3.683993790560577,12.7546,3.8644,8.8902,6.9692,3.1048,-5.7854,-8.8902,3.1048,5.7854,8.8902,1.130675363443328,0.46853850510281475,-0.893533333333334,-3.998333333333334,4.891866666666666,33.44156666666667,33.44156666666667,5.253172528657651,0.013223977849822278,0.00022170324628298092,8.805420624470778e-05,44.31473333333333,49.206599999999995
TRN-0896,16.8148,26.4401,32.9144,53.3421,10.6575,9.7959,13.985,46.5964,16.8823,Valid,0,0,0,0,0,444.58499348000004,23715.097180709512,37290.33595211822,2217.7090262393363,896.9367430800002,1410.3704582100002,1.5724301465119925,11.479466666666667,1.806259782595577,13.985,9.7959,4.1891,10.6575,0.861600000000001,-3.327499999999999,-4.1891,0.861600000000001,3.327499999999999,4.1891,0.3649211027584525,0.15734699857559398,-0.8219666666666665,-1.6835666666666675,2.5055333333333323,35.116933333333336,35.116933333333336,4.0591080834962066,0.02582063454501742,0.0004840573318637004,0.0003078402586959465,44.39386666666667,46.8994
TRN-0572,9.7781,45.8148,36.6675,50.8468,7.8509,8.7594,9.9697,30.3101,16.5207,Valid,0,0,0,0,0,447.98169588,22778.435694071184,106727.22467930708,10914.923529559275,497.18509508000005,2329.53597264,4.6854496593970545,8.86,0.8679165205632776,9.9697,7.8509,2.1187999999999994,8.7594,-0.9084999999999992,-2.1187999999999994,-1.2103000000000002,0.9084999999999992,2.1187999999999994,1.2103000000000002,0.23914218519839892,0.0979589641765591,-1.0090999999999992,-0.10060000000000002,1.1097000000000001,21.4501,21.4501,3.421004128554839,0.01977759373140932,0.00038896437484147047,8.301536956984898e-05,45.527499999999996,46.63719999999999
TRN-0377,25.8767,71.6325,26.5204,14.8354,16.5446,15.9533,20.6098,49.2504,24.5441,Valid,0,0,0,0,0,1853.61271275,27499.086038731348,76123.62784549124,2941.7825651535422,383.89119518,1062.6967905,2.768223816474905,17.702566666666666,2.0698491351357524,20.6098,15.9533,4.656499999999999,16.5446,0.5912999999999986,-4.065200000000001,-4.656499999999999,0.5912999999999986,4.065200000000001,4.656499999999999,0.26304093777130594,0.11692366746509932,-1.1579666666666668,-1.7492666666666654,2.907233333333334,31.547833333333333,31.547833333333333,2.782104885989891,0.009550304945229375,0.0006437510919850051,0.00023255022346498205,44.222966666666665,47.1302
TRN-0402,20.3494,47.6153,20.0764,38.3104,14.6877,18.0815,16.1271,60.5635,17.3125,Invalid,0,0,0,0,0,968.9427858199999,37120.585701878525,86857.98226830554,4268.331154725662,779.59365376,1824.16118912,2.339887056134969,16.298766666666666,1.3908203079078503,18.0815,14.6877,3.393799999999999,16.1271,-3.393799999999999,-1.4393999999999991,1.9543999999999997,3.393799999999999,1.4393999999999991,1.9543999999999997,0.20822433139781543,0.085332850700871,-1.611066666666666,1.7827333333333328,-0.17166666666666686,44.26473333333333,44.26473333333333,3.715833076377983,0.016821185820638636,0.0004390762257127525,0.0001876484606346472,36.375166666666665,38.1579
TRN-0692,21.0089,88.0631,36.4225,28.2623,24.9495,16.0915,18.8807,56.9598,33.5906,Invalid,0,0,0,0,0,1850.10886159,52288.331678915056,219177.23352833634,10432.589192949043,593.75983447,2488.8657511300003,4.191704268585967,19.9739,3.697959408466603,24.9495,16.0915,8.858,18.8807,8.858,6.0687999999999995,-2.789200000000001,8.858,6.0687999999999995,2.789200000000001,0.4434787175524701,0.18513956830298714,4.9756,-3.8824000000000005,-1.0931999999999995,36.9859,36.9859,2.851711340714065,0.010796067411967415,0.00038199535839603685,9.113127161232529e-05,56.3964,61.372
TRN-0524,26.783,33.5773,29.6182,6.2275,14.7745,13.1842,19.3179,34.1612,18.9352,Valid,0,0,0,0,0,899.3008259000001,5600.395893292251,7021.101931368475,262.1476932838286,166.7911325,209.10263575000002,1.2536795260546045,15.758866666666668,2.599012918184304,19.3179,13.1842,6.133700000000001,14.7745,1.5902999999999992,-4.543400000000002,-6.133700000000001,1.5902999999999992,4.543400000000002,6.133700000000001,0.3892221274866133,0.16492383673490482,-0.9843666666666682,-2.5746666666666673,3.5590333333333337,18.40233333333333,18.40233333333333,2.1677445818177756,0.01752346511343641,0.00281388440462354,0.0022445004813298054,45.37706666666667,48.9361
TRN-0686,17.2166,40.7619,36.5746,56.3485,10.9047,10.5972,13.8475,47.2079,17.7028,Valid,0,0,0,0,0,701.7813275399999,39544.32513488769,93624.86360348608,5438.057349617737,970.1295851,2296.87192215,2.367592767004358,11.783133333333334,1.4651157777534927,13.8475,10.5972,3.2502999999999993,10.9047,0.3074999999999992,-2.9428,-3.2502999999999993,0.3074999999999992,2.9428,3.2502999999999993,0.27584341381946387,0.12434007253985246,-0.8784333333333336,-1.1859333333333328,2.0643666666666665,35.42476666666667,35.42476666666667,4.006395808155515,0.016790320366384216,0.00029797280122602923,0.00012585474498644545,48.35773333333333,50.4221
TRN-0479,19.153,39.1288,27.4245,59.066,14.4508,18.5147,15.8739,49.9218,18.1799,Invalid,0,0,0,0,0,749.4339064,44266.063115422396,90433.76653426304,4721.6499667213,1131.291098,2311.1817008,2.042959220855259,16.279799999999998,1.6837234353262027,18.5147,14.4508,4.063900000000002,15.8739,-4.063900000000002,-1.4231000000000016,2.6408000000000005,4.063900000000002,1.4231000000000016,2.6408000000000005,0.2496283584793206,0.10342407965098607,-1.8289999999999988,2.234900000000003,-0.40589999999999726,33.641999999999996,33.641999999999996,3.0664871149223507,0.021722796152204092,0.00036777158061658094,0.00018001904182164062,43.704299999999996,45.9392
TRN-0731,13.9035,89.1543,36.5661,28.288,11.6396,13.7202,13.5417,53.827,31.8838,Valid,0,0,0,0,0,1239.55681005,35064.5830426944,224846.86272976515,16171.960050189171,393.302208,2521.9968384000003,6.412363332084488,12.967166666666666,0.9415556288516482,13.7202,11.6396,2.0806000000000004,13.5417,-2.0806000000000004,-1.9021000000000008,0.17849999999999966,2.0806000000000004,1.9021000000000008,0.17849999999999966,0.16045138410204876,0.07261073914174845,-1.327566666666666,0.7530333333333346,0.5745333333333349,40.859833333333334,40.859833333333334,4.151022134029115,0.010461131390728656,0.00036980809526547406,5.76711033864579e-05,49.53326666666666,50.2863
TRN-0099,20.2736,98.1302,26.7456,46.5455,15.4839,16.3896,19.0144,42.5996,38.4013,Valid,0,0,0,0,0,1989.45242272,92600.05774171375,448211.5749647778,22108.138310741037,943.6448487999999,4567.5192240999995,4.840294528830867,16.962633333333333,1.4971935887593892,19.0144,15.4839,3.530499999999998,16.3896,-0.9057000000000013,-3.530499999999998,-2.624799999999997,0.9057000000000013,3.530499999999998,2.624799999999997,0.20813394491810744,0.08826421411544837,-1.4787333333333326,-0.5730333333333313,2.0517666666666656,25.63696666666667,25.63696666666667,2.5113787848558036,0.008526282474056636,0.00018318167123030808,3.7845147873810433e-05,43.70823333333333,45.76
TRN-0817,10.3326,92.2829,31.1727,49.2921,10.5226,12.7387,12.1273,45.9361,32.0033,Valid,0,0,0,0,0,953.52229254,47001.11619611093,419778.1106221169,40626.56736886646,509.31555245999994,4548.81793509,8.931236191158451,11.796199999999999,0.9345213427204321,12.7387,10.5226,2.216099999999999,12.1273,-2.216099999999999,-1.6046999999999993,0.6113999999999997,2.216099999999999,1.6046999999999993,0.6113999999999997,0.18786556790614192,0.07922222948900516,-1.2735999999999983,0.9425000000000008,0.33110000000000106,34.139900000000004,34.139900000000004,3.8941435467232215,0.012371184271115474,0.00025097701830164383,2.8101036479700592e-05,42.9689,43.9114
TRN-0277,27.884,80.7621,35.9598,51.4908,18.1225,17.7811,22.8208,31.7943,32.0756,Valid,0,0,0,0,0,2251.9703964,115955.75728695313,335849.60786058806,12044.527177451617,1435.7694672,4158.5051386800005,2.896359815795445,19.5748,2.2994963926912346,22.8208,17.7811,5.0397,18.1225,0.34140000000000015,-4.6983,-5.0397,0.34140000000000015,4.6983,5.0397,0.2574585560282324,0.11747227431283896,-1.452300000000001,-1.7937000000000012,3.2459999999999987,12.2195,12.2195,1.6242463971919816,0.008692298985190914,0.00016881266146526788,5.8284421186721344e-05,55.5346,58.7806
TRN-0493,20.1257,27.8475,37.8216,40.1598,11.5988,10.7917,15.3087,48.7406,18.2107,Valid,0,0,0,0,0,560.45043075,22507.57720883385,31143.252474348745,1547.4369053951832,808.2440868599999,1118.3500305,1.3836785113721008,12.566400000000002,1.9668942642314726,15.3087,10.7917,4.5169999999999995,11.5988,0.8071000000000002,-3.7098999999999993,-4.5169999999999995,0.8071000000000002,3.7098999999999993,4.5169999999999995,0.359450569817086,0.15652009387822913,-0.9676000000000009,-1.774700000000001,2.7422999999999984,36.1742,36.1742,3.878644331022064,0.022421965062568626,0.0005583186445544916,0.0004035031347463423,50.388,53.1303
TRN-0726,20.0636,36.2696,21.0752,16.9709,11.9,10.664,15.1836,52.3788,16.4284,Valid,0,0,0,0,0,727.69874656,12349.702657995105,22324.945449690942,1112.7088028560247,340.49734924,615.52775464,1.8077313240031037,12.582533333333332,1.907194248686332,15.1836,10.664,4.5196000000000005,11.9,1.2360000000000007,-3.2836,-4.5196000000000005,1.2360000000000007,3.2836,4.5196000000000005,0.35919631771055777,0.15157473034934157,-0.6825333333333319,-1.9185333333333325,2.601066666666668,39.79626666666667,39.79626666666667,4.16281796754088,0.017290854732845175,0.001018853140093105,0.0005636086932944291,33.65773333333333,36.2588
TRN-0330,26.031,19.3516,38.3725,38.5153,13.8593,12.1453,18.3326,50.1899,19.5005,Valid,0,0,0,0,0,503.7414996,19401.754979543883,14423.379880225171,554.0847192247878,1002.5917743,745.3326794800001,0.7434059105141597,14.779066666666665,2.6083389814635325,18.3326,12.1453,6.187299999999999,13.8593,1.7139999999999986,-4.4733,-6.187299999999999,1.7139999999999986,4.4733,6.187299999999999,0.41865293126406733,0.17648873665735293,-0.919766666666666,-2.6337666666666646,3.553533333333334,35.410833333333336,35.410833333333336,3.3960125991709496,0.029338592609629163,0.0007617386510388953,0.0010246604324624694,53.15156666666667,56.7051
TRN-0117,23.1148,32.8453,34.0878,15.1929,13.1449,11.8919,17.2516,51.8169,18.1669,Valid,0,0,0,0,0,759.21254044,11534.640205650876,16390.30915027016,709.0828577875345,351.18084491999997,499.01535837,1.4209639961858205,14.096133333333333,2.2891380711719616,17.2516,11.8919,5.3597,13.1449,1.2530000000000001,-4.1067,-5.3597,1.2530000000000001,4.1067,5.3597,0.3802248100974634,0.162394740078406,-0.9512333333333327,-2.204233333333333,3.1554666666666673,37.72076666666666,37.72076666666666,3.6759652522229325,0.01856678145305288,0.0012220696164589077,0.0008600285207091995,48.183933333333336,51.3394
TRN-0840,8.9498,57.5485,34.0731,6.2441,7.4276,8.9841,9.0359,49.734,15.7433,Valid,0,0,0,0,0,515.0475653,3216.00850248973,20679.396780434225,2310.5985016241398,55.88344618,359.33858885,6.430142971894012,8.482533333333334,0.7462502097524365,9.0359,7.4276,1.6082999999999998,8.9841,-1.5564999999999998,-1.6082999999999998,-0.05180000000000007,1.5564999999999998,1.6082999999999998,0.05180000000000007,0.18960135459516558,0.0879749117925688,-1.0549333333333344,0.5015666666666654,0.5533666666666655,41.251466666666666,41.251466666666666,5.863106242265725,0.016469417367157325,0.002637596674302582,0.0004101924936683296,42.55563333333333,43.108999999999995
TRN-0640,11.8036,103.8967,40.1589,32.5814,14.9657,18.8878,13.5683,61.162,44.2449,Invalid,0,0,0,0,0,1226.35508812,39956.36566807297,351700.71307957545,29796.052330096172,384.57781304,3385.09994138,8.802118946582489,15.807266666666665,2.2517320597462045,18.8878,13.5683,5.319499999999998,14.9657,-3.9220999999999986,1.3973999999999993,5.319499999999998,3.9220999999999986,1.3973999999999993,5.319499999999998,0.3365224219753938,0.14244916371565658,-0.8415666666666652,3.0805333333333333,-2.2389666666666646,45.354733333333336,45.354733333333336,3.8692328927265804,0.012889632706632743,0.00039561322462572737,4.494522211288546e-05,55.966166666666666,59.0467
TRN-0576,9.2718,33.9917,26.1932,21.3669,6.3612,6.8259,8.2625,60.8207,12.9188,Valid,0,0,0,0,0,315.16424406000004,6734.082886405616,24688.078393605745,2662.7058101878747,198.10962342000002,726.2972547300001,3.6661377870383545,7.149866666666667,0.8093006130123848,8.2625,6.3612,1.901299999999999,6.8259,-0.46469999999999967,-1.901299999999999,-1.4365999999999994,0.46469999999999967,1.901299999999999,1.4365999999999994,0.2659210056242065,0.1131909918816285,-0.7886666666666668,-0.3239666666666672,1.1126333333333323,53.670833333333334,53.670833333333334,8.506549048949763,0.02268616056147326,0.0010617431929800965,0.0002896080671968737,33.343066666666665,34.4557
TRN-0815,19.7839,44.4744,35.2429,41.0408,12.316,11.8512,16.0196,42.8264,18.7609,Valid,0,0,0,0,0,879.87708216,36110.859353512125,81177.56373777869,4103.213200358145,811.9470831199999,1825.26495552,2.2480096316697096,13.395600000000002,1.8651258688535384,16.0196,11.8512,4.1684,12.316,0.4648000000000003,-3.7036,-4.1684,0.4648000000000003,3.7036,4.1684,0.3111767810940323,0.13923420597952554,-1.079600000000001,-1.5444000000000013,2.6239999999999988,29.430799999999998,29.430799999999998,3.1970495388747393,0.015224399244370475,0.00037095766313648235,0.0001650160387062823,48.6385,51.2625
TRN-0048,14.4827,83.324,29.2952,44.22,12.0149,13.4732,14.4046,38.866,27.2094,Valid,0,0,0,0,0,1206.7564948,53362.772200055995,307014.55051871995,21198.708066866806,640.424994,3684.5872799999997,5.753346699624608,13.297566666666668,0.9834638862487809,14.4046,12.0149,2.3896999999999995,13.4732,-1.4582999999999995,-2.3896999999999995,-0.9314,1.4582999999999995,2.3896999999999995,0.9314,0.17970955740953423,0.07395817873625517,-1.2826666666666675,0.17563333333333198,1.107033333333332,25.56843333333333,25.56843333333333,2.9227901654094484,0.011019262554581286,0.00024919182640221836,4.3312496571111367e-05,42.59276666666667,43.6998
TRN-0783,21.1949,108.7053,26.2056,47.5161,16.633,17.8845,20.0756,49.4543,48.7174,Valid,1,0,0,0,1,2303.99796297,109476.99760827882,561490.2579444692,26491.761294118296,1007.0989878900001,5165.25190533,5.128842073855404,18.1977,1.422777651872094,20.0756,16.633,3.4426000000000023,17.8845,-1.2515,-3.4426000000000023,-2.1911000000000023,1.2515,3.4426000000000023,2.1911000000000023,0.18917774283685626,0.07818447241616366,-1.564700000000002,-0.3132000000000019,1.8779000000000003,31.256600000000002,31.256600000000002,2.717612515998587,0.007898314271356253,0.00016622395934666774,3.2409645122938754e-05,44.4033,46.2812
TRN-0632,31.9735,69.2267,37.9105,34.68,19.336,18.1544,24.6004,45.4908,29.468,Valid,0,0,0,0,0,2213.4198924499997,76761.401870166,166198.21223342518,5197.998562416583,1108.84098,2400.781956,2.1651273033878895,20.69693333333333,2.802003289711766,24.6004,18.1544,6.4460000000000015,19.336,1.1815999999999995,-5.264400000000002,-6.4460000000000015,1.1815999999999995,5.264400000000002,6.4460000000000015,0.31144709144766586,0.1353825278944339,-1.3609333333333318,-2.5425333333333313,3.90346666666667,24.79386666666667,24.79386666666667,2.1979487042549604,0.009350658406288001,0.0002696268284426389,0.00012453162434828107,58.60743333333333,62.5109
TRN-0766,23.4755,92.6999,25.5168,7.1791,16.4879,16.7331,19.9848,48.9082,34.1003,Valid,0,0,0,0,0,2176.17650245,15622.988728738796,61691.955138557794,2627.9292245374354,168.53296205,665.50185209,3.948793254721166,17.735266666666668,1.593806956803601,19.9848,16.4879,3.4969,16.7331,-0.24520000000000053,-3.4969,-3.2516999999999996,0.24520000000000053,3.4969,3.2516999999999996,0.19717210169725283,0.08986652960412612,-1.247366666666668,-1.0021666666666675,2.249533333333332,31.172933333333333,31.172933333333333,2.7576803981325115,0.00814973722882775,0.001135203191493513,0.00028748102773767584,43.252066666666664,45.501599999999996
TRN-0241,17.2696,76.3134,34.1474,6.8534,12.628,13.5151,15.3496,45.6354,25.6781,Valid,0,0,0,0,0,1317.9018926400001,9032.108831018977,39912.385583052506,2311.135363408367,118.35547663999999,523.00625556,4.418944016135636,13.8309,1.1333060398674317,15.3496,12.628,2.7216000000000005,13.5151,-0.8871000000000002,-2.7216000000000005,-1.8345000000000002,0.8871000000000002,2.7216000000000005,1.8345000000000002,0.196776768194639,0.08194014546611474,-1.2028999999999996,-0.3157999999999994,1.5187000000000008,31.804499999999997,31.804499999999997,3.299524738120821,0.010494635501129394,0.0015313035147416767,0.0003465315289378821,47.9783,49.497
TRN-0810,23.8527,97.2547,35.4709,33.6235,17.4008,17.9167,21.4636,64.1445,41.3538,Valid,0,0,0,0,0,2319.78718269,77999.36433717722,318027.09038401814,13332.959247844432,802.0112584499999,3270.04340545,4.0773034466830405,18.92703333333333,1.8059468510697896,21.4636,17.4008,4.062799999999999,17.9167,-0.5158999999999985,-4.062799999999999,-3.546900000000001,0.5158999999999985,4.062799999999999,3.546900000000001,0.2146559217069101,0.09541626116719447,-1.5262333333333302,-1.0103333333333318,2.536566666666669,45.21746666666667,45.21746666666667,3.3890412449367178,0.00815895245322754,0.00024265625103395095,5.951390276350168e-05,54.39793333333333,56.9345
TRN-0301,31.3955,107.7199,28.1927,21.7747,19.3311,28.0601,26.6706,41.9273,51.0155,Invalid,0,0,0,0,0,3381.9201204499996,73640.2960467626,252664.40496656092,8047.790190274744,683.6275938499999,2345.56850653,3.4310616670840832,24.68726666666667,3.829627360752247,28.0601,19.3311,8.729,26.6706,-8.729,-7.339500000000001,1.3894999999999982,8.729,7.339500000000001,1.3894999999999982,0.3535830743953127,0.15512560614081647,-5.35616666666667,3.372833333333329,1.9833333333333307,17.240033333333333,17.240033333333333,1.698336995657532,0.007299778167463635,0.0003352412740254966,9.770773477109377e-05,52.87996666666667,56.25279999999999
TRN-0984,28.7539,86.5251,31.709,38.5884,19.0654,18.6212,23.9913,43.3456,34.1487,Valid,0,0,0,0,0,2487.93407289,96005.39517830848,288895.64262039785,10047.180819757215,1109.5669947600002,3338.86516884,3.0091603918369194,20.559299999999997,2.4335565756042454,23.9913,18.6212,5.370099999999997,19.0654,0.4441999999999986,-4.925899999999999,-5.370099999999997,0.4441999999999986,4.925899999999999,5.370099999999997,0.26120051455056753,0.11836767094388305,-1.4938999999999965,-1.938099999999995,3.432000000000002,22.7863,22.7863,2.108320706039568,0.00826360321029511,0.00021414733996565053,7.116514397187801e-05,52.268299999999996,55.7003
TRN-0054,30.4531,88.0644,32.0545,34.9604,19.8072,19.2231,24.8046,80.5923,35.5919,Valid,0,0,0,0,0,2681.83397964,93757.98866180626,271129.7377511246,8903.18978520856,1064.65255724,3078.7666497600003,2.8918040235048643,21.278299999999998,2.5048468975168925,24.8046,19.2231,5.581500000000002,19.8072,0.584100000000003,-4.997399999999999,-5.581500000000002,0.584100000000003,4.997399999999999,5.581500000000002,0.2623094766823724,0.11771836940914092,-1.4710999999999963,-2.0551999999999992,3.5263000000000027,59.31399999999999,59.31399999999999,3.787534540469185,0.007934234614672936,0.00022694919444705503,7.848014082266879e-05,53.33279999999999,56.8591
TRN-0866,10.0427,38.7344,30.3281,48.4402,0.0,7.9897,9.259,30.3878,14.4958,Invalid,0,0,0,0,0,388.99795888,18843.138927738975,72677.43539910707,7236.84150300871,486.47039653999997,1876.30208288,3.8569703509046027,5.7495666666666665,4.098448345681842,9.259,0.0,9.259,7.9897,-7.9897,-9.259,-1.2693000000000003,7.9897,9.259,1.2693000000000003,1.610381951616884,0.7128272216783792,-5.7495666666666665,2.2401333333333335,3.509433333333334,24.638233333333332,24.638233333333332,5.285232170789885,0.014780454551587677,0.00030512786051253935,7.91107533585066e-05,36.077666666666666,39.5871
TRN-0180,16.0409,26.3495,35.8273,56.5978,9.5647,9.0462,12.8008,33.9355,16.4986,Valid,0,0,0,0,0,422.66969455,23922.174838201987,39295.63465261945,2449.714928894545,907.87965002,1491.3237311,1.6426446369814263,10.470566666666668,1.6612647999507952,12.8008,9.0462,3.7546,9.5647,0.5184999999999995,-3.2361000000000004,-3.7546,0.5184999999999995,3.2361000000000004,3.7546,0.3585860976719409,0.1586604330192599,-0.9058666666666682,-1.4243666666666677,2.3302333333333323,23.464933333333327,23.464933333333327,3.24103726563313,0.024772456546812087,0.0004376929245374562,0.00026645623003577687,46.29786666666667,48.6281
TRN-0832,26.5757,84.5292,46.3478,32.8302,17.8573,17.963,22.2743,74.1483,37.7818,Valid,0,0,0,0,0,2246.42266044,73750.50522677728,234577.87401330174,8826.780298788797,872.48554614,2775.1105418399998,3.18069502663354,19.364866666666668,2.0577325487590032,22.2743,17.8573,4.417000000000002,17.963,-0.10570000000000235,-4.417000000000002,-4.311299999999999,0.10570000000000235,4.417000000000002,4.311299999999999,0.2280934771169708,0.10626112112818827,-1.5075666666666692,-1.4018666666666668,2.9094333333333324,54.783433333333335,54.783433333333335,3.829011448791551,0.008620313086698216,0.0002625726645106848,8.255197446919496e-05,65.71266666666666,68.6221
TRN-0979,9.6624,74.2431,42.9247,42.6739,9.1369,11.4155,10.8367,67.7177,25.671,Valid,0,0,0,0,0,717.36652944,30612.82754066962,235220.1540388194,24343.861741902394,412.33229136,3168.2426250900003,7.68371132599444,10.463033333333334,0.9670313932626774,11.4155,9.1369,2.278599999999999,10.8367,-2.278599999999999,-1.6997999999999998,0.5787999999999993,2.278599999999999,1.6997999999999998,0.5787999999999993,0.2177762136114561,0.09242360891255899,-1.326133333333333,0.9524666666666661,0.3736666666666668,57.25466666666666,57.25466666666666,6.472090011619637,0.014585338023668019,0.00034178591700133695,4.448187433616803e-05,53.38773333333334,54.3402
TRN-0070,27.0056,63.4253,35.9462,35.4084,16.9847,16.1667,21.572,53.3195,27.8043,Valid,0,0,0,0,0,1712.8382816800001,60648.86301303812,142439.80253209875,5274.454085732021,956.2250870400001,2245.78839252,2.3485979815816727,18.241133333333334,2.3788352280522127,21.572,16.1667,5.4053,16.9847,0.8180000000000014,-4.587299999999999,-5.4053,0.8180000000000014,4.587299999999999,5.4053,0.2963247735160037,0.1304104878886395,-1.2564333333333337,-2.074433333333335,3.3308666666666653,35.07836666666667,35.07836666666667,2.923036420085205,0.010649652986966324,0.0003007662868982579,0.00012806205153994537,54.18733333333333,57.51819999999999
TRN-0169,15.1614,82.0274,25.1007,7.2104,11.8337,13.0679,14.1548,62.8403,24.6253,Valid,0,0,0,0,0,1243.65022236,8967.215563304544,48515.13566671991,3199.9111207941737,109.31975856,591.45036496,5.410278377308272,13.0188,0.9482209341709344,14.1548,11.8337,2.3210999999999995,13.0679,-1.2341999999999995,-2.3210999999999995,-1.0869,1.2341999999999995,2.3210999999999995,1.0869,0.17828830780960547,0.07283473602299739,-1.1851000000000003,0.049099999999999255,1.1359999999999992,49.8215,49.8215,4.826888436193164,0.010468216670139608,0.0014518219068830514,0.0002683451220082273,38.1195,39.2555
TRN-0599,19.5873,19.6865,35.3793,12.1957,10.6163,9.7921,14.0789,51.5171,16.4383,Valid,0,0,0,0,0,385.60538145,4702.727550549765,4726.544542836325,241.3065762779836,238.88083461,240.09064805,1.0050644547709764,11.495766666666668,1.8572847158030341,14.0789,9.7921,4.286800000000001,10.6163,0.8242000000000012,-3.4626,-4.286800000000001,0.8242000000000012,3.4626,4.286800000000001,0.37290245630399116,0.16156247844051772,-0.8794666666666675,-1.7036666666666687,2.5831333333333326,40.02133333333333,40.02133333333333,4.481397110119048,0.029812256752295936,0.0024444891907204544,0.002432171443651744,46.87506666666667,49.458200000000005
TRN-0998,21.6903,73.4161,34.7918,25.7828,14.9436,15.1886,18.7858,31.6359,26.9214,Valid,0,0,0,0,0,1592.41723383,41056.975056392126,138967.32578330362,6406.887842787594,559.23666684,1892.87262308,3.384743254600293,16.305999999999997,1.7563337344214125,18.7858,14.9436,3.8421999999999983,15.1886,-0.24499999999999922,-3.8421999999999983,-3.597199999999999,0.24499999999999922,3.8421999999999983,3.597199999999999,0.23563104160241366,0.10771088106896429,-1.3623999999999974,-1.1173999999999982,2.479800000000001,15.329900000000002,15.329900000000002,1.9401384803055024,0.01023977864805059,0.0003971554157900431,0.0001173369344770234,51.0978,53.577600000000004
TRN-0016,19.1531,67.5403,44.1923,16.6557,12.8284,13.5424,15.9988,42.3271,27.0879,Valid,0,0,0,0,0,1293.60611993,21545.9154517181,75978.17551120582,3966.8863810202756,319.00828766999996,1124.93097471,3.526337588884432,14.123200000000002,1.3579041497837756,15.9988,12.8284,3.170399999999999,13.5424,-0.7140000000000004,-3.170399999999999,-2.4563999999999986,0.7140000000000004,3.170399999999999,2.4563999999999986,0.22448168796861268,0.09614705262523528,-1.2948000000000022,-0.5808000000000018,1.8755999999999968,28.203899999999997,28.203899999999997,2.9969905547616293,0.010917697258456495,0.0006554931504763844,0.00018588495847378074,58.31550000000001,60.191100000000006
TRN-0314,17.1067,61.6249,24.8072,10.2851,11.5329,11.9072,14.219,51.8342,17.309,Valid,0,0,0,0,0,1054.1986768299998,10842.53881106423,39058.98682843285,2283.25653370763,175.94412017,633.81825899,3.602383650710911,12.553033333333333,1.1878857474054012,14.219,11.5329,2.6860999999999997,11.9072,-0.37429999999999986,-2.6860999999999997,-2.3118,0.37429999999999986,2.6860999999999997,2.3118,0.21398013648917766,0.09462937134259952,-1.0201333333333338,-0.6458333333333339,1.665966666666666,39.28116666666667,39.28116666666667,4.129216779273793,0.011907654218626933,0.001157757749445718,0.00032138655792971084,37.36023333333333,39.0262
TRN-0628,17.3905,47.9269,26.7059,58.6967,11.6212,11.3781,15.0085,44.1,17.744,Valid,0,0,0,0,0,833.47275445,48922.100226125316,134825.60049035313,7752.830150802046,1020.7649613499999,2813.15087123,2.755924053021819,12.669266666666665,1.657062429589047,15.0085,11.3781,3.6304,11.6212,0.2431000000000001,-3.3872999999999998,-3.6304,0.2431000000000001,3.3872999999999998,3.6304,0.286551685189486,0.13079386063875204,-1.0480666666666654,-1.2911666666666655,2.3392333333333344,31.430733333333336,31.430733333333336,3.4808641793896906,0.01520057684408221,0.0002589681679210099,9.396781190289741e-05,39.375166666666665,41.7144
TRN-0586,9.8497,48.8292,49.9941,41.9037,8.1285,9.5477,10.1542,69.9002,21.5495,Valid,0,0,0,0,0,480.95297124,20153.709020949587,99910.60524947477,10143.516564561176,412.73887389000004,2046.1241480400001,4.95742967223066,9.2768,0.8488836708681973,10.1542,8.1285,2.0256999999999987,9.5477,-1.4192,-2.0256999999999987,-0.6064999999999987,1.4192,2.0256999999999987,0.6064999999999987,0.2183619116115565,0.09150607745797257,-1.148299999999999,0.27090000000000103,0.8773999999999997,60.6234,60.6234,7.534946583418142,0.019288372326288047,0.0004603023686556431,9.285100392238809e-05,59.270900000000005,60.148300000000006
TRN-0145,29.3082,105.8771,43.4125,9.8873,19.8704,20.2378,24.6602,46.3785,52.9031,Valid,0,0,0,0,0,3103.06722222,30680.956546255806,110836.24051779299,3781.74834128485,289.77896585999997,1046.83865083,3.612541759216132,21.589466666666667,2.1765106774121024,24.6602,19.8704,4.7898,20.2378,-0.36739999999999995,-4.7898,-4.4224,0.36739999999999995,4.7898,4.4224,0.22185817982882794,0.10081354070496855,-1.7190666666666665,-1.3516666666666666,3.070733333333333,24.789033333333336,24.789033333333336,2.1482002574619603,0.0069574601881372215,0.0007036764526364707,0.00019478707113857797,65.00196666666668,68.0727
TRN-0370,27.8564,48.3216,33.5844,18.1832,16.3613,14.9818,20.9924,31.3304,21.3731,Valid,0,0,0,0,0,1346.06581824,24475.783986221566,42457.354269345786,1524.1507425652646,506.51849248,878.6413171199999,1.7346677339976544,17.445166666666665,2.5707201719016837,20.9924,14.9818,6.0106,16.3613,1.3795000000000002,-4.6311,-6.0106,1.3795000000000002,4.6311,6.0106,0.344542403652832,0.1473600151641812,-1.0838666666666654,-2.4633666666666656,3.5472333333333346,13.885233333333336,13.885233333333336,1.7959357341038644,0.012960114146956313,0.0007127521094227061,0.0004108868055127776,51.02956666666667,54.576800000000006
TRN-0122,31.8857,49.6381,38.1437,28.7934,18.1299,16.4775,23.5738,47.1112,23.0595,Valid,0,0,0,0,0,1582.74556517,45572.626156165876,70945.23797195539,2224.9859889219742,918.09771438,1429.24966854,1.556751096674964,19.393733333333333,3.0317568551730676,23.5738,16.4775,7.096299999999999,18.1299,1.6524,-5.443899999999999,-7.096299999999999,1.6524,5.443899999999999,7.096299999999999,0.3659068376430786,0.15632661575456255,-1.2638333333333343,-2.9162333333333343,4.180066666666665,27.717466666666663,27.717466666666663,2.4291969349619666,0.01225322234215015,0.00042555663275691756,0.0002733620167815394,57.53743333333334,61.7175
TRN-0374,23.1221,109.7203,46.3794,39.7795,17.8087,19.0765,21.4412,50.6761,57.1092,Valid,0,0,0,0,0,2536.96374863,100919.14943862708,478887.2702804241,20711.235120044847,919.78557695,4364.61867385,4.745256497236129,19.44213333333333,1.50533049822585,21.4412,17.8087,3.6324999999999967,19.0765,-1.2677999999999976,-3.6324999999999967,-2.364699999999999,1.2677999999999976,3.6324999999999967,2.364699999999999,0.18683648295609778,0.0774261957261028,-1.633433333333329,-0.3656333333333315,1.9990666666666677,31.233966666666667,31.233966666666667,2.6065090967464597,0.0076635440045877065,0.0001926505865466515,4.0598559493777974e-05,65.82153333333332,67.8206
TRN-0878,13.9113,105.5919,33.6955,36.2678,10.5031,20.7532,15.6068,41.2921,45.3496,Invalid,0,0,0,0,0,1468.92059847,53274.518481190265,404373.25253671437,29067.968016558218,504.53224614000004,3829.5859108199998,7.590368434986778,15.621033333333335,4.184597905281808,20.7532,10.5031,10.2501,15.6068,-10.2501,-5.1037,5.1464,10.2501,5.1037,5.1464,0.6561729384415709,0.2678822551687502,-5.117933333333335,5.132166666666665,-0.014233333333335096,25.67106666666666,25.67106666666666,2.643365293160378,0.010634361951877825,0.00029321772919553395,3.8630233912111734e-05,49.31653333333334,54.4487
TRN-0847,10.5879,24.4649,37.1274,49.8712,6.8628,7.1306,8.9615,28.1238,14.8242,Valid,0,0,0,0,0,259.03191470999997,12918.232424885351,29849.475764937113,2819.2061641809,528.03127848,1220.09392088,2.3106468411444347,7.651633333333334,0.9326457788940494,8.9615,6.8628,2.098699999999999,7.1306,-0.26780000000000026,-2.098699999999999,-1.8308999999999989,0.26780000000000026,2.098699999999999,1.8308999999999989,0.2742812722841825,0.12188844085649798,-0.7888333333333337,-0.5210333333333335,1.3098666666666654,20.472166666666666,20.472166666666666,3.675528491669078,0.029539345807486305,0.0005923127159410068,0.0002563406269957021,44.77903333333334,46.0889
TRN-0540,31.2972,94.3311,29.0551,52.1742,20.9992,20.3502,26.3378,36.4869,39.5278,Valid,0,0,0,0,0,2952.29930292,154033.85429040866,464264.62790454004,14834.062250631934,1632.9063722399999,4921.64967762,3.0140426934664224,22.5624,2.682726737233345,26.3378,20.3502,5.9876000000000005,20.9992,0.6489999999999974,-5.338600000000003,-5.9876000000000005,0.6489999999999974,5.338600000000003,5.9876000000000005,0.26537955778731176,0.1189025377766021,-1.563200000000002,-2.2121999999999993,3.775400000000001,13.924499999999998,13.924499999999998,1.6171550182092764,0.007642314574962683,0.00014647689044588447,4.859814563471456e-05,51.6175,55.3929
TRN-0808,9.5961,62.7447,45.4544,7.0814,13.627749999999999,10.0403,9.9205,53.4667,23.8244,Invalid,1,1,0,0,0,602.10441567,4263.7422091255385,27878.74509320653,2905.215888537077,67.95382254,444.32031858000005,6.538561859655292,11.196183333333332,1.7200727408714107,13.627749999999999,9.9205,3.7072499999999984,10.0403,3.5874499999999987,3.7072499999999984,0.11979999999999968,3.5874499999999987,3.7072499999999984,0.11979999999999968,0.33111727081544706,0.15363026274499628,2.431566666666667,-1.1558833333333318,-1.2756833333333315,42.27051666666667,42.27051666666667,4.775439418304208,0.01859508587439861,0.002625905315463169,0.00040160284458643034,56.65058333333333,59.08215
TRN-0886,9.5103,41.0171,26.1524,39.0628,7.2008,7.5552,8.7786,40.1126,14.0527,Valid,0,0,0,0,0,390.08492613000004,15237.809452430967,65719.35208051334,6910.333551010987,371.4989468400001,1602.2427738800002,4.312912914112813,7.844866666666667,0.6759158198737147,8.7786,7.2008,1.5778000000000008,7.5552,-0.35440000000000005,-1.5778000000000008,-1.2234000000000007,0.35440000000000005,1.5778000000000008,1.2234000000000007,0.20112512626620477,0.08616025771164035,-0.6440666666666672,-0.2896666666666672,0.9337333333333335,32.26773333333333,32.26773333333333,5.113228381205325,0.02011066339933786,0.0005148290304221061,0.00011936920280249393,33.99726666666667,34.931
TRN-0510,27.9197,27.1864,27.2906,49.5003,15.25,13.1347,20.14,44.8598,19.6898,Valid,0,0,0,0,0,759.0361320799999,37572.51624879962,36585.68880562349,1310.3897067387466,1382.03352591,1345.73495592,0.9737353562633067,16.1749,2.9337276662976066,20.14,13.1347,7.0053,15.25,2.1152999999999995,-4.890000000000001,-7.0053,2.1152999999999995,4.890000000000001,7.0053,0.4330969320925055,0.18137530896155757,-0.9249000000000009,-3.0402000000000005,3.9650999999999996,28.6849,28.6849,2.7734203751849855,0.021309789211701756,0.0004304981836314001,0.0004421100306596302,43.465500000000006,47.4306
TRN-0418,11.9313,52.7544,42.8991,27.5887,8.9263,9.9342,11.1392,55.1761,17.4674,Valid,0,0,0,0,0,629.4285727199999,17365.11606420026,76780.08925240723,6435.181649713408,329.16905631,1455.42531528,4.421512792276383,9.999900000000002,0.9046063490085992,11.1392,8.9263,2.212900000000001,9.9342,-1.0079000000000011,-2.212900000000001,-1.205,1.0079000000000011,2.212900000000001,1.205,0.22129219079268894,0.09046153047001156,-1.0736000000000026,-0.06570000000000142,1.1392999999999986,45.176199999999994,45.176199999999994,5.517664624879785,0.01588726730484981,0.0005758613972088461,0.00013024079676432837,52.899,54.0383
TRN-0850,13.3815,37.7292,31.756,45.366,9.0567,9.3006,11.7747,78.4565,16.029,Valid,0,0,0,0,0,504.8732898,22904.0816650668,64578.16223574623,4825.928140329417,607.0651290000001,1711.6228872,2.8195043291481277,10.043999999999999,1.2278337753946988,11.7747,9.0567,2.718,9.3006,-0.2439,-2.718,-2.4741,0.2439,2.718,2.4741,0.2706092920540331,0.12224548518012883,-0.9872999999999994,-0.7433999999999994,1.7307000000000006,68.41250000000001,68.41250000000001,7.811279588681844,0.01989410052586604,0.00043852445806113837,0.0001555324532645924,41.8,43.530699999999996
TRN-0532,26.879,60.1489,22.0906,13.677,16.0546,14.7739,20.373,64.638,20.069,Valid,0,0,0,0,0,1616.7422831000001,22112.1842059587,49481.88387163916,1840.9123118689997,367.624083,822.6565052999999,2.237765458619537,17.067166666666665,2.395335556636876,20.373,14.7739,5.599100000000002,16.0546,1.2807000000000013,-4.3184000000000005,-5.599100000000002,1.2807000000000013,4.3184000000000005,5.599100000000002,0.3280626351925647,0.14034757280290439,-1.0125666666666646,-2.293266666666666,3.305833333333336,47.57083333333334,47.57083333333334,3.787271635365861,0.010556516542256162,0.0007718444504137059,0.00034491747950816996,39.15776666666666,42.4636
TRN-0361,27.8914,24.7733,29.776,10.3938,14.7921,12.5916,19.7028,52.313,18.6118,Valid,0,0,0,0,0,690.96201962,7181.721039526356,6378.845444420082,228.70294125490796,289.89763332,257.48872554,0.8882056516271806,15.695500000000001,2.9725847372278555,19.7028,12.5916,7.1112,14.7921,2.2005,-4.9107,-7.1112,2.2005,4.9107,7.1112,0.45307250784794956,0.18939087941365207,-0.9034000000000013,-3.103900000000001,4.007299999999999,36.6175,36.6175,3.332993320824866,0.022715430850911943,0.002185478927882398,0.0024605549913847093,45.4715,49.4788
TRN-0161,16.1451,82.5904,26.857,31.5841,12.7468,13.7874,15.18,73.8668,26.1738,Valid,0,0,0,0,0,1333.43026704,42115.19489721806,215440.64717091864,13344.025978587477,509.92845291,2608.54345264,5.115508413357092,13.904733333333333,0.9968085383975308,15.18,12.7468,2.4331999999999994,13.7874,-1.0405999999999995,-2.4331999999999994,-1.3925999999999998,1.0405999999999995,2.4331999999999994,1.3925999999999998,0.17499075794400287,0.07168842744502617,-1.1579333333333324,-0.11733333333333285,1.275266666666667,59.962066666666665,59.962066666666665,5.312348889897286,0.010427791888789058,0.0003301595390200048,6.454090031690979e-05,40.76173333333333,42.037
TRN-0110,24.5955,66.6176,38.2375,53.1687,16.1615,15.8666,20.7128,41.1122,27.8569,Valid,0,0,0,0,0,1638.4931808,87116.55238200095,235957.6198883205,9593.527689812885,1307.71076085,3541.97118912,2.7085278726381703,17.5803,2.2182814203792995,20.7128,15.8666,4.846200000000001,16.1615,0.29490000000000016,-4.551300000000001,-4.846200000000001,0.29490000000000016,4.551300000000001,4.846200000000001,0.275660809220502,0.12617994540476293,-1.418800000000001,-1.7137000000000011,3.1325000000000003,23.5319,23.5319,2.3385378896527422,0.010729553345279598,0.00020180206308796083,7.450617618641139e-05,55.8178,58.9503
TRN-0175,12.5344,101.6442,32.2129,53.5995,12.1063,14.2966,14.2216,49.4543,40.8855,Valid,1,0,0,0,1,1274.04906048,68288.39261719775,553765.5601274072,44179.65885465187,671.8375728,5448.0782979,8.1092187811767,13.5415,1.015301442922249,14.2966,12.1063,2.1903000000000006,14.2216,-2.1903000000000006,-2.1153000000000013,0.07499999999999929,2.1903000000000006,2.1153000000000013,0.07499999999999929,0.1617472095597084,0.07497702381163279,-1.4352,0.7551000000000005,0.6801000000000013,35.912800000000004,35.912800000000004,3.652054524827049,0.010628711569607457,0.00019829870759604628,2.4453488940085035e-05,45.7544,46.509499999999996
TRN-0616,20.4904,26.5967,26.2294,14.7813,11.3379,9.9378,14.7259,55.1477,16.6078,Valid,0,0,0,0,0,544.97702168,8055.468850558584,10456.061783940357,510.29073486362495,302.87474952,393.13380171,1.298007784230284,12.000533333333331,2.0101057357484677,14.7259,9.9378,4.7881,11.3379,1.4001000000000001,-3.388,-4.7881,1.4001000000000001,3.388,4.7881,0.39899056717002307,0.1675013528493552,-0.6626333333333321,-2.062733333333332,2.725366666666668,43.14716666666667,43.14716666666667,4.5954370420672666,0.0220202555959498,0.0014897374137337084,0.0011477106371557066,38.22993333333333,40.955299999999994
TRN-0119,15.6102,75.703,26.1544,13.7047,11.7033,12.5963,13.9901,50.7214,22.7052,Valid,0,0,0,0,0,1181.7389706000001,16195.378070381823,78540.8711010823,5031.3811526887,213.93310794,1037.4869041000002,4.849585216743846,12.763233333333332,0.9410149178177545,13.9901,11.7033,2.2867999999999995,12.5963,-0.8929999999999989,-2.2867999999999995,-1.3938000000000006,0.8929999999999989,2.2867999999999995,1.3938000000000006,0.17917088570783637,0.07372856230964403,-1.0599333333333316,-0.1669333333333327,1.2268666666666679,37.95816666666667,37.95816666666667,3.9740240346079476,0.01080038285955207,0.0007880787516709295,0.00016250435161006192,38.91763333333333,40.1445
TRN-0635,28.8943,84.908,34.2153,18.1794,18.634,18.1477,23.4368,56.8268,33.4142,Valid,0,0,0,0,0,2453.3572244,44600.562325257364,131061.99305444161,4535.911529904863,525.2810374200001,1543.5764952000002,2.9385725579587474,20.072833333333335,2.3869542270898756,23.4368,18.1477,5.289100000000001,18.634,0.48629999999999995,-4.802800000000001,-5.289100000000001,0.48629999999999995,4.802800000000001,5.289100000000001,0.26349542432165746,0.11891465786304295,-1.438833333333335,-1.925133333333335,3.3639666666666663,36.75396666666666,36.75396666666666,2.8310301901726116,0.008181781733828273,0.0004500578532283662,0.00015315525779347917,54.288133333333334,57.652100000000004
TRN-0278,15.1906,103.8022,32.8666,43.5159,13.434,15.3229,15.801,70.573,43.6644,Valid,0,0,0,0,0,1576.81769932,68616.6413218392,468879.328388465,30866.410643559462,661.03263054,4517.04615498,6.833317523118407,14.852633333333335,1.0219378008904896,15.801,13.434,2.367000000000001,15.3229,-1.8889000000000014,-2.367000000000001,-0.4780999999999995,1.8889000000000014,2.367000000000001,0.4780999999999995,0.15936566853247117,0.06880515455746354,-1.4186333333333359,0.4702666666666655,0.948366666666665,55.720366666666656,55.720366666666656,4.751547665966236,0.009419372531345338,0.00021645818050831358,3.16768781092356e-05,47.719233333333335,48.6676
TRN-0225,27.9293,38.0633,39.1615,20.9747,18.3877,21.4138,20.7639,64.6651,21.316,Invalid,0,0,0,0,0,1063.08132469,22297.81186097534,30388.455930075677,1088.0492830835858,585.80868871,798.3662985099999,1.36284470563728,20.188466666666667,1.3006826267601008,21.4138,18.3877,3.0260999999999996,20.7639,-3.0260999999999996,-2.3762000000000008,0.6498999999999988,3.0260999999999996,2.3762000000000008,0.6498999999999988,0.14989250546223556,0.06442701091711224,-1.800766666666668,1.2253333333333316,0.5754333333333328,44.476633333333325,44.476633333333325,3.2030712319374803,0.018990519519814918,0.0009054012470656029,0.0006643465766229224,59.34996666666666,60.5753
TRN-0959,29.2834,96.4813,26.6221,29.2271,19.7453,19.3891,24.716,44.6016,39.9414,Valid,0,0,0,0,0,2825.3005004200004,82575.34025582539,272064.5886688146,9290.744222940997,855.86886014,2819.86860323,3.2947436672400174,21.283466666666666,2.4315198845349575,24.716,19.3891,5.326900000000002,19.7453,0.3562000000000012,-4.970700000000001,-5.326900000000002,0.3562000000000012,4.970700000000001,5.326900000000002,0.2502834633635751,0.11424453583487754,-1.5381666666666653,-1.8943666666666665,3.4325333333333354,23.318133333333332,23.318133333333332,2.095598362942204,0.007533169181816081,0.0002577460365342842,7.822946297688484e-05,47.905566666666665,51.3381
TRN-0349,26.5322,71.4206,39.4889,58.2879,23.7994,17.0447,22.0266,49.1332,29.6685,Invalid,0,0,0,0,0,1894.9456433199998,110452.40216327182,297320.87176872516,11206.038721353165,1546.50622038,4162.95679074,2.69184603267554,20.9569,2.8594505987456165,23.7994,17.0447,6.7547,22.0266,6.7547,1.7728000000000002,-4.9818999999999996,6.7547,1.7728000000000002,4.9818999999999996,0.3223138764648456,0.13644434350029216,2.8424999999999976,-3.912200000000002,1.0696999999999974,28.1763,28.1763,2.3444878610630453,0.01105936735590132,0.00018973693273625295,7.04858016702948e-05,60.445800000000006,63.2883
TRN-0159,11.4085,75.1307,29.9009,40.9165,9.9183,11.561,11.6384,20.9754,22.5737,Valid,0,0,0,0,0,857.1285909500001,35070.70199160568,230958.17943820212,20244.39314491905,466.79589025,3074.08528655,6.5855014607089934,11.039233333333334,0.7932491594000519,11.6384,9.9183,1.7201000000000004,11.561,-1.6426999999999996,-1.7201000000000004,-0.0774000000000008,1.6426999999999996,1.7201000000000004,0.0774000000000008,0.15581696592906824,0.07185726251002843,-1.1209333333333333,0.5217666666666663,0.5991666666666671,9.936166666666667,9.936166666666667,1.9000774298869703,0.012879319902534879,0.0003147708117066162,4.779754222231096e-05,40.940133333333335,41.5393
TRN-0032,9.6771,40.9333,42.7255,56.3017,7.5451,8.5237,9.7694,29.2837,16.8355,Valid,0,0,0,0,0,396.11563743,22301.98378389263,94335.47166209013,9748.319425630687,544.8371810699999,2304.61437661,4.229913483387226,8.612733333333333,0.9102464220687102,9.7694,7.5451,2.2242999999999995,8.5237,-0.9786000000000001,-2.2242999999999995,-1.2456999999999994,0.9786000000000001,2.2242999999999995,1.2456999999999994,0.25825712415062296,0.10568611393780485,-1.0676333333333332,-0.08903333333333308,1.1566666666666663,20.670966666666665,20.670966666666665,3.4000468221416176,0.021742977296907055,0.0003861868709261461,9.12989905228106e-05,51.33823333333333,52.494899999999994
TRN-0344,9.1303,20.5699,37.6841,25.2845,5.7455,6.2235,7.4901,51.5441,13.3281,Valid,0,0,0,0,0,187.80935797,4748.665711592465,10698.397513869846,1171.7464203940096,230.85507035,520.09963655,2.252926820265838,6.486366666666666,0.7360848924471205,7.4901,5.7455,1.7446000000000002,6.2235,-0.47799999999999976,-1.7446000000000002,-1.2666000000000004,0.47799999999999976,1.7446000000000002,1.2666000000000004,0.2689640935658751,0.1134818330187862,-0.7408666666666663,-0.2628666666666666,1.0037333333333338,45.05773333333333,45.05773333333333,7.946527648268269,0.034536972503605504,0.0013659345717821707,0.0006062932937060132,44.17046666666667,45.1742
TRN-0391,14.6069,39.0401,34.8904,19.468,9.4995,9.5566,11.9096,63.8012,16.4488,Valid,0,0,0,0,0,570.25483669,11101.721160680921,29671.75131513868,2031.351572461447,284.36712919999997,760.0326668,2.6727161360236513,10.3219,1.122915422757505,11.9096,9.4995,2.4101,9.5566,-0.05710000000000015,-2.4101,-2.3529999999999998,0.05710000000000015,2.4101,2.3529999999999998,0.2334938108784419,0.10878959435451913,-0.8224,-0.7652999999999999,1.5877,53.4793,53.4793,6.181148220662067,0.018100504051508204,0.0009297567331836274,0.00034786959118202917,45.2123,46.8
TRN-0651,16.53,103.9792,43.4328,46.9103,14.2198,16.2414,17.0286,37.4711,46.9167,Valid,0,0,0,0,0,1718.7761760000003,80628.30604901281,507178.87237335223,30682.325571144986,775.427259,4877.69546576,6.290332347832283,15.829933333333335,1.1830238017705124,17.0286,14.2198,2.8088000000000015,16.2414,-2.0215999999999994,-2.8088000000000015,-0.7872000000000021,2.0215999999999994,2.8088000000000015,0.7872000000000021,0.1774359855735768,0.07473333602397839,-1.6101333333333354,0.411466666666664,1.198666666666666,21.641166666666663,21.641166666666663,2.3671039443983375,0.009210002759616635,0.00019633220774245474,3.121173652054092e-05,59.26273333333334,60.4614
TRN-0538,31.3956,65.9954,44.7277,20.6592,18.6968,17.6704,24.1282,24.3526,31.1325,Valid,0,0,0,0,0,2071.9651802400003,42805.14305161421,89978.93137090867,2865.9725727470122,648.60797952,1363.41216768,2.102058820278675,20.165133333333333,2.8334663451131523,24.1282,17.6704,6.457799999999999,18.6968,1.0263999999999989,-5.4314,-6.457799999999999,1.0263999999999989,5.4314,6.457799999999999,0.3202458209923818,0.1405131400701547,-1.4683333333333337,-2.4947333333333326,3.9630666666666663,4.187466666666666,4.187466666666666,1.2076587042489821,0.00973237075406122,0.0004710913664871352,0.00022410950014492914,64.89283333333333,68.85589999999999
TRN-0264,8.8333,97.192,40.8705,59.4113,10.141,12.7958,11.5139,62.4186,38.2856,Valid,0,0,0,0,0,858.5260935999999,51006.15130469767,561216.0639405631,63534.126589885615,524.79783629,5774.3030696,11.002908199324352,11.483566666666666,1.0840297792137548,12.7958,10.141,2.6548,11.5139,-2.6548,-1.3728999999999996,1.2819000000000003,2.6548,1.3728999999999996,1.2819000000000003,0.23118251026691677,0.0943983447200269,-1.3425666666666665,1.3122333333333334,0.0303333333333331,50.93503333333333,50.93503333333333,5.435471084581351,0.013375908710168014,0.0002251408187581463,2.046193508078628e-05,52.35406666666667,53.6663
TRN-0804,25.5109,94.6061,39.9882,26.6325,17.7896,18.352,22.0215,48.7888,41.155,Valid,0,0,0,0,0,2413.48675649,64277.186042219924,238369.2417918953,9343.819012581927,679.41904425,2519.59695825,3.708457807899454,19.3877,1.8764772438446105,22.0215,17.7896,4.2318999999999996,18.352,-0.5624000000000002,-4.2318999999999996,-3.6694999999999993,0.5624000000000002,4.2318999999999996,3.6694999999999993,0.21827755647768654,0.09678699108494661,-1.5980999999999987,-1.0356999999999985,2.633800000000001,29.401100000000003,29.401100000000003,2.5164819696775806,0.008033066657536997,0.0003016264586779472,8.133473871954002e-05,59.3759,62.009699999999995
TRN-0875,11.8252,52.265,18.0,26.9784,8.6729,9.2711,10.5035,55.0555,14.5475,Valid,0,0,0,0,0,618.044078,16673.840353915202,73695.01286213999,6232.03046291898,319.02497568,1410.026076,4.419798022883501,9.482500000000002,0.762142401392286,10.5035,8.6729,1.8306000000000004,9.2711,-0.5982000000000003,-1.8306000000000004,-1.2324000000000002,0.5982000000000003,1.8306000000000004,1.2324000000000002,0.1930503355602072,0.0803735640409936,-0.8096000000000014,-0.21140000000000114,1.020999999999999,45.573,45.573,5.806010460742371,0.015342756806832869,0.0005687052171640051,0.00012867220767855868,27.4825,28.503500000000003
TRN-0179,13.3176,109.6532,40.8517,50.3689,12.994,15.6239,15.2389,55.4972,51.3991,Valid,0,0,0,0,0,1460.31745632,73554.58392563644,605626.8022852915,45475.6680490196,670.79286264,5523.1110654799995,8.233705154554487,14.618933333333333,1.159701830452792,15.6239,12.994,2.629900000000001,15.2389,-2.629900000000001,-2.2448999999999995,0.38500000000000156,2.629900000000001,2.2448999999999995,0.38500000000000156,0.17989683379337987,0.07932875297267739,-1.624933333333333,1.0049666666666681,0.6199666666666666,40.87826666666667,40.87826666666667,3.7962548250496053,0.010010791324896061,0.00019874945316683868,2.4138517777194873e-05,55.47063333333333,56.4756
TRN-0664,27.1883,36.0978,23.5129,49.3863,15.2966,13.4176,19.7864,44.9089,19.4155,Valid,0,0,0,0,0,981.43781574,48469.582399480365,64352.87574213769,2366.932591416348,1342.72954029,1782.7367801399998,1.3276960557410336,16.166866666666667,2.671881535963416,19.7864,13.4176,6.3688,15.2966,1.8789999999999996,-4.489800000000001,-6.3688,1.8789999999999996,4.489800000000001,6.3688,0.39394149388204514,0.16526896805572183,-0.8702666666666676,-2.749266666666667,3.619533333333333,28.742033333333335,28.742033333333335,2.777835566291825,0.016472634731324553,0.0003335466464944506,0.000251222132344111,39.679766666666666,43.2993
TRN-0848,23.3547,85.3049,34.0201,57.2993,16.2814,16.6584,20.1503,56.7314,32.1656,Valid,0,0,0,0,0,1992.2703480300002,114155.6963528754,416962.76388959825,17853.48328328409,1338.20796171,4887.91105657,3.652579410029698,17.696700000000003,1.7417705493740177,20.1503,16.2814,3.8689,16.6584,-0.3769999999999989,-3.8689,-3.491900000000001,0.3769999999999989,3.8689,3.491900000000001,0.21862266871096478,0.09842346035987257,-1.415300000000002,-1.038300000000003,2.453599999999998,39.0347,39.0347,3.2057613450100098,0.008882680008070291,0.0001550224874030058,4.244191935720002e-05,51.716800000000006,54.1704
TRN-0319,20.7606,77.2405,28.7917,13.6383,14.1857,14.6874,17.3806,53.6133,25.6472,Valid,0,0,0,0,0,1603.5591243,21869.82040494069,81367.39125978157,3919.3177143465914,283.13929098,1053.42911115,3.720532946035618,15.417900000000001,1.4028706735357566,17.3806,14.1857,3.1949000000000005,14.6874,-0.5016999999999996,-3.1949000000000005,-2.693200000000001,0.5016999999999996,3.1949000000000005,2.693200000000001,0.20722016570219257,0.09098973158121566,-1.2322000000000006,-0.730500000000001,1.9627,38.1954,38.1954,3.477341046618473,0.009614799826676526,0.0007049852131301409,0.000189484998364834,44.2096,46.1723
TRN-0897,11.6323,73.824,34.9155,48.3119,10.4622,11.8497,12.5183,54.2381,24.3359,Valid,0,0,0,0,0,858.7429152000001,41487.501844850885,263299.03253821435,22635.163286972573,561.9785143700001,3566.5777056,6.346465759440028,11.610066666666668,0.8563312845440656,12.5183,10.4622,2.0561000000000007,11.8497,-1.387500000000001,-2.0561000000000007,-0.6685999999999996,1.387500000000001,2.0561000000000007,0.6685999999999996,0.17709629771609434,0.07375764802841363,-1.147866666666669,0.23963333333333203,0.9082333333333317,42.628033333333335,42.628033333333335,4.671643745515925,0.013519839811945185,0.00027984492076202886,4.4094604354224226e-05,46.52556666666667,47.433800000000005
TRN-0617,15.1971,52.9502,39.526,51.7112,11.2222,11.7197,14.243,74.3364,19.2716,Valid,0,0,0,0,0,804.6894844200001,41611.45886673951,144983.91596328444,9540.235072681588,785.86027752,2738.11838224,3.484230314715945,12.394966666666667,1.3224464610040825,14.243,11.2222,3.0207999999999995,11.7197,-0.4974999999999987,-3.0207999999999995,-2.5233000000000008,0.4974999999999987,3.0207999999999995,2.5233000000000008,0.24371180960186983,0.10669220739966022,-1.172766666666666,-0.6752666666666673,1.8480333333333334,61.94143333333333,61.94143333333333,5.997304873969955,0.01540341571655709,0.00029787387906931147,8.549201188440835e-05,51.92096666666667,53.769000000000005
TRN-0066,25.2849,50.1209,35.0471,10.259,14.9101,14.074,19.4972,36.2356,20.1216,Valid,0,0,0,0,0,1267.30194441,13001.25064770219,25771.68126385379,1019.2518160879407,259.3977891,514.1903131,1.9822462425302751,16.160433333333334,2.3840126738104574,19.4972,14.074,5.4232,14.9101,0.8361000000000001,-4.5870999999999995,-5.4232,0.8361000000000001,4.5870999999999995,5.4232,0.33558503986578075,0.14752157179916084,-1.2503333333333337,-2.086433333333334,3.3367666666666658,20.075166666666664,20.075166666666664,2.242241715326834,0.012751841336521484,0.0012429906760505767,0.0006270616638182692,51.20753333333333,54.5443
TRN-0329,15.2564,63.7462,31.7923,10.5219,10.7028,11.4641,13.1068,58.1291,21.3423,Valid,0,0,0,0,0,972.5375256799999,10232.94259145239,42756.56151013624,2802.532622873261,160.52631516,670.73114178,4.1783248880256885,11.7579,1.0031759001624125,13.1068,10.7028,2.404,11.4641,-0.7613000000000003,-2.404,-1.6426999999999996,0.7613000000000003,2.404,1.6426999999999996,0.20445826172545595,0.08531930147756922,-1.0550999999999995,-0.2937999999999992,1.3489000000000004,46.3712,46.3712,4.943833087215142,0.012089919080180414,0.0011490243293920544,0.0002749963884943735,43.550200000000004,44.899100000000004
TRN-0559,26.2772,84.5838,38.358,28.6853,17.5264,17.5087,21.6766,74.9606,34.3654,Valid,0,0,0,0,0,2222.62542936,63756.67722882041,205226.66172145813,7810.06552872424,753.76936516,2426.31167814,3.218904479209943,18.9039,1.9606082882615796,21.6766,17.5087,4.1678999999999995,17.5264,0.01769999999999783,-4.150200000000002,-4.1678999999999995,0.01769999999999783,4.150200000000002,4.1678999999999995,0.22047830233558668,0.10371448137935019,-1.3775000000000013,-1.395199999999999,2.7727000000000004,56.0567,56.0567,3.9653508553604886,0.008505211783227965,0.00029650070896665594,9.211230081579273e-05,57.2619,60.0346
TRN-0843,23.3537,79.7753,25.0997,53.661,16.2534,16.1519,19.9649,35.1917,27.2341,Valid,0,0,0,0,0,1863.04842361,99973.04145933622,341503.8890767195,14623.116442088538,1253.1828957,4280.8223733,3.4159596374039385,17.456733333333332,1.774025663725177,19.9649,16.1519,3.812999999999999,16.2534,0.10149999999999793,-3.711500000000001,-3.812999999999999,0.10149999999999793,3.711500000000001,3.812999999999999,0.2184257334270787,0.10162414285802045,-1.2033333333333331,-1.304833333333331,2.5081666666666678,17.734966666666665,17.734966666666665,2.015938338066018,0.009369983679832489,0.0001746144068274566,5.111723143322835e-05,42.55643333333333,45.0646
TRN-0080,29.3998,97.6878,34.4117,41.896,19.8876,19.9085,24.822,54.2529,43.3474,Valid,0,0,0,0,0,2872.0017824399997,120325.38667710623,399809.6010393206,13599.058069791716,1231.7340208,4092.7280688,3.3227367763475675,21.539366666666666,2.321187972186273,24.822,19.8876,4.9344,19.9085,-0.02090000000000103,-4.9344,-4.913499999999999,0.02090000000000103,4.9344,4.913499999999999,0.22908750509125902,0.10776490787045882,-1.651766666666667,-1.630866666666666,3.282633333333333,32.71353333333333,32.71353333333333,2.518778677238482,0.007499774822864993,0.0001790093284660589,5.3874060579386715e-05,55.95106666666667,59.2337
TRN-0401,26.451,76.411,34.296,47.7037,17.666,17.209,13.7836,54.1006,30.3139,Invalid,0,0,0,0,0,2021.147361,96416.2073649357,278524.77490310767,10529.838734764997,1261.8105687,3645.0874206999997,2.8887753624144508,16.219533333333334,1.732539687536447,17.666,13.7836,3.8824000000000005,17.209,0.45700000000000074,3.8824000000000005,3.4254,0.45700000000000074,3.8824000000000005,3.4254,0.23936568832442642,0.10681809057710391,1.446466666666666,0.9894666666666652,-2.4359333333333346,37.88106666666667,37.88106666666667,3.335521161591918,0.008024913788217552,0.00016822413758481617,5.823371848668579e-05,50.51553333333334,51.962
TRN-0384,16.7072,31.9859,25.408,37.7306,10.1169,9.5467,13.0626,50.9706,15.7683,Valid,0,0,0,0,0,534.39482848,20163.03751544749,38602.09380778059,2310.506338421414,630.3726803200001,1206.8471985400001,1.914497826416286,10.908733333333332,1.5407007547072715,13.0626,9.5467,3.5159000000000002,10.1169,0.5701999999999998,-2.9457000000000004,-3.5159000000000002,0.5701999999999998,2.9457000000000004,3.5159000000000002,0.32230136811166277,0.14123551895469863,-0.791833333333333,-1.3620333333333328,2.1538666666666675,40.06186666666667,40.06186666666667,4.672457724472345,0.02041324640799429,0.0005410262875538871,0.0002825943428709037,36.31673333333333,38.470600000000005
TRN-0047,29.1083,58.7199,37.1572,10.9987,17.5282,16.4304,22.4226,49.4021,23.1457,Valid,0,0,0,0,0,1709.23646517,18799.379109465277,37923.81078145719,1302.852089562259,320.15345921,645.84256413,2.0172905316596803,18.793733333333332,2.6048411561722706,22.4226,16.4304,5.9922,17.5282,1.0977999999999994,-4.894400000000001,-5.9922,1.0977999999999994,4.894400000000001,5.9922,0.31884030569549926,0.13860157379963695,-1.2655333333333338,-2.3633333333333333,3.628866666666667,30.608366666666665,30.608366666666665,2.628647352558263,0.010995396895226382,0.0009996996827874595,0.0004955655285050347,55.95093333333334,59.579800000000006
TRN-0938,26.2329,96.5506,33.0648,48.832,18.6651,18.7209,22.8946,34.729,41.4065,Valid,0,0,0,0,0,2532.80223474,123681.79872682369,455212.8005730995,17352.74343364081,1281.0049728000001,4714.7588992,3.6805155480135423,20.09353333333333,1.9807842324583353,22.8946,18.6651,4.229500000000002,18.7209,-0.055800000000001404,-4.229500000000002,-4.1737,0.055800000000001404,4.229500000000002,4.1737,0.21049059512559962,0.09857818936175881,-1.4284333333333308,-1.3726333333333294,2.801066666666671,14.63546666666667,14.63546666666667,1.7283669176302037,0.007933321066207394,0.0001624615225523321,4.4140967275067884e-05,53.15833333333333,55.9594
TRN-0724,16.1649,103.2809,29.1169,27.8213,14.339,15.9315,17.0601,64.6338,42.3237,Valid,0,0,0,0,0,1669.52542041,46448.36757885273,296768.25758741045,18358.80452267604,449.72853237,2873.40890317,6.389207085153197,15.776866666666665,1.116252630704875,17.0601,14.339,2.721099999999998,15.9315,-1.5924999999999994,-2.721099999999998,-1.1285999999999987,1.5924999999999994,2.721099999999998,1.1285999999999987,0.172474033343712,0.07075248739414171,-1.4378666666666646,0.15463333333333473,1.2832333333333334,48.85693333333333,48.85693333333333,4.096744763636331,0.009449911013240091,0.00033966461016188607,5.316224448959662e-05,44.893766666666664,46.177
TRN-0089,31.414,88.8354,24.8395,59.5524,28.5205,19.4702,25.3351,33.2402,34.707,Invalid,0,0,0,0,0,2790.6752556,166191.40909159344,469971.36000558164,14960.569970236571,1870.7790936000001,5290.361274960001,2.8278919326449374,24.441933333333335,3.7483589781248123,28.5205,19.4702,9.0503,25.3351,9.0503,3.185399999999998,-5.864900000000002,9.0503,3.185399999999998,5.864900000000002,0.3702775679115304,0.15335770594117376,4.078566666666664,-4.9717333333333364,0.8931666666666658,8.798266666666667,8.798266666666667,1.3599660136009692,0.008758429801363559,0.00014707097958183583,5.2007282599073786e-05,49.28143333333334,53.36
TRN-0114,24.4427,39.5791,50.9417,13.3518,14.191,13.5804,18.7265,56.7296,26.4238,Valid,0,0,0,0,0,967.4200675699999,12916.799258181125,20915.663552695758,855.7018126882033,326.35404186,528.45222738,1.619260490074317,15.4993,2.2955497482447793,18.7265,13.5804,5.146100000000002,14.191,0.6106000000000016,-4.535500000000001,-5.146100000000002,0.6106000000000016,4.535500000000001,5.146100000000002,0.3320214247081209,0.14810666289046065,-1.3082999999999991,-1.9189000000000007,3.2272000000000016,41.2303,41.2303,3.6601392540218427,0.016021271941267894,0.0011999334888620537,0.0007410379288330683,66.441,69.6682
TRN-0748,25.3016,95.0191,43.6434,59.1909,18.1013,18.3361,22.5789,47.7604,42.7271,Valid,0,0,0,0,0,2404.13526056,142302.9297942809,534412.6978695322,21121.694942131613,1497.62447544,5624.2660461899995,3.7554580044164,19.6721,2.057651969276309,22.5789,18.1013,4.4776000000000025,18.3361,-0.2347999999999999,-4.4776000000000025,-4.242800000000003,0.2347999999999999,4.4776000000000025,4.242800000000003,0.22761168214823632,0.1045974687338332,-1.570800000000002,-1.336000000000002,2.9068000000000005,28.088299999999997,28.088299999999997,2.427824053973696,0.008182609487302778,0.00013824100479379147,3.681068971300117e-05,63.3155,66.2223
TRN-0459,13.0534,103.6735,32.3023,13.9118,12.2147,14.3912,14.2445,41.7232,41.8715,Valid,0,0,0,0,0,1353.2916649000001,18826.722983755822,149526.73366758157,11455.001931495217,181.59629012,1442.2849973,7.942259645589683,13.6168,0.993241672504733,14.3912,12.2147,2.176499999999999,14.2445,-2.176499999999999,-2.0298,0.14669999999999916,2.176499999999999,2.0298,0.14669999999999916,0.15983930440049754,0.07294236528129722,-1.402099999999999,0.7744,0.6277000000000008,28.1064,28.1064,3.064097066557703,0.010061984672715922,0.000723269791085026,9.106598977933234e-05,45.9191,46.6935
TRN-0223,28.7214,66.8864,52.6266,35.0011,18.1509,17.5824,23.3627,63.4231,40.5369,Valid,0,0,0,0,0,1921.0710489599999,67239.59989175385,156587.58884315545,5451.9481428902245,1005.28059354,2341.09757504,2.3288000470450587,19.698666666666668,2.6012373034555862,23.3627,17.5824,5.7803,18.1509,0.5685000000000002,-5.2118,-5.7803,0.5685000000000002,5.2118,5.7803,0.29343608907018637,0.1320514335016322,-1.5477666666666678,-2.116266666666668,3.6640333333333324,43.72443333333333,43.72443333333333,3.219664450064414,0.010254002144833128,0.0002929622826144972,0.00012579966785408427,72.32526666666666,75.9893
TRN-0851,19.5142,22.8595,42.4082,21.103,11.1408,10.0973,14.9382,77.6634,17.5099,Valid,0,0,0,0,0,446.0848549,9413.7286929547,11027.514889495753,565.102044890065,411.8081626,482.40402850000004,1.171428950639588,12.058766666666669,2.080156292739135,14.9382,10.0973,4.8408999999999995,11.1408,1.0434999999999999,-3.7973999999999997,-4.8408999999999995,1.0434999999999999,3.7973999999999997,4.8408999999999995,0.40144234749471214,0.17250156485634818,-0.9179666666666684,-1.9614666666666682,2.8794333333333313,65.60463333333333,65.60463333333333,6.440409347522326,0.027032450232674823,0.0012809766521538438,0.0010935162442682093,54.46696666666667,57.3464
TRN-0582,26.0201,21.9729,49.4476,50.2003,14.1856,12.9194,19.0732,59.4491,24.3289,Valid,0,0,0,0,0,571.73705529,28701.371696674585,24237.123229882323,931.4769081750421,1306.21682603,1103.0461718699999,0.8444586744686348,15.392733333333334,2.653323924606434,19.0732,12.9194,6.1538,14.1856,1.2662000000000013,-4.887599999999999,-6.1538,1.2662000000000013,4.887599999999999,6.1538,0.39978602025721965,0.17237508730730172,-1.2071333333333332,-2.4733333333333345,3.680466666666666,44.05636666666667,44.05636666666667,3.8621533193918354,0.026922749127399115,0.0005363065394738771,0.0006350891228592801,64.84033333333333,68.52080000000001
TRN-0007,29.2042,18.0618,43.0245,8.0414,15.1344,12.9107,20.4836,61.0351,20.2753,Valid,0,0,0,0,0,527.4804195600001,4241.681045849785,2623.334818756536,89.8273100762639,234.84265387999997,145.24215852,0.6184658159283317,16.176233333333332,3.178182512415267,20.4836,12.9107,7.572899999999999,15.1344,2.223699999999999,-5.3492,-7.572899999999999,2.223699999999999,5.3492,7.572899999999999,0.4681497463470226,0.19647233385252025,-1.041833333333333,-3.265533333333332,4.307366666666667,44.85886666666667,44.85886666666667,3.773134015141513,0.030666983461035045,0.0038136373656258546,0.0061662862138332,59.20073333333333,63.5081
TRN-0947,31.0368,95.4489,32.3525,9.5897,20.0135,19.7332,24.8781,55.2816,40.6902,Valid,0,0,0,0,0,2962.42841952,28408.799814670943,87366.89003475053,2814.945072295,297.63360096,915.32631633,3.0753459417418694,21.541600000000003,2.3620353102074207,24.8781,19.7332,5.1449,20.0135,0.28030000000000044,-4.864599999999999,-5.1449,0.28030000000000044,4.864599999999999,5.1449,0.23883554430332263,0.10964994246283832,-1.528100000000002,-1.8084000000000024,3.3364999999999974,33.739999999999995,33.739999999999995,2.5662716526965657,0.007271601855689317,0.0007582720896261575,0.00024656480265218534,53.8941,57.230599999999995
TRN-0556,31.1222,48.7828,21.2304,44.2287,18.461,16.124,23.7059,52.5012,21.8063,Valid,0,0,0,0,0,1518.22805816,67149.2533159412,105253.76080935463,3381.951064751321,1376.4944471400001,2157.5998263600004,1.5674598335766805,19.4303,3.1702743067438193,23.7059,16.124,7.581900000000001,18.461,2.3369999999999997,-5.244900000000001,-7.581900000000001,2.3369999999999997,5.244900000000001,7.581900000000001,0.3902101156333091,0.16316135847529173,-0.9693000000000005,-3.3063000000000002,4.275600000000001,33.070899999999995,33.070899999999995,2.7020271070427575,0.012798011394118436,0.00028935988175907086,0.00018460433005343494,40.6607,44.9363
TRN-0006,18.8185,104.2809,38.6618,41.1927,15.2872,16.8364,18.3224,27.0816,46.7583,Valid,0,0,0,0,0,1962.41011665,80836.97121212845,447950.2676236069,23803.716758503073,775.18482495,4295.61182943,5.541403111756882,16.81533333333333,1.2392047485742164,18.3224,15.2872,3.035199999999998,16.8364,-1.5492000000000008,-3.035199999999998,-1.485999999999997,1.5492000000000008,3.035199999999998,1.485999999999997,0.1805019121138298,0.07369492179038742,-1.5281333333333311,0.021066666666669676,1.5070666666666668,10.26626666666667,10.26626666666667,1.6105299759824383,0.008568715164121662,0.0002080153805985548,3.753839331875338e-05,55.47713333333333,56.9842
TRN-0036,16.9204,43.4907,39.3973,33.6326,10.7918,10.9189,13.9573,28.7296,18.2157,Valid,0,0,0,0,0,735.88004028,24749.559042721125,63614.07812222355,3759.608186722262,569.0770450399999,1462.7053168199998,2.570311424652406,11.889333333333335,1.4631935855821976,13.9573,10.7918,3.1654999999999998,10.9189,-0.12710000000000043,-3.1654999999999998,-3.0383999999999993,0.12710000000000043,3.1654999999999998,3.0383999999999993,0.2662470337910423,0.1230677466508734,-1.0975333333333346,-0.9704333333333341,2.067966666666665,16.840266666666665,16.840266666666665,2.4164178745863625,0.01615661883240217,0.00048038566312758675,0.00018689783274549888,51.286633333333334,53.354600000000005
TRN-0655,21.322,83.0772,45.3964,35.2913,15.2434,15.9841,19.0301,67.443,34.4756,Valid,0,0,0,0,0,1771.3720584,62514.02272461192,243574.24109826144,11423.610809241658,752.4810986,2931.9023883600003,3.8963134838986266,16.752533333333332,1.6386257582363208,19.0301,15.2434,3.7867000000000015,15.9841,-0.7407000000000004,-3.7867000000000015,-3.046000000000001,0.7407000000000004,3.7867000000000015,3.046000000000001,0.22603744153894495,0.09781360393787508,-1.5091333333333328,-0.7684333333333324,2.2775666666666687,50.690466666666666,50.690466666666666,4.025838637787799,0.009457376977599928,0.00026798040828157805,6.877793504653202e-05,62.14893333333333,64.4265
TRN-0419,8.5951,98.1424,45.6516,9.1583,9.5852,12.6494,10.9585,63.7497,39.859,Valid,0,0,0,0,0,843.54374224,7725.426654556592,88212.11072612941,10263.068546388158,78.71650433,898.81754192,11.418411488125619,11.064366666666666,1.2531922500380996,12.6494,9.5852,3.0641999999999996,10.9585,-3.0641999999999996,-1.3733000000000004,1.6908999999999992,3.0641999999999996,1.3733000000000004,1.6908999999999992,0.27694307458992307,0.11326379308720547,-1.479166666666666,1.5850333333333335,-0.10586666666666567,52.68533333333333,52.68533333333333,5.7617120038461005,0.01311652982472386,0.0014322013734618148,0.000125429111439047,56.71596666666667,58.301
TRN-0800,19.7012,86.7513,31.5115,52.1103,14.9638,15.6935,18.3355,37.307,31.5476,Valid,0,0,0,0,0,1709.10471156,89061.95925080507,392171.07310998143,19905.94751609211,1026.63544236,4520.636268390001,4.403350841403019,16.330933333333334,1.448408589529288,18.3355,14.9638,3.371699999999999,15.6935,-0.7296999999999993,-3.371699999999999,-2.6419999999999995,0.7296999999999993,3.371699999999999,2.6419999999999995,0.20646093672166493,0.08869110364205664,-1.3671333333333333,-0.637433333333334,2.0045666666666655,20.976066666666668,20.976066666666668,2.284437573412568,0.009555256160327284,0.00018336597881437632,4.164237102901214e-05,47.84243333333333,49.847
TRN-0298,18.1743,69.2155,40.5882,54.384,13.1973,13.8308,16.659,68.1312,26.9194,Valid,0,0,0,0,0,1257.94326165,68411.9863415736,260542.07538255604,14335.741186555457,988.3911311999999,3764.2157520000005,3.8084270751320783,14.562366666666668,1.5049327921501636,16.659,13.1973,3.4616999999999987,13.8308,-0.6334999999999997,-3.4616999999999987,-2.828199999999999,0.6334999999999997,3.4616999999999987,2.828199999999999,0.23771546490505438,0.10334396346790244,-1.3650666666666673,-0.7315666666666676,2.0966333333333314,53.56883333333334,53.56883333333334,4.67857985456257,0.011576330267860722,0.00021286279561808796,5.589257184364074e-05,55.15056666666667,57.2472
TRN-0146,11.0542,26.6928,44.529,46.8693,7.4141,7.7295,9.7895,38.8963,15.9725,Valid,0,0,0,0,0,295.06754975999996,13829.609509966367,33394.637398240506,3020.9906078458775,518.1026160600001,1251.07285104,2.4147199784045905,8.311033333333333,1.0533334556961955,9.7895,7.4141,2.3754,7.7295,-0.31539999999999946,-2.3754,-2.0600000000000005,0.31539999999999946,2.3754,2.0600000000000005,0.2858128007572905,0.12673915344947587,-0.8969333333333322,-0.5815333333333328,1.4784666666666677,30.585266666666662,30.585266666666662,4.680079330679379,0.028166544616399735,0.0006009593638014863,0.00024887329165976664,52.84003333333334,54.3185
TRN-0074,30.0968,32.2241,35.629,38.7023,16.5086,5.949,22.018,41.9803,21.1645,Invalid,0,0,0,0,0,969.8422928800001,37535.12737172963,40188.182728374864,1335.2974865459908,1164.81538264,1247.1467854300001,1.0706818973883636,14.8252,6.667261652782698,22.018,5.949,16.069000000000003,16.5086,10.559600000000001,-5.509399999999999,-16.069000000000003,10.559600000000001,5.509399999999999,16.069000000000003,1.0838976146090702,0.44972487406968026,1.6834000000000007,-8.8762,7.1928,27.155099999999997,27.155099999999997,2.8316850476428614,0.015286196625525121,0.0003949686876717766,0.00036889451060358034,50.4542,57.647
TRN-0358,21.9169,69.2729,27.4127,57.3516,23.2412,14.8395,18.8472,57.6618,24.2571,Invalid,0,0,0,0,0,1518.24722201,87073.90737782871,275215.1115528926,12557.209231035566,1256.9692820399998,3972.9116516400004,3.1607068900845063,18.975966666666668,3.4311879734122535,23.2412,14.8395,8.4017,18.8472,8.4017,4.393999999999998,-4.007700000000002,8.4017,4.393999999999998,4.007700000000002,0.4427547594718182,0.18081754952815948,4.265233333333331,-4.136466666666669,-0.12876666666666736,38.685833333333335,38.685833333333335,3.03867507643835,0.012498601268010803,0.0002179294261380593,6.894958114591319e-05,46.388666666666666,50.6539
TRN-0521,30.8301,49.2877,22.913,21.7955,17.7515,15.7744,22.803,47.6397,21.1624,Valid,0,0,0,0,0,1519.54471977,33119.23693974704,52947.3149459512,1717.3902526609043,671.9574445500001,1074.25006535,1.598687594309211,18.776300000000003,2.9595006076476262,22.803,15.7744,7.028600000000001,17.7515,1.9771,-5.051500000000001,-7.028600000000001,1.9771,5.051500000000001,7.028600000000001,0.3743335814652737,0.157618937172323,-1.0248000000000026,-3.0019000000000027,4.026699999999998,28.863399999999995,28.863399999999995,2.5372249837707646,0.012356530047029793,0.0005669303321689538,0.0003546223263410485,41.6893,45.716
TRN-0598,21.3932,55.3268,23.3942,48.6738,14.2356,13.521,18.1062,32.255,19.6008,Valid,0,0,0,0,0,1183.61729776,57611.151627710686,148993.1690385741,6964.51031514985,1041.28833816,2692.96559784,2.5861861439061875,15.2876,2.01428941316783,18.1062,13.521,4.5852,14.2356,0.714599999999999,-3.8706000000000014,-4.5852,0.714599999999999,3.8706000000000014,4.5852,0.29992933489041224,0.13175967983255385,-1.0519999999999996,-1.7665999999999986,2.8186000000000018,16.967400000000005,16.967400000000005,2.109879764653722,0.012915999129123779,0.00026535834760819775,0.00010260604629423955,38.6818,41.5004
TRN-0242,30.3616,64.6342,31.7954,28.9432,18.6656,17.155,23.9571,62.4181,26.6204,Valid,0,0,0,0,0,1962.3977267200003,56798.06988400231,120912.52794637249,3982.4160770169033,878.76186112,1870.7205774400002,2.128813958130864,19.9259,2.9164371151572364,23.9571,17.155,6.802099999999999,18.6656,1.5106000000000002,-5.291499999999999,-6.802099999999999,1.5106000000000002,5.291499999999999,6.802099999999999,0.34136975788447405,0.1463641275321621,-1.2602999999999973,-2.7708999999999975,4.031200000000002,42.492200000000004,42.492200000000004,3.1325107958731704,0.010153853991234887,0.00035082001977080365,0.00016479599209664032,51.7213,55.7525
TRN-0285,17.7964,18.2136,35.4373,55.6627,10.1469,9.1725,13.6656,68.1464,16.6974,Valid,0,0,0,0,0,324.13651103999996,18042.313373066205,18465.27830638099,1037.5849761073034,990.5956742799999,1013.81815272,1.023442886008244,10.995,1.9298431905209292,13.6656,9.1725,4.4931,10.1469,0.974400000000001,-3.518699999999999,-4.4931,0.974400000000001,3.518699999999999,4.4931,0.4086493489177491,0.17552005593459513,-0.8480999999999987,-1.8224999999999998,2.6706000000000003,57.1514,57.1514,6.197943956530792,0.03392089317800509,0.0006094007886928776,0.0005954418783715297,46.4323,49.1029
TRN-0786,11.544,102.3093,38.2807,43.7299,11.7398,14.1771,13.633,64.3894,42.5382,Valid,0,0,0,0,0,1181.0585592,51647.57268796008,457729.297332321,39650.83659749519,504.81796560000004,4473.97545807,8.862551207332709,13.183299999999997,1.0445989310097274,14.1771,11.7398,2.4372999999999987,13.633,-2.4372999999999987,-1.8931999999999984,0.5441000000000003,2.4372999999999987,1.8931999999999984,0.5441000000000003,0.18487782384700155,0.07923652285643237,-1.4434999999999967,0.993800000000002,0.44970000000000176,51.2061,51.2061,4.884163685559482,0.011162274627405046,0.0002552549774099644,2.880152106671871e-05,51.464,52.457800000000006
TRN-0976,24.2635,37.3892,33.5862,45.49,14.1304,12.7538,18.4596,45.4709,19.2066,Valid,0,0,0,0,0,907.1928542,41268.202937558,63592.84906435361,2620.9263479476276,1103.746615,1700.834708,1.5409647601968075,15.114600000000001,2.431121228295015,18.4596,12.7538,5.705799999999998,14.1304,1.3765999999999998,-4.329199999999998,-5.705799999999998,1.3765999999999998,4.329199999999998,5.705799999999998,0.3775025222299946,0.16084587534232725,-0.9842000000000013,-2.360800000000001,3.344999999999997,30.356299999999997,30.356299999999997,3.0084088888618363,0.016660845500891683,0.00036625292413394674,0.00023767766694124534,48.7008,52.0458
TRN-0467,28.4198,43.3529,39.5156,49.0356,16.6095,14.8325,21.9299,57.9675,22.49,Valid,0,0,0,0,0,1232.0807474199999,60415.818698188144,92161.1322542974,3242.8493167245397,1393.58194488,2125.83546324,1.5254469938054809,17.790633333333332,3.015468858329589,21.9299,14.8325,7.0974,16.6095,1.777000000000001,-5.320399999999999,-7.0974,1.777000000000001,5.320399999999999,7.0974,0.3989402438957442,0.16949754583397122,-1.1811333333333316,-2.9581333333333326,4.139266666666668,40.17686666666667,40.17686666666667,3.2583155223076834,0.014439502732388074,0.0002944697881512346,0.0001930383546509731,57.30623333333333,61.445499999999996
TRN-0186,22.8272,95.3947,34.7263,28.3226,16.8659,17.4628,20.8694,32.5902,39.037,Valid,0,0,0,0,0,2177.59389584,61675.12087431799,257739.87406555784,11290.910088606914,646.52565472,2701.82593022,4.178992422242218,18.399366666666666,1.7634948073514571,20.8694,16.8659,4.003499999999999,17.4628,-0.5969000000000015,-4.003499999999999,-3.4065999999999974,0.5969000000000015,4.003499999999999,3.4065999999999974,0.21758899939006957,0.09584540291274814,-1.5334666666666656,-0.9365666666666641,2.4700333333333333,14.190833333333337,14.190833333333337,1.7712673930116767,0.00844940220183698,0.00029832720885724246,7.138735026275088e-05,53.12566666666667,55.5957
TRN-0592,22.821,20.5096,25.9169,35.7305,12.4104,10.5864,16.6569,55.5549,16.7186,Valid,0,0,0,0,0,468.0495816,16723.6455753588,15029.809442722877,658.5955385008255,815.4057405000001,732.8182628,0.898716055443843,13.2179,2.5431980850889304,16.6569,10.5864,6.070500000000001,12.4104,1.8239999999999998,-4.246500000000001,-6.070500000000001,1.8239999999999998,4.246500000000001,6.070500000000001,0.45926353964975236,0.19240559337590216,-0.807500000000001,-2.631500000000001,3.439,42.337,42.337,4.203004697947125,0.028240384120363917,0.0007903719281569408,0.0008794456143634201,39.1348,42.5738
TRN-1000,26.6318,52.237,18.0,19.3886,15.6335,14.2114,19.7274,53.1397,19.2422,Valid,0,0,0,0,0,1391.1653366,26972.74824520276,52905.7536510734,1986.5631186968317,516.35331748,1012.8022982,1.961452024968195,16.5241,2.3382957141188676,19.7274,14.2114,5.516,15.6335,1.4221000000000004,-4.0939,-5.516,1.4221000000000004,4.0939,5.516,0.3338154372210627,0.1415081954606104,-0.890600000000001,-2.3127000000000013,3.2032999999999987,36.6156,36.6156,3.2158905346802222,0.011877883637114565,0.0006126220379610844,0.0003123308687495167,34.524100000000004,37.7274
TRN-0852,27.0525,96.1578,35.4219,5.1608,18.2324,18.3623,22.7426,49.4543,40.6205,Valid,1,0,0,0,1,2601.3088844999997,13424.834891127599,47718.421162335064,1763.9190240612159,139.612542,496.25117423999995,3.554488363201613,19.7791,2.096181876650974,22.7426,18.2324,4.510200000000001,18.3623,-0.1299000000000028,-4.510200000000001,-4.380299999999998,0.1299000000000028,4.510200000000001,4.380299999999998,0.22802856408893413,0.10597963358653024,-1.5467000000000013,-1.4167999999999985,2.9635,29.675200000000004,29.675200000000004,2.50033103122331,0.007603518409617181,0.0014733216578774147,0.00041449611109928075,55.201,58.164500000000004
TRN-0955,26.4383,82.8779,55.0,30.3299,17.6575,18.2482,22.4962,52.7821,49.6297,Valid,0,0,0,0,0,2191.15078357,66457.38415059974,208328.38865944443,7879.794872576888,801.87099517,2513.67841921,3.13476648896614,19.467299999999998,2.1552893123662087,22.4962,17.6575,4.838700000000003,18.2482,-0.5907000000000018,-4.838700000000003,-4.248000000000001,0.5907000000000018,4.838700000000003,4.248000000000001,0.24855525683812066,0.1107133090697169,-1.8097999999999992,-1.2190999999999974,3.0289000000000037,33.314800000000005,33.314800000000005,2.7113208965125675,0.008884509517595951,0.00029292907400014465,9.344525786991928e-05,74.4673,77.4962
TRN-0125,19.6803,26.1334,47.9709,25.1259,11.2459,10.6531,14.9109,48.4915,20.6012,Valid,0,0,0,0,0,514.31315202,12922.580826339317,17159.84887258101,871.93020434906,494.48524977,656.6251950600001,1.327896356869745,12.269966666666667,1.8830382565300032,14.9109,10.6531,4.2578,11.2459,0.5928000000000004,-3.664999999999999,-4.2578,0.5928000000000004,3.664999999999999,4.2578,0.34700987937947025,0.1534672549827151,-1.0240666666666662,-1.6168666666666667,2.640933333333333,36.22153333333333,36.22153333333333,3.952047904065382,0.023856995673975166,0.0009494981560268545,0.0007150393198134329,60.24086666666667,62.8818
TRN-0570,28.9539,53.4652,32.5587,57.3032,9.9563,16.426,22.727,59.2031,22.9629,Invalid,0,0,0,0,0,1548.0260542800002,88706.8465936177,163802.77940094736,5657.36476756439,1659.15112248,3063.72704864,1.846562920830599,16.369766666666667,5.213768072027071,22.727,9.9563,12.7707,16.426,-6.469699999999998,-12.7707,-6.301000000000002,6.469699999999998,12.7707,6.301000000000002,0.7801393556736083,0.31849982102334484,-6.413466666666666,0.05623333333333136,6.357233333333333,42.83333333333333,42.83333333333333,3.6166121111513228,0.01057460668109089,0.00018453780395863951,9.993582969979846e-05,48.928466666666665,55.285700000000006
TRN-0189,28.0795,87.7125,35.8628,8.9414,18.1591,18.0504,22.5456,39.2104,35.0691,Valid,0,0,0,0,0,2462.9231437500002,22021.98099752625,68790.50582259375,2449.8478738134895,251.07004129999999,784.2725475000001,3.123720040466531,19.58503333333333,2.0939070599134904,22.5456,18.0504,4.4952000000000005,18.1591,0.10869999999999891,-4.386500000000002,-4.4952000000000005,0.10869999999999891,4.386500000000002,4.4952000000000005,0.22952219145969333,0.1069136272255445,-1.425933333333333,-1.534633333333332,2.9605666666666686,19.625366666666668,19.625366666666668,2.002059293471071,0.007951946602589306,0.0008893402157891244,0.0002847054706002185,55.447833333333335,58.4084
TRN-0470,13.4852,26.4721,36.3935,26.4129,8.1837,8.2053,10.4649,77.6793,15.044,Valid,0,0,0,0,0,356.98156292000004,9428.918323249669,18509.42282983549,1372.5730027928757,356.18323908,699.2049300900001,1.963048233393036,8.9513,1.0703131504377588,10.4649,8.1837,2.2812,8.2053,-0.021599999999999397,-2.2812,-2.2596000000000007,0.021599999999999397,2.2812,2.2596000000000007,0.25484563640525554,0.11957068033325646,-0.7675999999999998,-0.7460000000000004,1.5136000000000003,68.728,68.728,8.6779899368818,0.02507496438109055,0.0009493453747476727,0.00048360773222424407,45.344800000000006,46.8584
TRN-0003,31.005,101.7031,29.9077,29.4333,20.8706,20.494,25.705,51.6998,45.8035,Valid,0,0,0,0,0,3153.3046155,92812.16073939615,304443.943392836,9819.188310712714,912.5794665,2993.45785323,3.2802159883820035,22.35653333333333,2.372709934980581,25.705,20.494,5.2109999999999985,20.8706,0.3765999999999998,-4.834399999999999,-5.2109999999999985,0.3765999999999998,4.834399999999999,5.2109999999999985,0.23308621641908325,0.10613048961899689,-1.4859333333333318,-1.8625333333333316,3.348466666666667,29.343266666666672,29.343266666666672,2.312514060952471,0.007089874291354665,0.0002408793541168225,7.343398946981968e-05,52.26423333333333,55.6127
TRN-0442,30.6434,53.8376,32.1864,19.2467,17.7871,16.0427,22.9994,67.4393,22.3594,Valid,0,0,0,0,0,1649.76711184,31752.57267145093,55786.313087206596,1820.5000511270466,589.78432678,1036.19613592,1.7569068133135743,18.943066666666667,2.955346897103998,22.9994,16.0427,6.956700000000001,17.7871,1.7443999999999988,-5.212300000000003,-6.956700000000001,1.7443999999999988,5.212300000000003,6.956700000000001,0.36724252493915854,0.15601205407212895,-1.155966666666668,-2.9003666666666668,4.056333333333335,48.496233333333336,48.496233333333336,3.5601044765663876,0.011482267114694161,0.0005965836803863768,0.0003395647716800143,51.129466666666666,55.1858
TRN-0716,8.1937,31.9047,40.42,53.7509,6.1854,7.2116,7.7697,55.6906,14.421,Valid,0,0,0,0,0,261.41754039,14051.428071748851,54713.572281231376,6677.51633617475,440.41874933,1714.90633923,3.893808182651527,7.0555666666666665,0.6561307915008683,7.7697,6.1854,1.5843000000000007,7.2116,-1.0262000000000002,-1.5843000000000007,-0.5581000000000005,1.0262000000000002,1.5843000000000007,0.5581000000000005,0.22454607125162582,0.09299475570203847,-0.870166666666667,0.15603333333333325,0.7141333333333337,48.63503333333334,48.63503333333334,7.893142356653278,0.02698964510625821,0.0005021245264280388,0.00012895459704717567,47.475566666666666,48.1897
TRN-0678,22.2523,57.734,28.2572,33.8496,14.4608,13.6746,18.2936,45.7141,19.8362,Valid,0,0,0,0,0,1284.7142882,43487.064769854725,112827.98620469762,5070.396369557359,753.2314540800002,1954.2728064000003,2.5945182028591107,15.476333333333335,2.0177993315050493,18.2936,13.6746,4.6190000000000015,14.4608,0.7862000000000009,-3.8328000000000007,-4.6190000000000015,0.7862000000000009,3.8328000000000007,4.6190000000000015,0.2984556872780577,0.1303796679527051,-1.0155333333333338,-1.8017333333333347,2.817266666666667,30.237766666666666,30.237766666666666,2.953806697076825,0.012046517629200301,0.0003558836038919247,0.00013716750474583768,43.733533333333334,46.5508
TRN-0978,29.6916,34.0954,36.4183,7.569,16.4078,14.5572,21.9698,77.4425,20.8658,Valid,0,0,0,0,0,1012.34697864,7662.45428132616,8798.934503480039,296.34422554311027,224.73572040000002,258.06808259999997,1.1483180041386114,17.644933333333334,3.1500829463506017,21.9698,14.5572,7.412599999999999,16.4078,1.8506000000000018,-5.561999999999998,-7.412599999999999,1.8506000000000018,5.561999999999998,7.412599999999999,0.42009790798692487,0.1785261926648108,-1.2371333333333325,-3.0877333333333343,4.324866666666665,59.79756666666666,59.79756666666666,4.388936707670377,0.01742972882638326,0.002302778285285469,0.002005348866314358,54.063233333333336,58.3881
TRN-0350,21.452,28.3591,30.3015,6.641,11.9595,10.8367,15.791,59.1218,17.1638,Valid,0,0,0,0,0,608.3594132000001,4040.1148630612006,5340.948229211211,248.97202965873487,142.46273200000002,188.3327831,1.3219792410041376,12.8624,2.1209578700829175,15.791,10.8367,4.9543,11.9595,1.1227999999999998,-3.8315,-4.9543,1.1227999999999998,3.8315,4.9543,0.38517691992342645,0.16489595294711445,-0.9028999999999989,-2.0256999999999987,2.928600000000001,46.2594,46.2594,4.596482414130924,0.021142764786362695,0.003183671859039787,0.0024082615006907394,43.1639,46.0925
TRN-0924,16.0857,15.5071,28.7113,49.5399,8.8379,7.913,11.7744,40.6311,14.9855,Valid,0,0,0,0,0,249.44255846999997,12357.359402347953,11912.867204296359,740.587382812621,796.88396943,768.22018329,0.9640301035062133,9.508433333333334,1.6461700404946698,11.7744,7.913,3.8613999999999997,8.8379,0.9248999999999992,-2.9365000000000006,-3.8613999999999997,0.9248999999999992,2.9365000000000006,3.8613999999999997,0.4061026100231082,0.17312735018043487,-0.670533333333335,-1.5954333333333341,2.2659666666666656,31.122666666666667,31.122666666666667,4.273164074716402,0.03811872903139008,0.0007694551095404116,0.0007981649731733739,38.21973333333334,40.4857
TRN-0918,22.5775,45.7229,27.6436,22.427,13.627749999999999,12.7552,17.5525,48.2208,18.8499,Invalid,1,1,0,0,0,1032.30877475,23151.588891318253,46885.51804756308,2076.6478118000337,506.3455925,1025.4274783,2.0251532709488087,14.645150000000001,2.0864401728781963,17.5525,12.7552,4.797299999999998,13.627749999999999,0.8725499999999986,-3.9247499999999995,-4.797299999999998,0.8725499999999986,3.9247499999999995,4.797299999999998,0.32756917289552,0.14246627930829775,-1.017400000000002,-1.8899500000000007,2.9073499999999974,33.575649999999996,33.575649999999996,3.2926120051612986,0.014186792114946329,0.0006325764537422005,0.00031235977780667476,42.28875,45.1961
TRN-0552,31.7367,93.174,36.9449,26.5721,21.0587,20.5685,26.6096,49.686,40.9406,Valid,0,0,0,0,0,2957.0352858,78574.63731780618,230682.8768412996,7268.647010327243,843.3107660699999,2475.8288454,2.93584389883498,22.7456,2.739579774344963,26.6096,20.5685,6.0411,21.0587,0.4902000000000015,-5.550899999999999,-6.0411,0.4902000000000015,5.550899999999999,6.0411,0.26559421314037823,0.1204443784248639,-1.6868999999999978,-2.1770999999999994,3.8640000000000008,26.9404,26.9404,2.184422385673608,0.007692028600921598,0.0002894776326833396,9.860116325647109e-05,59.6905,63.5545
TRN-0999,17.3189,39.7274,22.4561,25.1758,10.7576,10.0099,13.8466,61.3193,15.8237,Valid,0,0,0,0,0,688.0348678600001,17321.82822626979,39734.11698643161,2294.263186008836,436.01716261999997,1000.1690769200001,2.2938753446307016,11.538033333333333,1.6606974164154316,13.8466,10.0099,3.8367000000000004,10.7576,0.7477,-3.0890000000000004,-3.8367000000000004,0.7477,3.0890000000000004,3.8367000000000004,0.3325263116019503,0.14393243844124157,-0.7804333333333329,-1.528133333333333,2.3085666666666675,49.78126666666667,49.78126666666667,5.314536101079956,0.01676954738129859,0.0006660978957849831,0.00029038101782865726,33.99413333333333,36.3027
TRN-0444,22.1475,17.4918,48.452,25.6791,11.9534,10.9397,16.1779,39.0296,21.4587,Valid,0,0,0,0,0,387.39964050000003,9948.07410836355,7856.8561999626845,354.75136449763266,568.72786725,449.17368138,0.7897866219759963,13.023666666666665,2.268448495239766,16.1779,10.9397,5.238200000000001,11.9534,1.0137,-4.224500000000001,-5.238200000000001,1.0137,4.224500000000001,5.238200000000001,0.4022062090394763,0.17417892972236465,-1.0702666666666651,-2.083966666666665,3.1542333333333357,26.00593333333334,26.00593333333334,2.9968209416072584,0.03361816912436834,0.0013091646205578864,0.0016576180514886987,61.47566666666666,64.62989999999999
TRN-0118,17.225,17.998,31.2125,18.4846,13.2507,2.3372,12.8889,33.3767,15.7524,Invalid,0,0,0,0,0,310.01555,5730.513435530001,5987.679582738401,347.6156304860824,318.397235,332.6858308,1.0448765721406923,9.492266666666668,5.061551742521479,13.2507,2.3372,10.913499999999999,12.8889,10.913499999999999,0.36180000000000057,-10.5517,10.913499999999999,0.36180000000000057,10.5517,1.1497252693710034,0.5332289311958381,3.7584333333333326,-7.155066666666667,3.396633333333332,23.884433333333334,23.884433333333334,3.5161987811623376,0.030618679082542757,0.0016564426157971845,0.0015852997031514803,40.704766666666664,44.4632
TRN-0950,13.3577,103.8261,34.66,27.5427,12.3709,14.5408,24.5374,70.1512,42.9187,Invalid,0,0,0,0,0,1386.8778959699998,38198.36182533291,296906.42361433466,22227.359604346188,367.90712378999996,2859.65112447,7.772752212375468,17.1497,5.298471475812624,24.5374,12.3709,12.166500000000001,14.5408,-2.1699,-12.166500000000001,-9.9966,2.1699,12.166500000000001,9.9966,0.709429278096452,0.3089541605309984,-4.778799999999999,-2.6088999999999984,7.387700000000002,53.00150000000001,53.00150000000001,4.090520295368415,0.012365688455680228,0.0004489642796193805,5.776129661047269e-05,51.80969999999999,59.1974
TRN-0642,26.0234,20.5917,25.5081,18.3233,14.0169,19.2132,18.5738,72.7639,17.9536,Invalid,0,0,0,0,0,535.8660457799999,9818.834316640672,7769.4110146241355,298.5547897687983,476.83456521999994,377.30789661,0.7912762824505528,17.267966666666666,2.313623988945097,19.2132,14.0169,5.196300000000001,18.5738,-5.196300000000001,-4.556899999999999,0.639400000000002,5.196300000000001,4.556899999999999,0.639400000000002,0.3009213417761207,0.13398357198752556,-3.2510666666666665,1.9452333333333343,1.3058333333333323,55.49593333333334,55.49593333333334,4.213807982769175,0.032224409011224475,0.00175865750536627,0.0022225580075428005,42.776066666666665,44.7213
TRN-0953,25.3769,64.1776,55.0,36.5896,16.4129,16.417,21.1623,46.4387,43.8394,Valid,0,0,0,0,0,1628.62853744,59590.86673351462,150703.9397592617,5938.626617933439,928.5306202399998,2348.23271296,2.528977040971236,17.9974,2.2379228777298517,21.1623,16.4129,4.749399999999998,16.417,-0.004100000000001103,-4.749399999999998,-4.745299999999997,0.004100000000001103,4.749399999999998,4.745299999999997,0.2638936588677442,0.12434700308838213,-1.5844999999999985,-1.5803999999999974,3.1648999999999994,28.4413,28.4413,2.5803003444775165,0.011050647569542781,0.00030201608042019015,0.00011942222631093838,72.9974,76.1623
TRN-0821,22.0135,69.1617,44.4028,12.3592,14.6651,15.0965,18.624,64.6883,28.3474,Valid,0,0,0,0,0,1522.49108295,18816.771792395637,59118.26495896288,2685.545791147118,272.0692492,854.7832826399999,3.1417855796767626,16.128533333333333,1.7733286785653188,18.624,14.6651,3.958899999999998,15.0965,-0.4314,-3.958899999999998,-3.527499999999998,0.4314,3.958899999999998,3.527499999999998,0.24545937765826734,0.10994977236712243,-1.4634333333333327,-1.0320333333333327,2.4954666666666654,48.55976666666666,48.55976666666666,4.010798418694916,0.010593515786962078,0.0008571360438666834,0.0002728181103463741,60.531333333333336,63.026799999999994
TRN-0487,21.9062,62.304,32.0312,24.7918,14.2662,14.1283,18.2479,36.3827,23.6253,Valid,0,0,0,0,0,1364.8438847999998,33836.936623184636,96236.52205178881,4393.117823203978,543.09412916,1544.6283071999999,2.8441261905704236,15.547466666666667,1.9103244477196952,18.2479,14.1283,4.119600000000002,14.2662,0.13790000000000013,-3.981700000000002,-4.119600000000002,0.13790000000000013,3.981700000000002,4.119600000000002,0.26496919551936476,0.12287045637762459,-1.2812666666666672,-1.4191666666666674,2.7004333333333346,20.835233333333335,20.835233333333335,2.3401045610793254,0.011391388296071354,0.0004594820990844147,0.00016155474382312346,47.57866666666666,50.2791
TRN-0871,29.6718,78.684,39.5392,15.528,18.6499,18.1576,23.9128,45.0982,32.4221,Valid,0,0,0,0,0,2334.6959112,36253.1581091136,96136.516579968,3239.996000915751,460.74371040000005,1221.805152,2.651810720892877,20.240099999999998,2.6047563916804206,23.9128,18.1576,5.755200000000002,18.6499,0.4923000000000002,-5.262900000000002,-5.755200000000002,0.4923000000000002,5.262900000000002,5.755200000000002,0.2843464071646679,0.12869285542006043,-1.5901999999999994,-2.0824999999999996,3.6727000000000025,24.8581,24.8581,2.228160817972203,0.008669266046269646,0.0005582989470468666,0.00021053498420606288,59.7793,63.452
TRN-0683,21.9239,53.253,38.5191,9.8962,17.3202,7.0374,17.6327,39.7699,20.5016,Invalid,0,0,0,0,0,1167.5134467,11553.94657123254,28064.4555374658,1280.0849418844666,216.96329918,527.0023386,2.428992905961398,13.996766666666666,4.92266881297353,17.6327,7.0374,10.5953,17.3202,10.2828,-0.3125,-10.5953,10.2828,0.3125,10.5953,0.7569819155627432,0.35170040185041274,3.323433333333334,-6.959366666666666,3.635933333333334,25.773133333333334,25.773133333333334,2.8413631594894664,0.011988527150792376,0.0012114273317054213,0.000498736440743786,52.51586666666667,56.1518
TRN-0555,28.8941,48.0674,24.3217,27.9187,16.9022,14.9453,22.1869,31.0964,20.6918,Valid,0,0,0,0,0,1388.86426234,38775.28468099176,64505.45678443361,2232.478414346015,806.68570967,1341.97932038,1.6635713981895472,18.011466666666667,3.058654066015894,22.1869,14.9453,7.241600000000002,16.9022,1.956900000000001,-5.284700000000001,-7.241600000000002,1.956900000000001,5.284700000000001,7.241600000000002,0.4020549648711767,0.1698170367135856,-1.1092666666666666,-3.0661666666666676,4.175433333333334,13.084933333333332,13.084933333333332,1.7264778515272943,0.012968485936380796,0.000464508947242666,0.0002792239225059476,42.33316666666667,46.5086
TRN-0085,11.2378,16.8026,28.0457,14.052,6.7369,6.2907,9.02,61.471,12.9026,Valid,0,0,0,0,0,188.82425828,2653.35847735056,3967.264157711521,353.02851133522665,157.9135656,236.11013520000003,1.4951857574270984,7.3492,1.1953947994979173,9.02,6.2907,2.7292999999999994,6.7369,0.44620000000000015,-2.2830999999999992,-2.7292999999999994,0.44620000000000015,2.2830999999999992,2.7292999999999994,0.37137370443399215,0.16265643020212908,-0.6122999999999994,-1.0584999999999996,1.6707999999999998,54.12179999999999,54.12179999999999,8.364310623699092,0.03892084644220509,0.0027697727464886593,0.0018524604629268893,35.3949,37.0657
TRN-0685,31.8763,87.9656,35.5841,42.6868,20.5022,19.7731,25.75,52.2359,37.7807,Valid,0,0,0,0,0,2804.01785528,119694.54938476629,330308.1867519316,10362.186840685548,1360.69724284,3754.9699740799997,2.7595924633789846,22.008433333333333,2.66237832815365,25.75,19.7731,5.9769000000000005,20.5022,0.729099999999999,-5.247800000000002,-5.9769000000000005,0.729099999999999,5.247800000000002,5.9769000000000005,0.2715731573393916,0.12097081908826605,-1.5062333333333342,-2.235333333333333,3.7415666666666674,30.22746666666667,30.22746666666667,2.3734491608467136,0.00784889200475036,0.00018387164199433888,6.662999651835907e-05,57.592533333333336,61.3341
TRN-0888,29.1316,87.2646,32.8035,33.0805,21.8279,24.0598,24.2703,61.1365,35.2834,Invalid,0,0,0,0,0,2542.1574213599997,84095.83857729947,251911.6600225394,8647.36751071592,963.6878938,2886.7566003,2.995530523708601,23.385999999999996,1.1050895197524344,24.2703,21.8279,2.4423999999999992,24.0598,-2.2318999999999996,-2.4423999999999992,-0.2104999999999997,2.2318999999999996,2.4423999999999992,0.2104999999999997,0.1044385485145579,0.047254317647229836,-1.558099999999996,0.6738000000000035,0.8843000000000032,37.7505,37.7505,2.614234900614261,0.009199272946004153,0.00027808748203665153,9.283413081321735e-05,56.189499999999995,57.0738
TRN-0609,28.7022,49.8082,35.574,32.2327,16.4982,15.1114,21.3608,42.7087,21.5634,Valid,0,0,0,0,0,1429.60491804,46080.02644170791,79964.71256607075,2786.0132596127646,925.1494019400001,1605.45276814,1.7353442685458162,17.6568,2.6796163357217146,21.3608,15.1114,6.249400000000001,16.4982,1.386800000000001,-4.8626000000000005,-6.249400000000001,1.386800000000001,4.8626000000000005,6.249400000000001,0.3539372732353953,0.15176114493909257,-1.1585999999999999,-2.5454000000000008,3.7040000000000006,25.0519,25.0519,2.418824338565066,0.012350824878146607,0.0003831768634497857,0.00022080739657746263,53.2308,56.934799999999996
TRN-0182,28.9134,69.877,35.6098,49.2626,18.3843,17.4357,23.2013,41.1466,28.8087,Valid,0,0,0,0,0,2020.3816517999999,99529.25315996267,240539.18332187535,8319.297453864918,1424.34925884,3442.3227002,2.4167686118972997,19.673766666666666,2.5242264892217747,23.2013,17.4357,5.765599999999999,18.3843,0.948599999999999,-4.817,-5.765599999999999,0.948599999999999,4.817,5.765599999999999,0.2930602870627915,0.1283041729469328,-1.2894666666666659,-2.238066666666665,3.5275333333333343,21.472833333333334,21.472833333333334,2.0914448466175,0.009737648646433335,0.00019766818339176593,8.179027797004949e-05,55.283566666666665,58.811099999999996
TRN-0211,29.5815,96.4859,33.6394,22.865,19.5361,19.4533,24.3634,21.8384,41.8311,Valid,0,0,0,0,0,2854.1976508499997,65261.22928668524,212862.37827129062,7195.793691175124,676.3809974999999,2206.1501034999997,3.2616972343627864,21.1176,2.295376104258297,24.3634,19.4533,4.9101,19.5361,0.08280000000000243,-4.8272999999999975,-4.9101,0.08280000000000243,4.8272999999999975,4.9101,0.23251220628706828,0.10869492724378575,-1.5814999999999984,-1.6643000000000008,3.245799999999999,0.7208000000000006,0.7208000000000006,1.034132617620723,0.007398786831147537,0.00032358569138974037,9.920776123710624e-05,54.757000000000005,58.0028
TRN-0574,26.7868,108.7878,45.2297,26.2494,19.1576,20.2134,23.4315,52.4351,56.3026,Valid,0,0,0,0,0,2914.07704104,76492.77388107538,310656.01663579274,11597.354108681837,703.13742792,2855.6144773200003,4.061246432524735,20.934166666666666,1.8177245378647329,23.4315,19.1576,4.273900000000001,20.2134,-1.0558000000000014,-4.273900000000001,-3.2180999999999997,1.0558000000000014,4.273900000000001,3.2180999999999997,0.2041590603482795,0.0868305139620661,-1.7765666666666675,-0.7207666666666661,2.4973333333333336,31.500933333333332,31.500933333333332,2.5047616334654688,0.007183806867374962,0.00027367508856378643,6.738696675925675e-05,66.16386666666666,68.66120000000001
TRN-0648,12.2535,84.2097,34.1778,23.3351,10.7455,12.535,12.8661,49.7019,27.754,Valid,0,0,0,0,0,1031.86355895,24078.639334454147,165475.57797874755,13504.350958860456,285.93664785000004,1965.04177047,6.872297150014514,12.048866666666667,0.931479219068013,12.8661,10.7455,2.1205999999999996,12.535,-1.7895000000000003,-2.1205999999999996,-0.3310999999999993,1.7895000000000003,2.1205999999999996,0.3310999999999993,0.17599994112863107,0.07730844464704026,-1.3033666666666672,0.4861333333333331,0.8172333333333324,37.65303333333333,37.65303333333333,4.125026631133222,0.011676802180368213,0.000500396492459835,7.281356447741987e-05,46.22666666666667,47.043899999999994
TRN-0966,10.2322,24.649,29.244,29.8759,6.378,6.8095,8.3687,35.6748,13.3057,Valid,0,0,0,0,0,252.21349780000003,7535.105238923021,18151.796195755902,1773.9874535064257,305.69618398000006,736.4110591000001,2.408963623759932,7.1854000000000005,0.8550622706368625,8.3687,6.378,1.9907000000000004,6.8095,-0.4314999999999998,-1.9907000000000004,-1.5592000000000006,0.4314999999999998,1.9907000000000004,1.5592000000000006,0.2770478641345139,0.11899993760081899,-0.8074000000000003,-0.37590000000000057,1.1833,28.489399999999996,28.489399999999996,4.964900358379441,0.0284893553841774,0.0009535898665263242,0.0003958506321971695,36.4294,37.612700000000004
TRN-0064,29.9458,73.9712,26.1227,21.0852,18.5312,17.6543,23.3809,46.6224,26.9808,Valid,0,0,0,0,0,2215.12676096,46706.39078019379,115372.69913242827,3852.7170848570145,631.41318216,1559.6975462399998,2.4701693569659398,19.85546666666667,2.518431859091862,23.3809,17.6543,5.726600000000001,18.5312,0.8768999999999991,-4.849700000000002,-5.726600000000001,0.8768999999999991,4.849700000000002,5.726600000000001,0.28841425929311193,0.12683820403383406,-1.32426666666667,-2.201166666666669,3.525433333333332,26.76693333333333,26.76693333333333,2.3480887372030836,0.008963580327609808,0.00042511241683571536,0.0001720984844404469,45.97816666666667,49.5036
TRN-0499,16.3503,36.5196,38.889,45.5942,10.4687,9.9585,24.1552,37.4683,17.1232,Invalid,0,0,0,0,0,597.10641588,27224.589346915895,60808.12664682786,3719.0830093481372,745.4788482600001,1665.0819463199998,2.233573559287991,14.8608,6.57543304175981,24.1552,9.9585,14.1967,10.4687,0.5101999999999993,-13.6865,-14.1967,0.5101999999999993,13.6865,14.1967,0.9553118973869579,0.442468278914428,-4.392099999999999,-4.9022999999999985,9.294400000000001,22.6075,22.6075,2.5212840142331494,0.02488802595297944,0.0005458594732169074,0.00024438838719809244,53.7498,63.044200000000004
TRN-0334,14.8769,107.2819,28.9216,39.1291,13.3181,15.2609,15.5173,60.8696,45.5134,Valid,0,0,0,0,0,1596.02209811,62450.908279156,450352.7009601184,30271.9431257974,582.11970779,4197.84419329,7.211306978516561,14.698766666666666,0.9818742530939945,15.5173,13.3181,2.199200000000001,15.2609,-1.9428,-2.199200000000001,-0.25640000000000107,1.9428,2.199200000000001,0.25640000000000107,0.14961798498164355,0.06679976684852659,-1.3806666666666665,0.5621333333333336,0.8185333333333347,46.170833333333334,46.170833333333334,4.141136276208915,0.009209626028902252,0.00023536513833758365,3.263834464697859e-05,43.62036666666667,44.438900000000004
TRN-0352,10.5874,42.421,34.8628,33.0266,7.567,8.2445,9.545,51.1579,15.1699,Valid,0,0,0,0,0,449.1280954,14833.17395553764,59432.7287500106,5613.533363854888,349.66582484,1401.0213986,4.00674348690486,8.452166666666667,0.8207578137848514,9.545,7.567,1.9779999999999998,8.2445,-0.6775000000000002,-1.9779999999999998,-1.3004999999999995,0.6775000000000002,1.9779999999999998,1.3004999999999995,0.23402280669380945,0.09710619170768754,-0.8851666666666667,-0.20766666666666644,1.092833333333333,42.70573333333333,42.70573333333333,6.0526366747023435,0.018819055709084483,0.0005698151111442619,0.000142214009760118,43.31496666666666,44.4078
TRN-0448,30.1259,65.5198,38.2584,11.9638,18.4846,17.4073,23.6323,39.9026,28.5721,Valid,0,0,0,0,0,1973.8429428200002,23614.66219930992,51358.729344728155,1704.803097664304,360.42024242,783.8657832400002,2.174866072885256,19.8414,2.7164113495566173,23.6323,17.4073,6.225000000000001,18.4846,1.077300000000001,-5.1477,-6.225000000000001,1.077300000000001,5.1477,6.225000000000001,0.31373792606681355,0.13690622701273045,-1.3567999999999998,-2.434100000000001,3.7909000000000006,20.0612,20.0612,2.0110777459716678,0.010052167555743173,0.0008402152794605548,0.00038632965131272937,58.0998,61.8907
TRN-0701,8.0832,102.2184,27.279,41.7623,9.837,12.5588,11.2025,50.148,38.0511,Valid,0,0,0,0,0,826.25177088,34506.17433102182,436357.6220108524,53983.26999549466,337.57302336000004,4268.87548632,12.64578228352852,11.199433333333333,1.1111723128700106,12.5588,9.837,2.7218,11.2025,-2.7218,-1.3655000000000008,1.3562999999999992,2.7218,1.3655000000000008,1.3562999999999992,0.24303013161111145,0.09921682468933124,-1.3624333333333336,1.3593666666666664,0.003066666666667217,38.94856666666667,38.94856666666667,4.477726151823799,0.013554504467628391,0.00032456317021908247,2.5665721803363237e-05,38.478433333333335,39.8378
TRN-0077,28.6141,92.9727,24.1137,57.8035,1.0,18.8709,24.1812,38.1393,36.4665,Invalid,0,0,0,0,0,2660.3301350700003,153776.39296251876,499648.9999680705,17461.635435202752,1653.99512935,5374.14746445,3.2491917184467893,14.684033333333332,9.915960122393036,24.1812,1.0,23.1812,18.8709,-17.8709,-23.1812,-5.310300000000002,17.8709,23.1812,5.310300000000002,1.5786669707913834,0.6752885410982334,-13.684033333333332,4.186866666666667,9.497166666666669,23.455266666666667,23.455266666666667,2.5973311648708353,0.005519628234947362,9.54895159806285e-05,2.9388697534153597e-05,38.79773333333333,48.2949
TRN-0900,14.0411,33.1688,32.8892,5.0829,8.7505,8.8766,11.533,55.739,15.1575,Valid,0,0,0,0,0,465.72643767999995,2367.240910083672,5592.050501626176,398.2629639674393,71.36950719000001,168.59369352,2.3622648964636035,9.720033333333333,1.282994259102077,11.533,8.7505,2.782499999999999,8.8766,-0.1260999999999992,-2.782499999999999,-2.6563999999999997,0.1260999999999992,2.782499999999999,2.6563999999999997,0.2862644209452894,0.13199482790942926,-0.9695333333333327,-0.8434333333333335,1.8129666666666662,46.018966666666664,46.018966666666664,5.7344447651642385,0.02087069259130456,0.004106060049834012,0.0017381876878201558,42.609233333333336,44.422200000000004
TRN-0034,11.1801,81.6207,24.0033,51.6781,10.9195,12.251,12.6476,57.4131,23.8279,Valid,0,0,0,0,0,912.52758807,47157.691949040265,344276.3327040931,30793.66927938246,577.76632581,4218.00269667,7.300533331496737,11.939366666666666,0.7391070753881941,12.6476,10.9195,1.7281000000000013,12.251,-1.3315000000000001,-1.7281000000000013,-0.3966000000000012,1.3315000000000001,1.7281000000000013,0.3966000000000012,0.1447396586022438,0.06190504355198773,-1.0198666666666671,0.311633333333333,0.7082333333333342,45.473733333333335,45.473733333333335,4.808722002949179,0.013083841858233174,0.0002531796229407379,3.467960336644436e-05,35.94266666666667,36.6509
TRN-0239,16.2927,22.5266,18.0,56.5085,9.3918,8.2446,12.2663,53.6154,14.4998,Valid,0,0,0,0,0,367.01913582,20739.700836484466,28675.108782654253,1759.99723941747,920.6760379499999,1272.9443760999998,1.3826191249689046,9.967566666666668,1.6915768114067087,12.2663,8.2446,4.021699999999999,9.3918,1.1471999999999998,-2.8744999999999994,-4.021699999999999,1.1471999999999998,2.8744999999999994,4.021699999999999,0.40347857516425845,0.1697080840558168,-0.5757666666666683,-1.722966666666668,2.298733333333331,43.64783333333333,43.64783333333333,5.378985304438866,0.02715816606466256,0.00048060320371890385,0.0003476034473615844,27.96756666666667,30.2663
TRN-0535,26.1926,94.0394,24.7273,10.6431,17.7601,8.933,21.8885,29.1698,35.5601,Invalid,0,0,0,0,0,2463.13638844,26215.40689580576,94121.28369224271,3593.430209250418,278.77046106,1000.8707381400001,3.5903039946281012,16.19386666666667,5.403767833856505,21.8885,8.933,12.9555,17.7601,8.827100000000002,-4.128399999999999,-12.9555,8.827100000000002,4.128399999999999,12.9555,0.800025062985262,0.3336922312252544,1.566233333333333,-7.260866666666669,5.694633333333332,12.97593333333333,12.97593333333333,1.801286795744471,0.006574490448881877,0.0006177232621416921,0.00017205318532889158,40.921166666666664,46.6158
TRN-0373,22.3964,35.4825,35.1415,9.346,13.1843,12.0804,17.3384,57.9593,18.6685,Valid,0,0,0,0,0,794.6802630000001,7427.081737998001,11766.686957212502,525.3829379645641,209.3167544,331.61944500000004,1.5842947266393381,14.201033333333333,2.263765447704824,17.3384,12.0804,5.258000000000001,13.1843,1.1039000000000012,-4.1541,-5.258000000000001,1.1039000000000012,4.1541,5.258000000000001,0.37025472064793036,0.15940849057671863,-1.0167333333333328,-2.120633333333334,3.137366666666667,43.758266666666664,43.758266666666664,4.0813435584727245,0.01787012208136747,0.0019120609995130087,0.001206884604287173,49.342533333333336,52.4799
TRN-0539,9.3981,58.666,37.814,54.2995,7.9371,9.6094,9.7017,51.1548,16.8214,Valid,0,0,0,0,0,551.3489345999999,29937.971474312697,186882.565041022,19885.14116213712,510.31213095,3185.534467,6.242324912234929,9.082733333333335,0.8109610033095854,9.7017,7.9371,1.7646000000000006,9.6094,-1.6723000000000008,-1.7646000000000006,-0.09229999999999983,1.6723000000000008,1.7646000000000006,0.09229999999999983,0.19428070174022122,0.08928599841717107,-1.1456333333333353,0.5266666666666655,0.6189666666666653,42.072066666666665,42.072066666666665,5.632092508999584,0.016473657146810563,0.0003033850620381242,4.860128782634705e-05,46.89673333333334,47.5157
TRN-0141,16.714,29.6168,30.5975,6.9082,9.8028,9.156,12.851,54.5636,15.9219,Valid,0,0,0,0,0,495.0151952,3419.6639714806397,6059.561081162368,362.5440181056809,115.46365479999999,204.59877776000002,1.7719754833088739,10.603266666666668,1.6111727433422183,12.851,9.156,3.6950000000000003,9.8028,0.6467999999999989,-3.0482000000000014,-3.6950000000000003,0.6467999999999989,3.0482000000000014,3.6950000000000003,0.3484774803540909,0.15195058674291867,-0.8004666666666687,-1.4472666666666676,2.2477333333333327,43.96033333333333,43.96033333333333,5.1459230979833475,0.021420083157169686,0.003100675023041814,0.001749840710060615,41.20076666666667,43.4485
